Year,Sex,agecat,AgeGroup,D_North,P_North,D_South,P_South,irr,lo,hi,excess,excess_lo,excess_hi
1981,Female,0,<1,1432,148976,1252,143088,1.0985645821373806,1.0183347655465025,1.1851153294162644,9.856458213738062,1.5254176915604267,18.187498735915696
1981,Female,1,01-04,274,559396,211,528426,1.2266846445314628,1.0251060950834894,1.4679019316597925,22.668464453146274,0.6471438136778973,44.689785092614656
1981,Female,2,05-09,158,762082,122,702397,1.1936532925913355,0.9425118177275155,1.5117138651369728,19.365329259133546,-8.831795674102683,47.56245419236977
1981,Female,3,10-14,159,939503,170,843768,0.839988001165322,0.6766472676637394,1.0427587249969532,-16.001199883467798,-34.1648898296939,2.1624900627583044
1981,Female,4,15-19,297,971749,308,929378,0.9222401346144206,0.7863552225483338,1.0816064311715643,-7.7759865385579445,-22.476218711113816,6.924245633997939
1981,Female,5,20-24,279,873063,301,875464,0.9294593838092378,0.789750244468826,1.0938834805072968,-7.054061619076224,-22.193687213241432,8.085563975088972
1981,Female,6,25-29,324,776183,341,805280,0.9857650531464027,0.8467091679608043,1.1476582240688735,-1.4234946853597275,-16.413114473623637,13.56612510290418
1981,Female,7,30-34,518,859037,491,886298,1.08846925634416,0.9620594370414843,1.2314886964258542,8.846925634416003,-4.590380003351058,22.284231272183064
1981,Female,8,35-39,676,736197,659,755920,1.053278147619585,0.946118038087783,1.172575526088862,5.327814761958494,-5.973363434233447,16.628992958150434
1981,Female,9,40-44,1156,663318,978,651985,1.1618091723808444,1.0669716955130473,1.265076251511263,16.180917238084437,6.287650116494903,26.074184359673968
1981,Female,10,45-49,1917,643319,1643,633143,1.148312205370877,1.0750835757793755,1.22652875619256,14.831220537087697,7.264438692658359,22.398002381517035
1981,Female,11,50-54,3409,674599,2854,660074,1.168745537909545,1.112046842761946,1.2283350663456554,16.874553790954504,11.062538368908804,22.686569213000208
1981,Female,12,55-59,5839,706935,4595,691076,1.2422222004163892,1.1951241765892004,1.2911762856402749,24.22222004163892,19.42081019747297,29.02362988580487
1981,Female,13,60-64,8121,651496,6754,643673,1.187960479106734,1.1502283631603576,1.2269303601955723,18.796047910673398,14.961613900920213,22.630481920426583
1981,Female,14,65-69,12605,633452,10805,650791,1.1985217104829096,1.1681162972313166,1.2297185596190898,19.852171048290955,16.772396872859964,22.93194522372195
1981,Female,15,70-74,18599,566086,16629,594919,1.1754357247473974,1.151103226656587,1.2002825732888265,17.543572474739744,15.084784461067846,20.00236048841164
1981,Female,16,75-79,23882,437339,22294,465326,1.1397820390291074,1.1191662897299446,1.1607775434397902,13.978203902910735,11.897756744136379,16.05865106168509
1981,Female,17,80-84,25754,271344,25192,298457,1.1244589102716316,1.1050975878739433,1.1441594432594981,12.445891027163158,10.492896448783595,14.398885605542722
1981,Female,18,85+,31926,174227,37851,217992,1.0553396343658472,1.0397382394127248,1.07117513009093,5.533963436584721,3.962177012513002,7.105749860656441
1982,Female,0,<1,1454,144527,1207,140508,1.171141041070185,1.0850843926031557,1.264022731714451,17.114104107018502,8.175867005958182,26.052341208078822
1982,Female,1,01-04,233,573761,203,548425,1.0970997149625894,0.9089093909947118,1.3242549768946088,9.709971496258941,-10.935244870557682,30.35518786307556
1982,Female,2,05-09,119,721348,111,667126,0.9914869843032117,0.7655328875232604,1.284133518055823,-0.8513015696788306,-26.49449076968593,24.79188763032827
1982,Female,3,10-14,172,913197,159,825271,0.9776050374906877,0.7879831330049486,1.2128579525333152,-2.2394962509312277,-23.319501438023572,18.840508936161115
1982,Female,4,15-19,274,971523,265,934295,0.9943416404808796,0.8398396278933645,1.177266784224363,-0.5658359519120415,-17.35727288023412,16.225600976410036
1982,Female,5,20-24,307,894000,301,896231,1.0224788252432235,0.8721840294369037,1.1986724278197693,2.2478825243223532,-14.007969913503871,18.503734962148567
1982,Female,6,25-29,321,778895,332,809973,1.0054455930269457,0.8624376656943007,1.1721668483988001,0.5445593026945694,-14.88131111526565,15.970429720654788
1982,Female,7,30-34,501,812234,498,840651,1.041221079948146,0.9197717560968071,1.1787069239102363,4.1221079948146055,-8.791518861184834,17.035734850814045
1982,Female,8,35-39,777,796335,683,821344,1.1733554640020363,1.0587226956858997,1.3004000485807001,17.335546400203626,5.27293775185067,29.398155048556585
1982,Female,9,40-44,1051,660950,954,655456,1.092519702359684,1.0008399015641791,1.1925976354246628,9.251970235968399,-0.3236517273318751,18.82759219926866
1982,Female,10,45-49,1810,642236,1565,633066,1.1400360286775237,1.065458683494181,1.2198334546587024,14.003602867752374,6.29074944170489,21.716456293799858
1982,Female,11,50-54,3179,666816,2749,653838,1.1339135199230104,1.0774822633839845,1.1933002652183635,13.391351992301036,7.60296620508929,19.179737779512784
1982,Female,12,55-59,5785,687399,4344,672672,1.3031907875904607,1.2529062938480424,1.355493413353882,30.31907875904607,25.19104626769211,35.447111250400035
1982,Female,13,60-64,8675,675419,7053,667271,1.215135130132696,1.17754361786689,1.2539267013797482,21.513513013269602,17.694987341825907,25.332038684713297
1982,Female,14,65-69,12366,614295,10540,629926,1.2030984989457298,1.1722405572621228,1.2347687419603648,20.309849894572984,17.18379242408443,23.43590736506154
1982,Female,15,70-74,18740,565053,16450,594972,1.1995297597954566,1.1746715621489061,1.2249140023469374,19.952975979545663,17.4410375656294,22.46491439346192
1982,Female,16,75-79,24468,442091,22255,472994,1.1762911543872576,1.1551276894133198,1.1978423619924283,17.629115438725762,15.493499136219535,19.76473174123199
1982,Female,17,80-84,25875,279228,25612,308348,1.1156270492163352,1.0965190180014763,1.1350680585655573,11.562704921633514,9.635348767923269,13.490061075343762
1982,Female,18,85+,33545,180468,38596,223935,1.078468016959064,1.062804248568534,1.094362640317028,7.846801695906391,6.268938400520496,9.424664991292286
1983,Female,0,<1,1381,145672,1133,140592,1.1763817946538855,1.0874971358503878,1.2725312841499592,17.638179465388546,8.395982735826578,26.880376194950518
1983,Female,1,01-04,229,583533,215,563214,1.028028234907023,0.8534358632604799,1.2383379903071723,2.802823490702311,-16.33161085350864,21.937257834913247
1983,Female,2,05-09,141,693170,103,646039,1.2758536656763753,0.9896176531974028,1.6448802938796607,27.585366567637525,-4.827965730663653,59.998698865938714
1983,Female,3,10-14,161,883048,141,801995,1.0370366684805001,0.8272075505670263,1.3000909518245438,3.7036668480500134,-19.74030338745386,27.1476370835539
1983,Female,4,15-19,296,963446,287,931383,0.9970357782420406,0.8476073474319248,1.1728076049677598,-0.29642217579594066,-16.485208390779594,15.892364039187722
1983,Female,5,20-24,288,916122,268,921735,1.0812110112297826,0.9155127668956554,1.2768989063565583,8.121101122978258,-9.865134822076726,26.10733706803323
1983,Female,6,25-29,324,786501,336,820462,1.0059234326647846,0.8635486331735308,1.1717718186472594,0.5923432664784567,-14.759156853940913,15.943843386897827
1983,Female,7,30-34,445,784575,432,815773,1.0710534041194748,0.9382480815508534,1.222656797315006,7.105340411947481,-7.073643671691943,21.284324495586905
1983,Female,8,35-39,730,828537,757,858402,0.9990927188717608,0.9025060504308359,1.106016142967746,-0.09072811282392346,-10.248722762959428,10.067266537311582
1983,Female,9,40-44,1036,669251,912,670409,1.1379304638725873,1.0410342225218956,1.243845507280667,13.793046387258734,3.665855992103584,23.920236782413884
1983,Female,10,45-49,1833,647236,1512,640620,1.1999095273704534,1.1209247528447552,1.2844598803090137,19.99095273704534,11.820511590528904,28.16139388356178
1983,Female,11,50-54,3201,656673,2581,645829,1.2197365897878039,1.1581035417315309,1.2846496836049486,21.973658978780385,15.649186199419063,28.298131758141707
1983,Female,12,55-59,5480,674720,4252,660677,1.261981263514543,1.2124300776266876,1.3135575723915107,26.19812635145431,21.143103521222038,31.25314918168658
1983,Female,13,60-64,8807,703758,7303,694865,1.190703932579534,1.1543355048668231,1.2282181818742013,19.070393257953413,15.376851774795641,22.76393474111118
1983,Female,14,65-69,11853,581450,9784,595103,1.239914118297737,1.2071594413976412,1.2735575500897196,23.99141182977369,20.67190294941885,27.310920710128528
1983,Female,15,70-74,18006,565293,16338,594585,1.1592008614547968,1.1349100720585816,1.1840115532327231,15.920086145479683,13.46519558737931,18.37497670358006
1983,Female,16,75-79,23850,448861,22494,480834,1.13580817223565,1.115304552947173,1.1566887274945,13.580817223564988,11.51172293856282,15.649911508567161
1983,Female,17,80-84,26232,288011,25815,319165,1.1260701836088396,1.1068860721225247,1.1455867865256535,12.60701836088396,10.672077860488605,14.541958861279314
1983,Female,18,85+,33534,183425,39607,232909,1.0750809208308623,1.0595572479407032,1.0908320325125251,7.508092083086226,5.944407988315903,9.071776177856549
1984,Female,0,<1,1328,145858,1105,141039,1.1621033759419765,1.0729625086777341,1.2586499951801753,16.210337594197654,6.935811827544436,25.484863360850873
1984,Female,1,01-04,223,585322,181,567516,1.194564351895385,0.9818583236161978,1.4533501998166491,19.456435189538503,-3.9677549883826213,42.88062536745962
1984,Female,2,05-09,122,687568,116,649191,0.9930215554353696,0.7701426273005931,1.2804015446016872,-0.697844456463037,-25.93813301915626,24.54244410623019
1984,Female,3,10-14,154,844304,120,770043,1.1704573826489038,0.9219486002602171,1.4859510434862122,17.045738264890375,-10.888444778896522,44.97992130867728
1984,Female,4,15-19,252,945255,277,920548,0.8859683900550817,0.7469930232158963,1.0507996243358884,-11.403160994491834,-26.520034523046697,3.7137125340630295
1984,Female,5,20-24,249,934940,319,955822,0.7979982622390802,0.6761151547863373,0.941853206555961,-20.20017377609198,-33.42643724769736,-6.973910304486597
1984,Female,6,25-29,314,802401,360,839505,0.9125548406179288,0.7843870087473598,1.0616651319418176,-8.74451593820712,-22.555636562455696,5.066604686041454
1984,Female,7,30-34,462,770248,423,806971,1.1442711718307397,1.0028745354806983,1.305603511066609,14.427117183073968,-0.6655325075596963,29.51976687370763
1984,Female,8,35-39,747,841832,717,876164,1.0843298681802997,0.9787194992878955,1.2013363010376141,8.432986818029974,-2.678397053518855,19.544370689578816
1984,Female,9,40-44,1038,684059,907,693329,1.159940924197959,1.0610746724815594,1.2680190966037768,15.994092419795901,5.660545278024132,26.327639561567672
1984,Female,10,45-49,1738,654907,1485,649913,1.1614456991886155,1.0837237526679242,1.2447416685690016,16.14456991886155,8.100107606911845,24.189032230811257
1984,Female,11,50-54,3039,644987,2421,635969,1.2377156890296988,1.173362829979777,1.3055979682743701,23.771568902969875,17.162952500516315,30.380185305423435
1984,Female,12,55-59,5268,665220,4207,652332,1.2279385663133353,1.1791696916164358,1.2787244561659936,22.793856631333533,17.81748069733391,27.770232565333153
1984,Female,13,60-64,9118,725924,7360,716214,1.2222876524923079,1.1853183795038535,1.2604099719271245,22.228765249230786,18.474775831207225,25.982754667254348
1984,Female,14,65-69,11142,552635,9224,563561,1.2318175982885307,1.19829508409668,1.2662779106677036,23.181759828853068,19.783049736129254,26.580469921576878
1984,Female,15,70-74,17934,565827,15756,594957,1.1968317580339654,1.1714898613611,1.2227218555476234,19.683175803396537,17.121771630114345,22.244579976678725
1984,Female,16,75-79,23747,454537,21667,488872,1.1787885034326566,1.1572809669520792,1.2006957476235247,17.87885034326566,15.708233978332785,20.049466708198537
1984,Female,17,80-84,25808,296400,25359,328884,1.1292413508815033,1.1098397852347313,1.1489820832751825,12.924135088150335,10.967118149895372,14.881152026405298
1984,Female,18,85+,33558,191133,38893,240274,1.0846652534550156,1.0689408899546917,1.1006209259171482,8.466525345501562,6.882579844038639,10.050470846964487
1985,Female,0,<1,1315,151172,1147,147406,1.1179081889458364,1.032798341923454,1.2100316859385343,11.790818894583644,2.93840629232458,20.643231496842706
1985,Female,1,01-04,255,582618,187,566994,1.3270678838683947,1.0988563891322396,1.6026745494792785,32.70678838683947,7.66476299550225,57.74881377817669
1985,Female,2,05-09,126,692962,108,663758,1.1174989874384647,0.8642209467514244,1.4450054602589804,11.749898743846465,-16.972055635398142,40.47185312309107
1985,Female,3,10-14,141,810255,130,740640,0.991428054700728,0.7811966691528358,1.2582357637464097,-0.8571945299271966,-24.484853204112987,22.770464144258607
1985,Female,4,15-19,244,922497,257,904721,0.931121621776261,0.7814867784775504,1.10940773205181,-6.887837822373899,-23.20031327197787,9.42463762723007
1985,Female,5,20-24,275,949202,301,988315,0.9512681157505406,0.8077850272145743,1.1202374363930983,-4.8731884249459405,-20.426420733656904,10.680043883765023
1985,Female,6,25-29,315,825345,285,868267,1.1627422790660746,0.9905920359121625,1.3648096880597684,16.274227906607464,-2.3568273552128094,34.90528316842774
1985,Female,7,30-34,445,760332,412,802969,1.140665496329682,0.997610686853668,1.3042339979542452,14.066549632968206,-1.2188280368205073,29.35192730275691
1985,Female,8,35-39,776,851165,734,889849,1.1052695895516564,0.9991723129951359,1.222632822886911,10.526958955165643,-0.6271241360524926,21.68104204638377
1985,Female,9,40-44,1070,700994,958,718089,1.1441480952698824,1.0486258909723443,1.2483716787651056,14.414809526988236,4.440159996614512,24.38945905736196
1985,Female,10,45-49,1724,658114,1508,654546,1.1370379591825976,1.0611142497661314,1.218394080474436,13.703795918259765,5.846060354251925,21.561531482267604
1985,Female,11,50-54,2854,635544,2406,628221,1.1725332648829319,1.110621522660845,1.2378962852828368,17.253326488293187,10.892708397933237,23.613944578653133
1985,Female,12,55-59,5193,660031,4126,647944,1.2355554418563925,1.1860693285649169,1.2871062535172795,23.555544185639256,18.505104465209165,28.605983906069344
1985,Female,13,60-64,9095,695542,7342,685556,1.2209781710081358,1.1840033287326526,1.2591076882141026,22.09781710081358,18.343190897640227,25.852443303986927
1985,Female,14,65-69,11416,576190,9505,583150,1.2155600048602384,1.1829242011077319,1.2490962007812159,21.55600048602384,18.247808900707074,24.864192071340607
1985,Female,15,70-74,18300,565077,16114,593797,1.1933781961256762,1.1683756159625425,1.2189158174230763,19.33781961256762,16.810998349916282,21.864640875218953
1985,Female,16,75-79,24218,457300,22873,493144,1.1417938435649806,1.1213452353288922,1.1626153481808983,14.179384356498058,12.115991025989171,16.24277768700695
1985,Female,17,80-84,27056,302854,27300,336384,1.1007861576502571,1.0824324548089737,1.119451065506218,10.078615765025711,8.227772438487735,11.929459091563688
1985,Female,18,85+,36526,200531,42716,249549,1.0641083504809854,1.0493481014130777,1.0790762188815564,6.41083504809854,4.92447750849847,7.897192587698609
1986,Female,0,<1,1322,151487,1111,149547,1.1746804378035618,1.084613203090428,1.2722269349355528,17.46804378035618,8.097299096947719,26.83878846376464
1986,Female,1,01-04,239,587311,197,573746,1.1851769883988252,0.9814551308120957,1.431185644388908,18.517698839882524,-3.8360549397606247,40.87145261952567
1986,Female,2,05-09,130,702194,93,684402,1.3624311340483335,1.0440198325589485,1.777953384730764,36.24311340483335,-0.023742932011772133,72.50996974167847
1986,Female,3,10-14,129,769249,119,703225,0.990991912651334,0.7724625405938752,1.2713431646605544,-0.9008087348665983,-25.588682393716024,23.787064923982815
1986,Female,4,15-19,262,906213,254,893336,1.0168388303071505,0.8556528855427057,1.208388616798288,1.6838830307150499,-15.865649014775984,19.233415076206086
1986,Female,5,20-24,317,949794,309,1011831,1.0928972722976353,0.934395682196586,1.2782854956989396,9.289727229763534,-7.834607530050319,26.414061989577387
1986,Female,6,25-29,311,850330,333,903461,0.992288741883605,0.8501852638280682,1.1581439824485944,-0.7711258116394948,-16.107925940104927,14.565674316825937
1986,Female,7,30-34,444,761018,437,810667,1.0823035888583612,0.9483984089899655,1.235114955225618,8.23035888583612,-6.06387620816613,22.52459397983837
1986,Female,8,35-39,770,852117,701,895550,1.154418600606836,1.0421411856689995,1.2787924743340164,15.441860060683599,3.629916807191913,27.253803314175286
1986,Female,9,40-44,1095,727691,1009,753760,1.1241105821254394,1.0319607035321292,1.224489068741998,12.411058212543935,2.7963671844258187,22.02574924066205
1986,Female,10,45-49,1737,650514,1447,648747,1.1971539484064015,1.1164865172035598,1.2836496940193123,19.715394840640155,11.364011318174416,28.066778363105893
1986,Female,11,50-54,2748,629454,2259,623798,1.2055368156903166,1.1402647226845328,1.2745452745071246,20.553681569031657,13.843120002761022,27.26424313530229
1986,Female,12,55-59,4893,654308,3921,643239,1.2267851527251046,1.1763150050538838,1.2794207372011022,22.67851527251046,17.52474475618826,27.832285788832657
1986,Female,13,60-64,8358,672644,6828,662706,1.2059921595348686,1.1680431871503951,1.2451740696402076,20.599215953486862,16.74332881318903,24.455103093784693
1986,Female,14,65-69,11617,600062,9648,603741,1.211466025272745,1.1791970537165004,1.244618043917698,21.146602527274496,17.87595034156706,24.41725471298193
1986,Female,15,70-74,17631,557405,15557,584942,1.1893044375643733,1.1639376771084053,1.2152240390776299,18.93044375643733,16.36632430749747,21.494563205377194
1986,Female,16,75-79,23772,458596,22496,495399,1.1415246169218793,1.120902017645709,1.1625266352678796,14.152461692187934,12.071346096401015,16.233577287974853
1986,Female,17,80-84,26687,308297,26948,341962,1.098453726908784,1.080017226984934,1.1172049482286908,9.845372690878396,7.986075413350924,11.704669968405867
1986,Female,18,85+,36726,209114,42339,256985,1.0660012129833984,1.0512061294228532,1.0810045282992928,6.600121298339845,5.110249859235183,8.089992737444508
1987,Female,0,<1,1231,153145,1227,153015,1.0024083476827057,0.9262032016406747,1.0848834183730216,0.24083476827057027,-7.684915379129409,8.16658491567055
1987,Female,1,01-04,242,594476,208,581739,1.1385336866805,0.9459371988820361,1.370343567457,13.853368668050003,-7.245970953171343,34.95270828927135
1987,Female,2,05-09,117,718774,95,702551,1.2037817464914309,0.9183101343728204,1.5779968432730485,20.378174649143087,-12.206772574910318,52.96312187319649
1987,Female,3,10-14,100,728489,118,673009,0.7829172577341478,0.5998150985348308,1.02191397641579,-21.70827422658522,-42.56562671529637,-0.8509217378740774
1987,Female,4,15-19,252,883759,229,873151,1.0872278399951665,0.909090969398584,1.3002707274086762,8.722783999516647,-10.732212749564074,28.17778074859738
1987,Female,5,20-24,283,949165,316,1013270,0.9560548788818848,0.8143618835483308,1.1224014162490068,-4.394512111811522,-19.730633788726525,10.941609565103484
1987,Female,6,25-29,322,874786,353,934794,0.9747545217517836,0.8381067055551219,1.1336818705515745,-2.5245478248216435,-17.24726358971571,12.198167940072423
1987,Female,7,30-34,453,770772,477,823504,1.0146578190152047,0.8922282831108964,1.1538868574072427,1.4657819015204687,-11.581163997465161,14.512727800506099
1987,Female,8,35-39,724,808895,711,853686,1.0746696247052452,0.9690182447329101,1.191840100577715,7.466962470524519,-3.654269826081391,18.588194767130428
1987,Female,9,40-44,1100,788646,1090,821473,1.051180693925138,0.9667144288814691,1.1430271632124556,5.118069392513802,-3.687266212175999,13.923404997203615
1987,Female,10,45-49,1670,649636,1473,652634,1.1389727560714067,1.0619076959957363,1.2216306030784287,13.897275607140669,5.917659673341835,21.876891540939503
1987,Female,11,50-54,2736,628676,2283,623899,1.1893168990093097,1.1250418154307684,1.2572641006481444,18.93168990093097,12.323975604455173,25.539404197406768
1987,Female,12,55-59,4701,647027,3839,636678,1.2049515330373444,1.1546565211046949,1.2574373161465904,20.495153303734437,15.357670234980247,25.632636372488626
1987,Female,13,60-64,8131,654860,6650,644602,1.2035537784693233,1.165176620412432,1.2431949562762867,20.35537784693233,16.455143726515196,24.255611967349466
1987,Female,14,65-69,11994,624284,9560,625259,1.256561935093429,1.223244565474093,1.2907867660248216,25.656193509342895,22.279489902167015,29.032897116518775
1987,Female,15,70-74,16808,540949,14706,566109,1.196093732847885,1.1699136563182646,1.222859661507186,19.60937328478849,16.9622891141179,22.256457455459078
1987,Female,16,75-79,22968,459554,21741,496186,1.140647936752404,1.1196883452428048,1.1619998735767652,14.064793675240406,11.949338531632225,16.180248818848586
1987,Female,17,80-84,26019,313992,26317,348382,1.0969613993261929,1.0783247166789995,1.1159201797002767,9.696139932619285,7.816458768247814,11.575821096990758
1987,Female,18,85+,36207,218344,41610,266069,1.0603465834628414,1.0455148877673113,1.0753886818984746,6.0346583462841386,4.541018036143507,7.52829865642477
1988,Female,0,<1,1267,157233,1212,158668,1.0549202809082876,0.9750314496465242,1.1413547731973792,5.49202809082876,-2.8155486000385754,13.799604781696107
1988,Female,1,01-04,255,602800,206,591645,1.2149570209572158,1.0111577415163286,1.4598321331740458,21.49570209572158,-0.8124578018275264,43.80386199327069
1988,Female,2,05-09,114,733484,101,716532,1.1026264936782655,0.8435494324179693,1.4412731937668095,10.262649367826548,-19.26919779655605,39.794496532209145
1988,Female,3,10-14,111,700120,94,654685,1.1042185321422104,0.8389593077820556,1.4533464917979628,10.421853214221045,-19.914447264835957,40.75815369327805
1988,Female,4,15-19,266,856950,228,846360,1.1522492560826185,0.9654341712269566,1.3752137511930203,15.224925608261852,-5.157587974604905,35.607439191128606
1988,Female,5,20-24,292,939970,305,1001941,1.0204956733010488,0.8691978476065702,1.198129312093673,2.0495673301048845,-14.326629864411855,18.425764524621634
1988,Female,6,25-29,297,895044,345,963223,0.9264453649400379,0.7933073922575057,1.081927412495707,-7.355463505996207,-21.72873490371414,7.017807891721728
1988,Female,7,30-34,430,783147,473,838455,0.9732934151338359,0.8541339300242816,1.1090767368484653,-2.6706584866164063,-15.381635504627788,10.040318531394977
1988,Female,8,35-39,712,783989,691,829576,1.0903053830060254,0.9819565308172868,1.2106094220102601,9.030538300602542,-2.381258832786559,20.44233543399163
1988,Female,9,40-44,1247,821856,1108,859315,1.1767476936678394,1.085277625421387,1.2759271011552644,17.674769366783938,8.152690461736011,27.196848271831865
1988,Female,10,45-49,1653,658688,1442,667616,1.161862080778036,1.0826346011475765,1.246887447823087,16.1862080778036,7.980389345674066,24.39202680993313
1988,Female,11,50-54,2560,635005,2187,630402,1.162068207470883,1.0976039632593755,1.2303185520618212,16.2068207470883,9.574692239934546,22.83894925424206
1988,Female,12,55-59,4545,637920,3723,627934,1.2016794433843916,1.150727888106798,1.2548870150599858,20.16794433843916,14.96161693672271,25.374271740155606
1988,Female,13,60-64,8051,643054,6198,631987,1.276612097602304,1.2350225367485888,1.3196021928758679,27.66120976023041,23.433000033481278,31.88941948697954
1988,Female,14,65-69,12626,651773,10085,650196,1.248929173088762,1.2166613610870411,1.2820527792536573,24.892917308876193,21.62371974654913,28.162114871203258
1988,Female,15,70-74,16156,514065,13876,534597,1.2108156749259642,1.183656887503347,1.23859761568132,21.08156749259642,18.334766689158922,23.82836829603392
1988,Female,16,75-79,23023,460774,21316,497289,1.1656739454231995,1.1441583632953825,1.1875941221326316,16.567394542319946,14.395732226301728,18.739056858338166
1988,Female,17,80-84,26311,320378,26871,355371,1.0861075286017452,1.0678006398675064,1.1047282794583828,8.61075286017452,6.764459803053269,10.45704591729577
1988,Female,18,85+,38351,227910,43829,275302,1.056966240168693,1.0425796263422822,1.0715513756736028,5.6966240168693005,4.24808189473691,7.145166139001691
1989,Female,0,<1,1178,155035,1099,158534,1.0960749741766316,1.0095822953514786,1.1899776318859194,9.607497417663158,0.5978798424550957,18.61711499287122
1989,Female,1,01-04,222,617047,202,606359,1.0799737208907187,0.8925725654545008,1.3067209131849558,7.997372089071875,-12.585217555131267,28.579961733275017
1989,Female,2,05-09,114,738528,102,717353,1.0856019955753,0.8311041905280541,1.4180312242780013,8.560199557530002,-20.44000547339644,37.56040458845644
1989,Female,3,10-14,106,694443,94,657292,1.0673325485623395,0.8085412722784169,1.4089556195571693,6.73325485623395,-22.905091115742813,36.37160082821072
1989,Female,4,15-19,252,825017,236,809997,1.0483566409509837,0.8778130083529075,1.2520339026283576,4.835664095098369,-13.7774380687958,23.44876625899255
1989,Female,5,20-24,299,931268,294,983197,1.073716736122111,0.914064067724601,1.2612547305339072,7.371673612211094,-9.91310738240243,24.656454606824617
1989,Female,6,25-29,320,917378,360,991808,0.9610074703242406,0.8266623176980885,1.1171857459169772,-3.899252967575939,-18.370669758435966,10.572163823284075
1989,Female,7,30-34,459,800561,424,854937,1.1560763386137736,1.013094540557122,1.3192376892759212,15.607633861377357,0.34485314505952047,30.870414577695193
1989,Female,8,35-39,712,772618,625,816422,1.2037875669477025,1.0811647000598326,1.3403179980419955,20.37875669477025,7.445984641007519,33.31152874853298
1989,Female,9,40-44,1219,836686,1116,875608,1.1431065933386262,1.0539529981113127,1.239801666749691,14.310659333862619,5.028430017081975,23.59288865064326
1989,Female,10,45-49,1608,674925,1456,690287,1.1295328052323272,1.0522167403025002,1.212529994275913,12.953280523232724,4.94433036624029,20.962230680225158
1989,Female,11,50-54,2595,643536,2186,638594,1.1779834572154446,1.1128260916860302,1.2469558683431352,17.79834572154446,11.095474511618653,24.50121693147027
1989,Female,12,55-59,4407,627721,3597,617464,1.2051680142280026,1.1532417658534795,1.2594323111800996,20.516801422800256,15.208990254401279,25.824612591199237
1989,Female,13,60-64,7800,635152,5961,622589,1.2826236813819387,1.2400959657921744,1.3266098378046498,28.26236813819387,23.937494125043933,32.58724215134381
1989,Female,14,65-69,13016,673630,10516,668874,1.2289942670902083,1.197812357575401,1.260987916002126,22.89942670902083,19.74099646571268,26.057856952328983
1989,Female,15,70-74,15279,489983,13242,505450,1.1902509473801308,1.1628724694650223,1.2182740196704873,19.02509473801308,16.255267228661687,21.79492224736448
1989,Female,16,75-79,23375,463699,21387,499476,1.177281219067889,1.1556480968049194,1.1993193019586987,17.728121906788896,15.544686823823106,19.911556989754686
1989,Female,17,80-84,27565,326866,27097,362262,1.1274305988317084,1.1086844012154426,1.1464937666558013,12.743059883170837,10.852680188435059,14.633439577906614
1989,Female,18,85+,40553,238601,45764,285820,1.0614984542937642,1.047403918677165,1.0757826549772063,6.1498454293764215,4.73095086802815,7.568739990724693
1990,Female,0,<1,1225,156439,999,159766,1.252304471770206,1.151920312867113,1.3614366137118135,25.230447177020608,14.766811602343655,35.694082751697565
1990,Female,1,01-04,225,620834,174,615989,1.283012045087737,1.052682833915299,1.5637377705853874,28.301204508773694,2.9144391141443515,53.68796990340303
1990,Female,2,05-09,91,743618,102,719681,0.8634384094215779,0.6508605278203493,1.1454464589535605,-13.65615905784221,-38.05927637831482,10.746958262630413
1990,Female,3,10-14,112,697987,96,672340,1.1237983897503343,0.8556477736552776,1.4759844642735542,12.37983897503343,-18.25612262233195,43.0158005723988
1990,Female,4,15-19,208,795269,226,775335,0.8972846355978376,0.7432593666829613,1.083228484389043,-10.271536440216245,-27.169924546307932,6.626851665875444
1990,Female,5,20-24,275,910951,288,957903,1.0040763146609057,0.8511351636061428,1.1844995821715925,0.40763146609057443,-16.184966883929498,17.000229816110647
1990,Female,6,25-29,340,930834,377,1021328,0.9895336493797361,0.8546084200219127,1.1457608190072264,-1.046635062026391,-15.552247930915009,13.458977806862226
1990,Female,7,30-34,429,822033,432,882558,1.0661726779825142,0.9328426386082002,1.2185594142356067,6.617267798251425,-7.62616518671988,20.86070078322273
1990,Female,8,35-39,696,764731,652,809903,1.1305400600666726,1.015997127639962,1.257996496884273,13.054006006667262,0.9770202048892118,25.130991808445312
1990,Female,9,40-44,1164,846115,1132,887522,1.0785897438654817,0.9938565774729126,1.1705470003829728,7.858974386548168,-0.9656980949430016,16.683646868039336
1990,Female,10,45-49,1616,691736,1492,715592,1.1204632888351678,1.0443259076487459,1.2021515241864336,12.046328883516777,4.161557267974847,19.931100499058708
1990,Female,11,50-54,2527,646960,2142,642456,1.171525469344409,1.1059913675219508,1.24094271042798,17.152546934440906,10.408704901716813,23.896388967164995
1990,Female,12,55-59,4202,618214,3421,609042,1.2100724712887017,1.156669951374215,1.2659405425299337,21.007247128870166,15.545572160502985,26.468922097237346
1990,Female,13,60-64,7447,630852,5880,617518,1.239727299903368,1.198053294982,1.2828509253829035,23.972729990336795,19.733674563580305,28.21178541709328
1990,Female,14,65-69,12239,646098,9901,639006,1.2225690962277427,1.190604766777839,1.255391576413887,22.256909622774266,19.01794804964854,25.4958711959
1990,Female,15,70-74,15083,513444,12950,524320,1.1893818408320478,1.1617795829702018,1.217639889732263,18.938184083204778,16.14542538156161,21.73094278484795
1990,Female,16,75-79,22482,464621,20731,499696,1.166330760170901,1.1445252783579944,1.188551679760573,16.633076017090097,14.43188661978052,18.834265414399674
1990,Female,17,80-84,26408,329664,26522,366306,1.1063734596089434,1.0876819995960587,1.1253861262590097,10.63734596089434,8.752230842520458,12.522461079268222
1990,Female,18,85+,40160,246863,45238,293479,1.055386017480042,1.041298710710723,1.0696639056934478,5.538601748004202,4.120384682180833,6.95681881382757
1991,Female,0,<1,1170,160803,901,162800,1.3146838394706677,1.2052921856188203,1.4340038194787976,31.46838394706677,20.047173894392635,42.8895939997409
1991,Female,1,01-04,230,626707,168,625867,1.3672126307676091,1.120588302300066,1.668115197966739,36.72126307676091,9.52463197968505,63.91789417383678
1991,Female,2,05-09,123,751360,102,723136,1.1605847279286503,0.8926549899057886,1.5089333795617699,16.058472792865032,-14.404447926664021,46.521393512394084
1991,Female,3,10-14,99,705995,104,692661,0.9339442777705442,0.7092465573167902,1.229828900798944,-6.605572222945577,-32.308984893057534,19.09784044716638
1991,Female,4,15-19,190,759994,228,735188,0.8061335571947498,0.6649545770855121,0.9772867718028972,-19.386644280525022,-34.907190030636805,-3.8660985304132423
1991,Female,5,20-24,315,899446,282,938776,1.1658651725144664,0.9928088441352813,1.3690869179011613,16.586517251446644,-2.1466726143993475,35.319707117292644
1991,Female,6,25-29,325,934574,349,1043499,1.0397675908456596,0.8939625837279841,1.209353347278291,3.9767590845659617,-11.73294129705198,19.686459466183905
1991,Female,7,30-34,464,846727,442,914554,1.133865800110681,0.9953719096148885,1.291629430408636,13.386580011068094,-1.3844813225360353,28.157641344672225
1991,Female,8,35-39,647,767019,618,813545,1.1104301977793902,0.9945185854556489,1.2398513634367516,11.043019777939023,-1.1988067199987351,23.28484627587677
1991,Female,9,40-44,1118,849219,1045,892101,1.1238797262247788,1.0329845553184374,1.2227730148682692,12.387972622477882,2.9097889350427675,21.866156309913
1991,Female,10,45-49,1650,718547,1596,751912,1.0818396452548649,1.0098984104007136,1.158905693871508,8.183964525486488,0.7394770071035284,15.628452043869444
1991,Female,11,50-54,2507,640332,2058,636434,1.210757395487874,1.142187209552299,1.2834441311098026,21.07573954878741,14.016893006069854,28.134586091504964
1991,Female,12,55-59,3960,612155,3206,604399,1.2195342560528561,1.1640478274136636,1.2776655448864729,21.953425605285616,16.274592241270902,27.632258969300327
1991,Female,13,60-64,7146,626610,5589,612808,1.2504202751811173,1.2074136664148178,1.2949587271334142,25.04202751811173,20.66566799813634,29.418387038087126
1991,Female,14,65-69,11847,626165,9416,616798,1.2393560944455608,1.2062685732627743,1.2733511946553464,23.935609444556082,20.581887686027578,27.289331203084586
1991,Female,15,70-74,15936,536694,13271,543002,1.2149274959115797,1.1872634062492975,1.2432361787221173,21.492749591157967,18.694358416011415,24.29114076630452
1991,Female,16,75-79,22346,460512,20752,493984,1.1550792086761585,1.1334585007858295,1.1771123313212888,15.507920867615855,13.325359217926724,17.690482517304986
1991,Female,17,80-84,26714,332361,27215,369591,1.0915456746690744,1.0732741381509043,1.1101282678267996,9.154567466907437,7.311948497151066,10.997186436663808
1991,Female,18,85+,42414,256128,47761,302018,1.0471564925096966,1.0335519833651543,1.060940076023059,4.715649250969656,3.346283647083803,6.085014854855508
1992,Female,0,<1,988,158143,810,161002,1.2418044834090227,1.1316338898904337,1.3627007716816046,24.180448340902274,12.643706969305079,35.71718971249946
1992,Female,1,01-04,184,633129,161,634927,1.1461027012549687,0.9276052315405616,1.4160672634870732,14.610270125496871,-9.631666162471674,38.85220641346541
1992,Female,2,05-09,112,760469,86,732028,1.2536195304445998,0.9465035018297918,1.660386806888698,25.361953044459984,-9.866711407166285,60.59061749608625
1992,Female,3,10-14,94,722710,89,707888,1.0345186710631442,0.7741832372384895,1.3823973825573372,3.4518671063144213,-26.537066268022457,33.4408004806513
1992,Female,4,15-19,216,719892,182,703658,1.1600498316505718,0.9524193860614121,1.412944372622995,16.004983165057183,-6.872681146311299,38.88264747642567
1992,Female,5,20-24,279,884450,289,911559,0.9949880333427163,0.8440617599692766,1.1729013603592728,-0.5011966657283651,-16.869251592373423,15.866858260916693
1992,Female,6,25-29,363,930603,328,1046543,1.24458742958244,1.0719598453097885,1.44501482649005,24.458742958243995,5.875124902762874,43.04236101372511
1992,Female,7,30-34,458,869076,464,940066,1.0676971566789684,0.9383831675486324,1.2148312734107876,6.769715667896836,-7.014367626005202,20.553798961798876
1992,Female,8,35-39,694,777632,604,825066,1.2190937332996135,1.0931246839654931,1.3595791517386537,21.909373329961348,8.613027208337387,35.2057194515853
1992,Female,9,40-44,1114,809579,1045,847243,1.115623504025611,1.0253210936519945,1.2138790574387806,11.562350402561105,2.145637987958815,20.979062817163395
1992,Female,10,45-49,1742,777900,1559,820514,1.1785940915415023,1.100747054197478,1.2619466273559814,17.859409154150228,9.805699658415556,25.913118649884904
1992,Female,11,50-54,2465,640478,2020,642795,1.2247115891692155,1.1547473426504389,1.298914854571296,22.471158916921553,15.266938762261905,29.675379071581197
1992,Female,12,55-59,3899,613432,3107,606125,1.2399602175149447,1.1828706696501694,1.2998051101177615,23.996021751494467,18.15146412263573,29.840579380353205
1992,Female,13,60-64,6844,619774,5325,607986,1.260812815139294,1.2164554908570242,1.3067876028078291,26.08128151392941,21.565641374309052,30.59692165354977
1992,Female,14,65-69,11215,611007,8949,601593,1.2339039608800073,1.2000959090136596,1.2686644236015316,23.39039608800073,19.962411339158326,26.818380836843136
1992,Female,15,70-74,16119,558741,13430,562070,1.2073743567642647,1.1800405985384168,1.2353412579003433,20.737435676426475,17.97264434526502,23.502227007587926
1992,Female,16,75-79,21260,447842,19587,479403,1.1619067204486349,1.1395692814309684,1.1846820101437445,16.190672044863486,13.935177266825715,18.446166822901255
1992,Female,17,80-84,26344,334517,26253,372640,1.1178256143846754,1.0988815143152408,1.1370963000984815,11.782561438467543,9.87191518462236,13.693207692312725
1992,Female,18,85+,41863,265730,47906,312739,1.0284469466556492,1.0150487409066746,1.0420220029439697,2.8446946655649175,1.4960702147936544,4.1933191163361805
1993,Female,0,<1,903,151229,832,156694,1.1245576149924439,1.0234719383754838,1.2356272624775528,12.455761499244389,1.8636636677952456,23.047859330693534
1993,Female,1,01-04,177,633242,157,635991,1.1322827004264395,0.9133439378830309,1.403703534351569,13.228270042643953,-11.102044155148915,37.55858424043683
1993,Female,2,05-09,101,771625,72,747027,1.3580597764458124,1.0037543025293876,1.8374280954537203,35.80597764458125,-5.249496689526589,76.86145197868908
1993,Female,3,10-14,122,738607,98,720041,1.2136055729617665,0.9302728068634032,1.5832328708928092,21.36055729617665,-10.90595469165978,53.62706928401308
1993,Female,4,15-19,192,692376,173,682936,1.09469498046135,0.8913795436278277,1.3443847896375083,9.469498046134994,-13.02218549673444,31.96118158900443
1993,Female,5,20-24,265,863218,274,881142,0.9872354139534205,0.8338375754804123,1.1688532529878497,-1.2764586046579485,-17.947892759610816,15.39497555029492
1993,Female,6,25-29,346,921498,389,1037427,1.0013586349991506,0.8663366149646018,1.1574243758915035,0.13586349991505653,-14.367760690881992,14.639487690712105
1993,Female,7,30-34,464,888619,489,965441,1.0309064690993794,0.9079313690861355,1.1705379770066353,3.090646909937944,-10.004439445896818,16.185733265772704
1993,Female,8,35-39,611,790106,624,840004,1.0410045192248465,0.9311213313226383,1.1638552061815557,4.100451922484649,-7.512142681555933,15.713046526525233
1993,Female,9,40-44,1107,785959,1030,822362,1.124536454920442,1.0330526563929812,1.2241217624476814,12.453645492044195,2.9116446952504704,21.99564628883792
1993,Female,10,45-49,1728,812988,1699,856526,1.0715360200134918,1.0021309290973097,1.1457479345743873,7.15360200134918,-0.021884299383301276,14.329088302081662
1993,Female,11,50-54,2463,649388,2164,659866,1.1565346477167122,1.091637750940636,1.2252896074880775,15.65346477167122,8.974584857322942,22.3323446860195
1993,Female,12,55-59,3803,621700,3197,613288,1.173457294112539,1.1195477585878941,1.2299627332046643,17.345729411253895,11.827015265695007,22.864443556812788
1993,Female,13,60-64,6580,610976,5394,602401,1.2027530994932383,1.1602236432019195,1.2468415264735557,20.275309949323827,15.945351138041852,24.605268760605803
1993,Female,14,65-69,11080,601366,8746,589813,1.2425267794486934,1.2081764201297107,1.2778537736081546,24.25267794486934,20.769266589987744,27.736089299750933
1993,Female,15,70-74,17350,581310,14300,588121,1.2275023569264163,1.2006273049117147,1.254978984815528,22.75023569264163,20.032873648517647,25.46759773676561
1993,Female,16,75-79,20887,426335,18996,451685,1.1649266657786679,1.1422583466611853,1.1880448417022873,16.49266657786679,14.203489158231509,18.78184399750207
1993,Female,17,80-84,27271,336630,27352,375633,1.1125586054607268,1.0940537947145774,1.1313764063197984,11.255860546072682,9.389817458964345,13.12190363318102
1993,Female,18,85+,46503,276947,52067,325211,1.0487862321863834,1.035752135924197,1.0619843519243413,4.878623218638345,3.5670466054887218,6.190199831787968
1994,Female,0,<1,870,149936,765,157469,1.194392221727022,1.0838196621966218,1.3162455241222677,19.4392221727022,7.8361879701402515,31.042256375264145
1994,Female,1,01-04,170,627235,163,635731,1.0570716418700226,0.852689616162785,1.3104421994420827,5.707164187002256,-17.005304802664746,28.419633176669244
1994,Female,2,05-09,90,779922,88,762176,0.9994565890155449,0.7449944359133415,1.340833468241879,-0.054341098445509495,-29.421870835130747,29.31318863823973
1994,Female,3,10-14,107,741515,89,723001,1.1722297207046581,0.8849000303610163,1.5528562221234352,17.222972070465815,-15.738753795998417,50.184697936930036
1994,Female,4,15-19,169,685512,152,685568,1.1119329324957878,0.8931500749798791,1.3843080586390095,11.193293249578783,-13.1692169725118,35.55580347166938
1994,Female,5,20-24,234,829444,245,850232,0.9790393545162143,0.8184523850815212,1.171134784580111,-2.0960645483785734,-19.636202579422466,15.44407348266532
1994,Female,6,25-29,301,909833,377,1028694,0.9027129387702569,0.7758064614783615,1.0503787868309244,-9.728706122974307,-23.4049445244774,3.947532278528776
1994,Female,7,30-34,473,908851,504,994672,1.0271120104151041,0.9059926378184725,1.1644234598629617,2.7112010415104137,-10.176496116441026,15.598898199461853
1994,Female,8,35-39,687,805222,644,859792,1.1390653410484182,1.0229639578487515,1.268343660813106,13.906534104841818,1.6611493766780727,26.15191883300556
1994,Female,9,40-44,1060,774665,1048,813759,1.0624939182034017,0.9755426227243721,1.157195287958394,6.249391820340167,-2.822215722890864,15.320999363571186
1994,Female,10,45-49,1858,827066,1696,873992,1.157676323794104,1.0839281570569113,1.236442158964105,15.76763237941039,8.147436139214005,23.387828619606776
1994,Female,11,50-54,2405,666713,2106,681878,1.167950586693484,1.101593013648015,1.2383053959649735,16.795058669348407,9.963335964834119,23.62678137386269
1994,Female,12,55-59,3573,629939,3054,624022,1.1589518361417044,1.1043027970993762,1.2163053122968375,15.895183614170438,10.297234839092685,21.493132389248192
1994,Female,13,60-64,6144,602123,4884,594324,1.2416912000817615,1.1959011612370924,1.289234500588312,24.169120008176147,19.503550948912117,28.834689067440177
1994,Female,14,65-69,10552,594177,8180,583246,1.2662440311668097,1.2302055290564387,1.3033382703907632,26.624403116680973,22.968274088403472,30.28053214495847
1994,Female,15,70-74,17100,596424,14286,606672,1.2175429904946626,1.1907920091847706,1.2448949289788744,21.754299049466262,19.049375572975368,24.45922252595716
1994,Female,16,75-79,19045,407762,16958,428834,1.1811058112688304,1.1569149968061512,1.2058024498464908,18.11058112688304,15.666382932385513,20.55477932138057
1994,Female,17,80-84,25839,339378,26180,378623,1.1011066005526373,1.082342969804405,1.1201955199096363,10.110660055263732,8.21812573107945,12.003194379448011
1994,Female,18,85+,44469,283205,50370,332742,1.0372707193722195,1.0241257209977996,1.0505844382256984,3.7270719372219485,2.404171939031463,5.049971935412434
1995,Female,0,<1,812,143705,769,154916,1.1382930525794945,1.0313887805545987,1.2562780379034313,13.829305257949454,2.6030501500156733,25.055560365883235
1995,Female,1,01-04,169,618990,146,635316,1.1880644717964106,0.9520548687865821,1.482579665753795,18.80644717964106,-7.504202788845027,45.11709714812715
1995,Female,2,05-09,94,783865,82,772671,1.1299711109413595,0.8403151615385849,1.5194712293709123,12.99711109413595,-20.469280820751134,46.46350300902302
1995,Female,3,10-14,113,743914,99,726953,1.1153902660031056,0.8516230148736355,1.4608523064387577,11.539026600310564,-18.555951585855233,41.63400478647637
1995,Female,4,15-19,175,691242,182,698576,0.9717402766436246,0.7896424666075545,1.195831284642302,-2.825972335637539,-22.990389090974407,17.33844441969934
1995,Female,5,20-24,250,796986,222,823894,1.1641466205912758,0.9716470653175393,1.3947835614479929,16.414662059127583,-4.627398244255076,37.456722362510234
1995,Female,6,25-29,331,891333,370,1013153,1.0168603622858092,0.8767212165602102,1.1793999926737433,1.6860362285809227,-13.392581809235349,16.764654266397194
1995,Female,7,30-34,504,923460,515,1021630,1.08267686385878,0.9575562859567571,1.2241465162164045,8.267686385878005,-5.028378838301617,21.563751610057615
1995,Female,8,35-39,633,823313,686,882331,0.9888858428943129,0.8876311770327348,1.1016909225133404,-1.1114157105687084,-11.793615977668281,9.570784556530864
1995,Female,9,40-44,1090,765251,969,809247,1.1895423631882038,1.0909296421151389,1.2970690126962683,18.954236318820385,8.6601212069076,29.248351430733166
1995,Female,10,45-49,1863,835485,1720,883476,1.145356031192577,1.0726960718056358,1.222937673278724,14.5356031192577,7.028898423562868,22.042307814952533
1995,Female,11,50-54,2499,685418,2314,706940,1.1138583161309488,1.052622110287837,1.1786569332795143,11.385831613094876,5.0874474200786945,17.68421580611106
1995,Female,12,55-59,3642,633538,3202,629985,1.1310352843554965,1.0785863379727934,1.186034691354849,13.103528435549649,7.733128970955061,18.47392790014424
1995,Female,13,60-64,5822,594604,4788,588450,1.203371717296686,1.1582252813599938,1.2502779150954166,20.3371717296686,15.735661498477471,24.938681960859732
1995,Female,14,65-69,10233,589557,8097,581214,1.2459169707220266,1.2101198684729768,1.282773003216595,24.591697072202656,20.959554825743187,28.223839318662126
1995,Female,15,70-74,16688,575732,14076,582159,1.1987987460467613,1.1722086199034405,1.2259920368455133,19.87987460467613,17.190929240180264,22.568819969171994
1995,Female,16,75-79,19310,426073,17892,448448,1.1359297181130992,1.1130599829901517,1.159269351348086,13.592971811309917,11.28266267482465,15.903280947795185
1995,Female,17,80-84,26243,342868,26751,379567,1.0860128207107291,1.0676755354698004,1.1046650481029354,8.601282071072912,6.751895825109355,10.45066831703647
1995,Female,18,85+,47149,290941,53939,342050,1.0276713826619248,1.015050437169511,1.040449254607734,2.7671382661924815,1.4972297135023016,4.037046818882661
1996,Female,0,<1,801,140809,787,152568,1.102784929954996,0.9994654744735367,1.216785004380905,10.278492995499612,-0.5699776661538869,21.12696365715312
1996,Female,1,01-04,145,600878,153,628038,0.9905495154835189,0.7892621181174686,1.2431717171032404,-0.9450484516481117,-23.44650734641872,21.55641044312251
1996,Female,2,05-09,82,790925,86,785853,0.9473738947111529,0.7000652247887891,1.2820481072330954,-5.262610528884714,-33.9225965209387,23.39737546316927
1996,Female,3,10-14,93,749440,83,730272,1.0918239996707582,0.8121180761277248,1.467864934051251,9.182399967075817,-23.131138763250036,41.49593869740167
1996,Female,4,15-19,206,700118,176,715367,1.195947764259999,0.9779985953458876,1.4624673917171023,19.594776425999893,-4.466021182961044,43.65557403496083
1996,Female,5,20-24,230,754344,241,791562,1.0014431268862534,0.835912565073272,1.199752675448548,0.14431268862533653,-17.949095285518535,18.237720662769206
1996,Female,6,25-29,352,881072,374,998718,1.066847978772383,0.9223383008841184,1.2339990746559237,6.684797877238302,-8.843354624954959,22.21295037943156
1996,Female,7,30-34,495,928741,550,1040599,1.0083964205305893,0.8930882942151099,1.138592172269568,0.839642053058931,-11.405436282145253,13.084720388263115
1996,Female,8,35-39,711,844033,702,910572,1.092665808090442,0.9844569964620995,1.2127686353599936,9.26658080904419,-2.1283357439850104,20.66149736207339
1996,Female,9,40-44,1024,766677,1004,814260,1.0832205984072818,0.9929129821867477,1.1817418906434864,8.32205984072818,-1.1074717947330392,17.75159147618939
1996,Female,10,45-49,1810,838373,1614,883387,1.1816497434871238,1.1049610671901329,1.2636609177859133,18.16497434871238,10.23593338112805,26.094015316296716
1996,Female,11,50-54,2578,710627,2271,744108,1.1886665683455206,1.1234735390277237,1.2576426249656865,18.866656834552064,12.161758640457144,25.571555028646987
1996,Female,12,55-59,3717,628506,3033,626731,1.2220582282164096,1.1648320556700842,1.2820958230689472,22.205822821640965,16.344881523819655,28.066764119462274
1996,Female,13,60-64,5739,590950,4526,585764,1.2568794204318434,1.208848557552048,1.306818680996829,25.687942043184343,20.79067511206261,30.585208974306077
1996,Female,14,65-69,9745,585128,7985,579504,1.2086831846230186,1.1734472398682627,1.2449771844488313,20.86831846230186,17.29234293996671,24.44429398463701
1996,Female,15,70-74,16041,557887,13209,563039,1.2256140623389566,1.1977123380577444,1.2541657809411153,22.561406233895664,19.73898356008601,25.38382890770532
1996,Female,16,75-79,20267,447766,18105,466310,1.1657745067589482,1.1426411440886535,1.1893762163561885,16.577450675894823,14.240853514078777,18.914047837710868
1996,Female,17,80-84,26138,338146,26467,375763,1.0974314356853438,1.0788340305861497,1.1163494308536477,9.743143568534386,7.867464877205732,11.618822259863038
1996,Female,18,85+,47992,295979,54884,347539,1.026752435966582,1.0142523099079213,1.0394066195018254,2.6752435966582055,1.4175595680139041,3.932927625302507
1997,Female,0,<1,801,142892,764,156414,1.1476431399953073,1.0393472831694557,1.267222994764446,14.764313999530732,3.389163010499119,26.139464988562345
1997,Female,1,01-04,137,583140,137,620565,1.0641784134170182,0.8397821198338343,1.348535136479022,6.417841341701824,-18.783591337276984,31.61927402068063
1997,Female,2,05-09,89,791624,79,794441,1.1305912300520629,0.8350772352908951,1.5306806070762653,13.059123005206285,-21.194599536948246,47.312845547360816
1997,Female,3,10-14,100,758209,92,739990,1.0608380493000467,0.7992445434479041,1.408051360585963,6.083804930004666,-23.953562033150412,36.12117189315973
1997,Female,4,15-19,191,713155,200,733185,0.9818225701285135,0.8052196932199641,1.1971584492164524,-1.8177429871486517,-21.28683869360508,17.651352719307777
1997,Female,5,20-24,244,709833,222,768049,1.1892402353285407,0.9915572891828245,1.4263344667556714,18.924023532854072,-2.695555011297135,40.54360207700527
1997,Female,6,25-29,290,865789,342,981108,0.9608965743507093,0.8217260415308549,1.1236375384657422,-3.91034256492907,-18.944503802126977,11.123818672268836
1997,Female,7,30-34,473,927113,493,1054355,1.0911096896361359,0.9617932860772354,1.2378131268450774,9.110968963613587,-4.653485935653245,22.875423862880417
1997,Female,8,35-39,735,863498,730,938638,1.0944634815567151,0.9879213461542199,1.21249562743455,9.446348155671513,-1.7627599921044679,20.655456303447494
1997,Female,9,40-44,1024,775610,975,826468,1.1191234188210504,1.0251547520362165,1.2217055269617187,11.912341882105038,2.0973901957926033,21.727293568417473
1997,Female,10,45-49,1732,801399,1626,843307,1.1208932542807402,1.0475411197415185,1.1993817367303785,12.089325428074016,4.503087519291826,19.675563336856207
1997,Female,11,50-54,2679,766526,2379,810322,1.190444111716766,1.1264947569617552,1.2580237718489735,19.04441117167659,12.471300913514206,25.617521429838973
1997,Female,12,55-59,3559,627749,3059,632622,1.1724835878732702,1.1171713465110593,1.230534392173088,17.24835878732702,11.58241198558585,22.914305589068196
1997,Female,13,60-64,5633,592767,4605,588186,1.2137822492492272,1.1674277624947227,1.261977311079385,21.37822492492272,16.651941921772796,26.10450792807264
1997,Female,14,65-69,9458,579570,7642,576426,1.230920319203341,1.1943649730210621,1.26859449703649,23.09203192033411,19.38111786836716,26.80294597230106
1997,Female,15,70-74,15278,544883,12788,549913,1.2057426029074705,1.1777479407260725,1.2344026885496537,20.57426029074705,17.7417834253059,23.406737156188196
1997,Female,16,75-79,20593,466987,18664,484442,1.1445951235696588,1.1221454477188892,1.167493928316178,14.459512356965876,12.1922366016189,16.726788112312853
1997,Female,17,80-84,24941,328620,25645,364253,1.0780038328037609,1.0593763681026769,1.0969588321295898,7.800383280376089,5.921355230286807,9.67941133046537
1997,Female,18,85+,48594,300840,56167,352527,1.0138138655530429,1.0015776240849208,1.0261995967877748,1.381386555304287,0.15031817410771087,2.612454936500863
1998,Female,0,<1,761,137494,681,154046,1.2519996974584306,1.1290238302066584,1.3883703784614392,25.199969745843063,12.255715304914293,38.14422418677184
1998,Female,1,01-04,138,576037,141,619038,1.051784831049749,0.8317617232930798,1.33000990529658,5.178483104974907,-19.506678602935523,29.863644812885326
1998,Female,2,05-09,92,782969,79,794241,1.181322486683316,0.8745853667169706,1.595639340253524,18.132248668331606,-17.38302275982693,53.64752009649014
1998,Female,3,10-14,104,769323,91,755677,1.122585516282312,0.8472932588373633,1.4873223977918113,12.258551628231196,-19.324598582046626,43.84170183850902
1998,Female,4,15-19,205,728384,197,743150,1.061704650573112,0.8731265460187955,1.2910119045038275,6.170465057311203,-14.591228376720656,26.93215849134305
1998,Female,5,20-24,200,681529,218,755128,1.0165055069577027,0.8390032372384255,1.231560737568049,1.6505506957702698,-17.857357511813632,21.158458903354173
1998,Female,6,25-29,351,845767,329,959949,1.2109010147487824,1.0418113173518098,1.4074345738984535,21.090101474878242,2.8776812004957186,39.30252174926076
1998,Female,7,30-34,486,921062,507,1054202,1.097143111324066,0.9687820284781489,1.2425117016433196,9.714311132406594,-3.936921322435083,23.365543587248272
1998,Female,8,35-39,755,881393,674,967222,1.2292596443326977,1.1079895799449577,1.3638027834702358,22.925964433269776,10.158272771750188,35.69365609478936
1998,Female,9,40-44,1064,787839,976,842726,1.1661132436998913,1.0690870740198963,1.271945129800508,16.611324369989134,6.481167749147021,26.741480990831246
1998,Female,10,45-49,1660,777113,1519,819195,1.1520025301324455,1.0745568053871581,1.235029942370896,15.200253013244547,7.183069267762288,23.217436758726805
1998,Female,11,50-54,2684,800451,2615,846860,1.0858946337835698,1.028960641745684,1.145978872116465,8.589463378356976,2.741379194386595,14.437547562327357
1998,Female,12,55-59,3621,636424,2989,649231,1.2358202568216587,1.1773871029422758,1.2971534199365422,23.582025682165874,17.596050791137575,29.568000573194176
1998,Female,13,60-64,5488,600632,4502,595511,1.208620436762038,1.1619126980303445,1.2572057802923762,20.86204367620379,16.098622836799436,25.625464515608144
1998,Female,14,65-69,9011,573590,7368,573006,1.2217461265872587,1.1847077696681538,1.2599424398550851,22.174612658725867,18.413473257758795,25.93575205969294
1998,Female,15,70-74,14975,536883,12138,540522,1.2420910154862896,1.2127108934709323,1.2721829242715066,24.209101548628965,21.235783982379974,27.182419114877952
1998,Female,16,75-79,21699,486033,18880,507736,1.2006320427708976,1.1774385125904978,1.22428244593148,20.063204277089763,17.721156143604723,22.405252410574803
1998,Female,17,80-84,24148,313509,23506,343491,1.1255577559626087,1.1055245833597163,1.1459539489908974,12.555775596260865,10.534415970009059,14.577135222512672
1998,Female,18,85+,50572,307926,55463,361708,1.0710716548069663,1.0582416075460777,1.0840572526638084,7.107165480696631,5.816414467058073,8.397916494335188
1999,Female,0,<1,732,135176,716,153230,1.158890143799286,1.0454434736956315,1.2846475196287237,15.8890143799286,3.9499424184455956,27.828086341411606
1999,Female,1,01-04,143,565724,137,617564,1.1394436130341756,0.9014249168463847,1.4403104718100774,13.944361303417562,-12.75492319663092,40.64364580346604
1999,Female,2,05-09,83,775549,74,795306,1.1501947722263912,0.8407725831293027,1.5734909065814096,15.019477222639122,-21.02364303404036,51.062597479318605
1999,Female,3,10-14,121,778036,79,771698,1.519168551050093,1.144142550852553,2.0171202310236054,51.9168551050093,8.84725893973588,94.98645127028271
1999,Female,4,15-19,203,737756,168,737293,1.2075750089912292,0.9843106113381257,1.4814809324850815,20.757500899122917,-3.928712730807704,45.44371452905354
1999,Female,5,20-24,242,678577,208,758486,1.3004703791338912,1.0804803775754999,1.5652511994707377,30.04703791338912,5.946682765632727,54.14739306114551
1999,Female,6,25-29,299,806636,317,952228,1.1134616745265218,0.9507206667816318,1.3040601135098404,11.346167452652178,-6.247503907346297,28.939838812650652
1999,Female,7,30-34,509,911590,463,1053327,1.2702829108525804,1.1200401618163622,1.4406792975952838,27.02829108525804,11.038592663255663,43.01798950726041
1999,Female,8,35-39,717,899986,718,998470,1.107883204026566,0.9989707953488457,1.2286697463818785,10.788320402656604,-0.6761553542516396,22.25279615956486
1999,Female,9,40-44,1087,800758,987,862872,1.1867451941868665,1.0887587399212588,1.293550264430005,18.674519418686653,8.447605965259331,28.901432872113975
1999,Female,10,45-49,1644,765858,1542,812511,1.1310933147048534,1.055168565390292,1.212481236205886,13.10933147048534,5.250023644617441,20.968639296353242
1999,Female,11,50-54,2805,814709,2410,865141,1.235948011964601,1.1704631561688226,1.3050966023392876,23.59480119646009,16.86645271276015,30.323149680160032
1999,Female,12,55-59,3549,652121,3076,670660,1.1865714291428786,1.1306402219922713,1.2452694757110787,18.65714291428786,12.927906621220675,24.38637920735505
1999,Female,13,60-64,5484,608416,4602,606884,1.188655195844523,1.142981222012265,1.2361543194215487,18.865519584452308,14.208056555615457,23.522982613289155
1999,Female,14,65-69,8561,566337,7132,567385,1.202585814701603,1.1653850582441645,1.2409740724670562,20.25858147016031,16.479752643463176,24.03741029685744
1999,Female,15,70-74,14280,531684,11862,535723,1.2129893524251822,1.1838108635651432,1.2428870306746407,21.298935242518226,18.345418741178676,24.252451743857772
1999,Female,16,75-79,21925,495489,20069,521557,1.149957076780799,1.1281474910497646,1.1721882900326432,14.995707678079896,12.793802280707034,17.197613075452757
1999,Female,17,80-84,22715,302948,22434,330089,1.1032374299385521,1.0830705166663233,1.1237798537474184,10.323742993855213,8.288391601078615,12.359094386631808
1999,Female,18,85+,51318,312400,58110,366786,1.0368610785187964,1.0246232337495351,1.049245089058717,3.6861078518796386,2.4550440100236104,4.917171693735667
2000,Female,0,<1,791,131158,622,149448,1.4490434918361883,1.3045606757851826,1.6095280811442825,44.904349183618834,29.683981679439974,60.12471668779769
2000,Female,1,01-04,138,558657,101,615505,1.505372759498172,1.1646056787225663,1.9458493002754675,50.53727594981721,11.900681022595316,89.17387087703909
2000,Female,2,05-09,82,760581,66,787238,1.2859689839183146,0.9299642464476697,1.778257856597027,28.59689839183146,-13.084139923552963,70.2779367072159
2000,Female,3,10-14,94,781885,79,779431,1.1861389179330737,0.8794528872708464,1.5997736240328584,18.613891793307367,-16.8704869523995,54.09827053901424
2000,Female,4,15-19,214,739193,151,731689,1.4028314912925939,1.1390380782287683,1.7277176510397185,40.283149129259385,11.060966556410957,69.50533170210782
2000,Female,5,20-24,239,690482,229,766439,1.1584776315169194,0.966439395414262,1.3886752020800806,15.84776315169194,-5.148884429898026,36.844410733281904
2000,Female,6,25-29,325,774388,301,946439,1.3196260463111908,1.1281266401625805,1.543632461203062,31.962604631119085,11.272190253929825,52.65301900830834
2000,Female,7,30-34,465,899757,502,1046175,1.0770313363094093,0.9493833727432078,1.2218420215646555,7.703133630940928,-5.883733009908032,21.29000027178989
2000,Female,8,35-39,705,916711,759,1029071,1.0427020756275347,0.9411007179450958,1.1552723292911125,4.27020756275347,-6.419637270771384,14.96005239627831
2000,Female,9,40-44,1054,819807,1073,887615,1.0635401739720953,0.9768745762905742,1.1578945026368876,6.354017397209533,-2.6860891556323763,15.39412395005144
2000,Female,10,45-49,1656,758978,1483,811440,1.1938407709411032,1.1130484516421042,1.2804975239474412,19.384077094110317,11.018471336781932,27.749682851438706
2000,Female,11,50-54,2775,823653,2635,875916,1.1199549221566014,1.0618104931923251,1.181283322875967,11.995492215660143,6.024679580129955,17.96630485119033
2000,Female,12,55-59,3631,671379,3140,695762,1.1983662061153855,1.1424724296253101,1.2569945030799259,19.836620611538546,14.112693653121111,25.560547569955983
2000,Female,13,60-64,5291,612799,4454,614166,1.1905709219640068,1.1440517241223367,1.2389816739392916,19.05709219640068,14.311851162274824,23.80233323052654
2000,Female,14,65-69,8068,561480,6904,564211,1.1742818939203137,1.1371475359916776,1.2126289005995532,17.428189392031367,13.654770590326336,21.201608193736398
2000,Female,15,70-74,13209,529585,11249,534925,1.1860779799876056,1.1566243489198962,1.216281652660338,18.607797998760557,15.625247151676636,21.590348845844474
2000,Female,16,75-79,20571,480854,18601,503604,1.1582306390458594,1.1354878365344252,1.1814289594848593,15.823063904585943,13.526158312564451,18.119969496607435
2000,Female,17,80-84,22263,318415,22245,346023,1.0875837873170875,1.0675620738827016,1.1079810002363797,8.75837873170875,6.737548698077767,10.779208765339732
2000,Female,18,85+,49910,317464,57019,371053,1.0230796276462837,1.010861535197567,1.035445397870727,2.3079627646283685,1.078799201700198,3.537126327556539
2001,Female,0,<1,708,127101,649,145679,1.2503642414658063,1.1240304284541802,1.3908971650228699,25.03642414658063,11.718284542567869,38.354563750593385
2001,Female,1,01-04,137,547303,119,607035,1.2769077095650256,0.9988341071280799,1.6323964981879846,27.690770956502565,-3.671088109013354,59.052630022018484
2001,Female,2,05-09,94,743906,89,777887,1.1044251785224648,0.8264978524916636,1.4758114268260378,10.44251785224648,-21.572886047243635,42.45792175173659
2001,Female,3,10-14,71,790103,87,789628,0.815601329790248,0.5961282280472645,1.1158765813433005,-18.4398670209752,-44.0065119138489,7.126777871898504
2001,Female,4,15-19,174,749435,186,737099,0.9200854321007849,0.7482592520255562,1.1313688405087365,-7.991456789921514,-27.011188212361326,11.028274632518297
2001,Female,5,20-24,207,708205,220,784051,1.041676793635125,0.8616049931944639,1.2593828389676593,4.1676793635125,-15.602312238512695,23.937670965537695
2001,Female,6,25-29,303,736574,287,923559,1.3237592010525725,1.1264063539513172,1.555689397724296,32.37592010525725,11.004725138976656,53.74711507153784
2001,Female,7,30-34,494,893113,461,1037716,1.2450824900293362,1.0966693955343871,1.4135804402768557,24.508249002933624,8.705161474218869,40.31133653164838
2001,Female,8,35-39,718,925616,816,1047812,0.9960629822014025,0.901012930665628,1.1011400954911954,-0.3937017798597453,-10.383305257383245,9.595901697663756
2001,Female,9,40-44,1031,840634,1038,912317,1.0779537506426418,0.9889457601083912,1.1749727188245207,7.795375064264176,-1.4944692370464585,17.08521936557481
2001,Female,10,45-49,1600,761686,1467,814547,1.166353089539832,1.086576774418276,1.2519865705830333,16.6353089539832,8.371734294506904,24.89888361345949
2001,Female,11,50-54,2859,824067,2490,872598,1.2158122041807893,1.152215023021078,1.2829196688992555,21.581220418078928,15.049131054721343,28.113309781436513
2001,Female,12,55-59,3577,697757,3271,731723,1.14678208611997,1.0936736855518503,1.2024694115064927,14.678208611997,9.240460262218676,20.11595696177533
2001,Female,13,60-64,5147,609159,4398,609991,1.171903106521723,1.125673444717674,1.2200313488071235,17.190310652172293,12.47368893216998,21.9069323721746
2001,Female,14,65-69,7617,560086,6546,561650,1.166860667033938,1.128944943469722,1.2060497937890835,16.68606670339381,12.831525243259412,20.540608163528205
2001,Female,15,70-74,12909,528522,10755,534864,1.2146816877614923,1.1839938383901005,1.2461649332477167,21.468168776149234,18.359953245401606,24.57638430689686
2001,Female,16,75-79,19535,467905,17524,488681,1.1642545367168782,1.140752430449978,1.1882408400665432,16.42545367168782,14.051197758517041,18.799709584858594
2001,Female,17,80-84,23631,339117,22370,365223,1.1376919208474905,1.1170796367610527,1.1586845415198603,13.769192084749049,11.68906274527246,15.849321424225638
2001,Female,18,85+,50585,318398,56692,373412,1.0464486334057226,1.0339789615759398,1.0590686880975566,4.644863340572258,3.3904070602124303,5.899319620932086
2002,Female,0,<1,648,127259,617,145738,1.2027466083506138,1.0771941457809031,1.3429328497233932,20.274660835061376,7.014603861942881,33.53471780817987
2002,Female,1,01-04,122,536434,103,598890,1.322371166572089,1.0173043662570476,1.7189206693519519,32.2371166572089,-2.444726819785359,66.91896013420316
2002,Female,2,05-09,73,733940,74,775297,1.0420743024137034,0.7541904295543346,1.4398470322577501,4.207430241370336,-29.485294591794155,37.900155074534815
2002,Female,3,10-14,107,792506,84,799002,1.2842506645285425,0.9650793289486117,1.7089784433978117,28.425066452854253,-8.268592678151787,65.1187255838603
2002,Female,4,15-19,183,762127,181,747983,0.992286069808394,0.8079858233700661,1.2186249013985697,-0.7713930191606044,-21.159590214289203,19.616804175967985
2002,Female,5,20-24,217,735653,215,793714,1.088960944965237,0.9017850157598059,1.3149874071265721,8.896094496523709,-11.64204750043326,29.434236493480668
2002,Female,6,25-29,276,702480,277,897368,1.2728168835157299,1.0773850272837409,1.5036990286073784,27.281688351572985,6.064387286074879,48.498989417071094
2002,Female,7,30-34,448,882350,499,1026208,1.0441718343469963,0.9191150795644188,1.1862440774666396,4.417183434699634,-8.903108873657661,17.73747574305693
2002,Female,8,35-39,701,932531,728,1061884,1.0964793015572023,0.9884551582601782,1.2163089531137974,9.64793015572023,-1.7243598187368758,21.020220130177346
2002,Female,9,40-44,1088,863120,1013,939455,1.169026220172149,1.0731470681725912,1.2734715902240084,16.90262201721491,6.898610586459175,26.90663344797064
2002,Female,10,45-49,1655,771323,1527,822374,1.1555588037302318,1.0779224810721146,1.2387868073317507,15.555880373023179,7.519144563665758,23.5926161823806
2002,Female,11,50-54,2561,791464,2375,834618,1.1371101750413757,1.0753595187166645,1.2024067557664058,13.711017504137569,7.361955090956807,20.06007991731833
2002,Female,12,55-59,3768,752213,3380,793247,1.1756060093044431,1.1222660868818843,1.2314811124272846,17.560600930444316,12.101811481515634,23.019390379372993
2002,Female,13,60-64,5084,608691,4332,612906,1.1817186411250395,1.1347848295555174,1.2305935983735237,18.171864112503954,13.382736740169076,22.960991484838832
2002,Female,14,65-69,7564,563459,6248,563331,1.2103523846494184,1.170468795207524,1.251595002809791,21.03523846494184,16.97968701045287,25.09078991943081
2002,Female,15,70-74,12530,525898,10540,533060,1.2049944202064335,1.1741798579904308,1.2366176636803392,20.499442020643354,17.377900876817655,23.620983164469056
2002,Female,16,75-79,19268,458975,17081,477880,1.174500401206889,1.1505553723596693,1.19894376713572,17.450040120688893,15.030791459487535,19.869288781890248
2002,Female,17,80-84,24397,355221,23482,381552,1.1159800843319962,1.096161883184608,1.1361565912212126,11.598008433199624,9.598380033080222,13.597636833319026
2002,Female,18,85+,51672,316139,57696,370218,1.0487911683827822,1.0364141950417347,1.061315948913096,4.879116838278219,3.6340583891283806,6.1241752874280575
2003,Female,0,<1,746,130260,664,149813,1.292138822447783,1.1638431943059013,1.4345770501089552,29.2138822447783,15.701828955043018,42.72593553451358
2003,Female,1,01-04,137,528838,123,590314,1.2432998600367482,0.9746349772134502,1.5860240788678985,24.32998600367482,-5.939551883113525,54.59952389046316
2003,Female,2,05-09,70,726370,78,776248,0.9590605621278694,0.6945474165990884,1.3243115442468871,-4.093943787213061,-35.04223254255249,26.854344968126355
2003,Female,3,10-14,87,787117,108,800674,0.819430134133666,0.6178526419929469,1.0867732839345585,-18.056986586633393,-41.194346582748956,5.080373409482153
2003,Female,4,15-19,194,778637,152,772626,1.2664627588438448,1.0242056031262279,1.5660214264036663,26.646275884384487,-0.24205757263622285,53.534609341405194
2003,Female,5,20-24,212,763976,232,799554,0.9563480149042415,0.7938526673772948,1.15210487184343,-4.365198509575851,-22.17469307122919,13.444296052077487
2003,Female,6,25-29,282,685581,291,882747,1.2477672899216177,1.0592649592880445,1.4698147013611975,24.776728992161768,4.340727291563895,45.21273069275964
2003,Female,7,30-34,455,864010,498,1011439,1.0695546505880933,0.9418885111636256,1.2145250069791869,6.955465058809329,-6.639720275126204,20.550650392744863
2003,Female,8,35-39,696,931896,750,1059301,1.0548723548550483,0.9514779954835857,1.169502279946979,5.487235485504827,-5.39466818792651,16.369139158936164
2003,Female,9,40-44,1121,883682,1072,965920,1.1430256517953865,1.051218497487863,1.2428506954400815,14.30256517953865,4.732141480424046,23.872988878653256
2003,Female,10,45-49,1641,784674,1501,837947,1.167495396149672,1.088562599686865,1.2521516910674422,16.74953961496719,8.576761623692297,24.922317606242082
2003,Female,11,50-54,2497,767316,2336,807087,1.1243248297686574,1.0626486971816655,1.1895806452188353,12.432482976865744,6.089251202176205,18.775714751555284
2003,Female,12,55-59,3917,785135,3503,824701,1.1745340659662178,1.1222020931806267,1.2293064506814193,17.45340659662178,12.100042436675572,22.806770756567985
2003,Female,13,60-64,5038,618061,4226,628365,1.2120186901818812,1.163464907851381,1.2625987216606702,21.201869018188123,16.246558962835223,26.157179073541027
2003,Female,14,65-69,7581,571246,6382,569336,1.1839004087973453,1.1451292577226595,1.2239842519943558,18.390040879734528,14.448019615518337,22.332062143950715
2003,Female,15,70-74,12104,523085,10300,530976,1.192873293254331,1.1619392179318433,1.2246309202749535,19.287329325433088,16.153104841229183,22.421553809636997
2003,Female,16,75-79,19032,453594,16489,470121,1.196278950632486,1.1715917671817495,1.221486329806513,19.6278950632486,17.13334771956152,22.122442406935683
2003,Female,17,80-84,26105,369185,25033,399594,1.1287186718750855,1.1093171498768974,1.1484595188858615,12.871867187508546,10.914846792098686,14.828887582918405
2003,Female,18,85+,52352,309030,58483,359356,1.0409452642611385,1.0287418112547448,1.0532934807676155,4.094526426113854,2.8669714028690008,5.3220814493587065
2004,Female,0,<1,698,135307,671,155433,1.194966875405058,1.0748186058548264,1.3285458825674603,19.496687540505796,6.834034980445969,32.15934010056563
2004,Female,1,01-04,128,523763,104,586750,1.3787798033726058,1.0644413088225313,1.7859451060679858,37.877980337260574,2.2022130400651596,73.55374763445599
2004,Female,2,05-09,68,717770,62,775206,1.1845381326662732,0.839607652021689,1.6711741303951995,18.453813266627318,-22.314851931718472,59.22247846497311
2004,Female,3,10-14,91,781403,76,798527,1.2236080654385697,0.9023382234054534,1.659263299470763,22.36080654385697,-14.906597817144307,59.62821090485826
2004,Female,4,15-19,197,788672,175,791861,1.1302661182341962,0.9220592627681392,1.3854874080359825,13.026611823419621,-9.985480774643385,36.03870442148263
2004,Female,5,20-24,233,783668,235,810493,1.0254280986770452,0.8554791684322781,1.2291389718856252,2.5428098677045208,-16.038328611904994,21.123948347314037
2004,Female,6,25-29,268,688518,276,890304,1.2555925726800485,1.0613278795818395,1.485415335730599,25.559257268004853,4.454404771959086,46.66410976405062
2004,Female,7,30-34,451,834048,430,989070,1.243781435366611,1.0898614661670873,1.419439357190244,24.3781435366611,7.947082947702566,40.80920412561964
2004,Female,8,35-39,736,928825,744,1056574,1.125306693130904,1.016289833809177,1.2460177318304053,12.530669313090392,1.0641275780911563,23.99721104808963
2004,Female,9,40-44,1106,905278,1007,993537,1.2053904193010017,1.10675453939852,1.3128168995198137,20.539041930100165,10.248428682588262,30.829655177612068
2004,Female,10,45-49,1600,797999,1477,853673,1.1588538981400758,1.0797257217953922,1.243781017832357,15.885389814007578,7.6894593240181885,24.081320303996968
2004,Female,11,50-54,2392,756500,2118,795459,1.1875286253789163,1.1200745540548582,1.2590449724878487,18.752862537891634,11.80830046970678,25.697424606076492
2004,Female,12,55-59,3860,798482,3440,839428,1.1796337329151834,1.1266489994625966,1.23511026459453,17.963373291518337,12.542218462470256,23.384528120566415
2004,Female,13,60-64,4895,633506,4254,646592,1.1744507377872013,1.1271778682275537,1.2237061908054094,17.445073778720133,12.620015099036541,22.270132458403722
2004,Female,14,65-69,7455,578912,6144,577937,1.2113353410214442,1.171108900549928,1.2529435202127743,21.133534102144424,17.04258083010155,25.224487374187298
2004,Female,15,70-74,11331,518451,9589,525289,1.1972518335696998,1.165129333375876,1.2302599479087897,19.72518335696998,16.469054050058517,22.981312663881436
2004,Female,16,75-79,17730,451501,15297,466363,1.1972031193058696,1.171587031900002,1.2233792879657275,19.720311930586966,17.13090102257231,22.30972283860162
2004,Female,17,80-84,25406,373885,24210,406745,1.14163082182558,1.1217098681870497,1.1619055607031665,14.163082182557996,12.153401353889626,16.172763011226365
2004,Female,18,85+,48963,308535,53701,356802,1.0544075070682177,1.0415726302690769,1.0674005428451023,5.440750706821773,4.149387361504209,6.7321140521393374
2005,Female,0,<1,667,138585,637,157636,1.1910379005024374,1.0684852731064127,1.3276470122129382,19.10379005024374,6.171131378857697,32.03644872162978
2005,Female,1,01-04,108,527191,100,595198,1.2193186909488212,0.9289390926845522,1.6004688378444756,21.931869094882117,-11.234130588217617,55.09786877798186
2005,Female,2,05-09,66,708923,59,770010,1.215036214996647,0.8552233317597162,1.7262309725761356,21.503621499664693,-21.16438247196961,64.171625471299
2005,Female,3,10-14,86,772035,85,796331,1.0436050179072192,0.7732955702911964,1.4084025245237153,4.360501790721916,-26.924169536903662,35.64517311834749
2005,Female,4,15-19,185,795301,166,808039,1.1323076314078129,0.9182517944125129,1.396262528367459,13.230763140781288,-10.495762943130483,36.957289224693056
2005,Female,5,20-24,215,805137,233,834054,0.9558878101202951,0.7941626521349812,1.1505470612099136,-4.411218987970489,-22.12881566627494,13.30637769033396
2005,Female,6,25-29,270,711642,279,919276,1.2500975708064883,1.0574893876279765,1.4777868740996336,25.009757080648832,4.092623441158172,45.92689072013949
2005,Female,7,30-34,417,808080,423,982384,1.1984574239893389,1.0468429804826922,1.372030212642677,19.845742398933886,3.635850700403198,36.055634097464576
2005,Female,8,35-39,707,918577,670,1045427,1.200943999056035,1.0805087756426126,1.3348031236589826,20.09439990560351,7.403316753384059,32.78548305782296
2005,Female,9,40-44,1153,924437,1040,1021938,1.2255843223829954,1.1270441639987907,1.3327400817565458,22.55843223829954,12.285669427459766,32.83119504913932
2005,Female,10,45-49,1604,817251,1487,876220,1.156514538471078,1.0777251815349793,1.2410639563881796,15.651453847107799,7.491287645943334,23.811620048272264
2005,Female,11,50-54,2440,748204,2100,791373,1.22894298499187,1.1592957284567547,1.3027744546003186,22.894298499187006,15.724430302197167,30.06416669617684
2005,Female,12,55-59,3850,805518,3488,846670,1.1601741252896223,1.1082177966155362,1.2145663109744276,16.017412528962225,10.701846740484022,21.332978317440432
2005,Female,13,60-64,5038,650304,4135,667718,1.2510057556413092,1.200597245205406,1.3035307276420829,25.10057556413092,19.955352148867632,30.245798979394213
2005,Female,14,65-69,7336,582288,6156,582382,1.1918752869079012,1.1521734700309483,1.2329451566903675,19.187528690790124,15.149716772107258,23.225340609472987
2005,Female,15,70-74,10748,515049,9200,522016,1.184063780508178,1.151555646210807,1.2174896114874012,18.406378050817796,15.110105566442012,21.70265053519358
2005,Female,16,75-79,17353,451783,15025,466980,1.1937914990721015,1.167999749374269,1.220152781728166,19.37914990721015,16.771705612408972,21.98659420201132
2005,Female,17,80-84,24624,365714,23554,396272,1.1327804171236158,1.1127245568430082,1.1531977662642665,13.278041712361578,11.25448886498579,15.301594559737364
2005,Female,18,85+,50580,321491,55438,371957,1.055589806212227,1.0429443797159164,1.0683885551813213,5.558980621222709,4.286802644720877,6.83115859772454
2006,Female,0,<1,783,142156,647,162257,1.381324543952911,1.2447182619431294,1.5329231956057665,38.13245439529109,23.74821847874371,52.516690311838474
2006,Female,1,01-04,110,536138,140,605498,0.8873618892364066,0.6912667387088031,1.13908434816347,-11.263811076359342,-33.42364431362722,10.896022160908526
2006,Female,2,05-09,60,696211,63,762945,1.0436696428443184,0.73284821617585,1.4863191304178842,4.36696428443184,-32.53298578587571,41.26691435473939
2006,Female,3,10-14,69,759240,82,793311,0.8792242017370386,0.6383240152547646,1.2110388743741736,-12.077579826296137,-40.22980370356789,16.07464405097563
2006,Female,4,15-19,189,802149,170,813462,1.127444329141432,0.916469368987986,1.3869865795043685,12.7444329141432,-10.613964297973432,36.10283012625983
2006,Female,5,20-24,202,824356,211,852159,0.9896343154923244,0.8159875441780275,1.2002341033116146,-1.036568450767561,-20.13021728317318,18.057080381638045
2006,Female,6,25-29,286,736466,261,941788,1.4012833973924952,1.18483805783579,1.657268811397341,40.12833973924952,16.617267237053834,63.6394122414452
2006,Female,7,30-34,389,775564,365,967187,1.3290751730795223,1.1521767601811648,1.5331335232092447,32.907517307952226,13.92428961312251,51.89074500278195
2006,Female,8,35-39,672,914337,708,1038883,1.0784409256958498,0.970404420528654,1.1985052887353158,7.844092569584982,-3.539797931109645,19.22798307027962
2006,Female,9,40-44,1112,934361,1069,1040621,1.1585238132395308,1.0652317438916605,1.2599863208541122,15.852381323953079,6.126082173407288,25.57868047449887
2006,Female,10,45-49,1722,838238,1401,901929,1.3225132081252131,1.2324632720525865,1.4191426432957555,32.251320812521314,22.925083968616345,41.57755765642628
2006,Female,11,50-54,2411,750887,2015,796025,1.268452713398233,1.1955880602990652,1.3457580746706943,26.845271339823306,19.34114862335534,34.349394056291274
2006,Female,12,55-59,3838,808284,3390,846091,1.1851091891837602,1.1316061732179623,1.2411418597106463,18.510918918376017,13.036082158398665,23.98575567835337
2006,Female,13,60-64,5017,673312,4394,700886,1.1885434935405932,1.1413727367030608,1.2376637277303293,18.85434935405932,14.041115527567483,23.667583180551155
2006,Female,14,65-69,7031,576000,5801,575145,1.210233297599552,1.1688823857006805,1.2530470580585404,21.0233297599552,16.815943708765847,25.230715811144556
2006,Female,15,70-74,10529,513307,8802,519205,1.209950047026266,1.176179813188406,1.2446898848997303,20.99500470262661,17.569958553282163,24.420050851971055
2006,Female,16,75-79,16705,452635,14271,468198,1.2108030193851997,1.1840514440196643,1.2381589998955898,21.080301938519973,18.375149199364206,23.785454677675745
2006,Female,17,80-84,22996,357656,22019,385325,1.1251654305232397,1.1045629572015971,1.1461521842557014,12.51654305232397,10.43720005875981,14.595886045888129
2006,Female,18,85+,50172,336575,54910,388709,1.0552435630151304,1.042546870283098,1.068094882854036,5.524356301513045,4.2469868687617485,6.801725734264341
2007,Female,0,<1,718,145010,658,168215,1.2658006606399013,1.138746538185496,1.4070306769313858,26.580066063990127,13.19084113695601,39.969290991024245
2007,Female,1,01-04,113,551016,104,623015,1.2285119844349068,0.9412632354522525,1.603421486206291,22.851198443490684,-9.868511449535145,55.570908336516524
2007,Female,2,05-09,62,682351,51,752943,1.3414539886191057,0.9261044850418053,1.9430839960794233,34.14539886191057,-15.55846389451575,83.84926161833688
2007,Female,3,10-14,76,750046,97,795222,0.8306964320621325,0.6152397584734183,1.1216059312437483,-16.93035679378675,-41.872214932617084,8.01150134504358
2007,Female,4,15-19,156,809498,168,824205,0.9454417605549541,0.7603090464202311,1.1756536724241538,-5.45582394450459,-26.059580877758904,15.147932988749723
2007,Female,5,20-24,205,836058,222,867318,0.9579499948050934,0.7923022602639631,1.158229931391775,-4.205000519490665,-22.391931997033243,13.981930958051914
2007,Female,6,25-29,226,766531,277,970009,1.0324635079319113,0.8661112971417902,1.230766644805185,3.246350793191133,-14.892955341219904,21.38565692760217
2007,Female,7,30-34,396,741451,359,946491,1.4081041251534685,1.2206813392649953,1.6243037093268629,40.81041251534685,20.697753038872335,60.92307199182137
2007,Female,8,35-39,702,904139,618,1030761,1.2950049017830267,1.162300117304462,1.442861160103256,29.500490178302673,15.499728740035025,43.50125161657032
2007,Female,9,40-44,1134,939827,1085,1056538,1.1749530704638607,1.0811137930416614,1.27693747566428,17.495307046386067,7.715419825891856,27.275194266880277
2007,Female,10,45-49,1647,860992,1490,929245,1.1929945166730107,1.1122554452824307,1.27959446982116,19.29945166730107,10.939344503742966,27.659558830859176
2007,Female,11,50-54,2326,760320,2065,806082,1.1941873410252648,1.1254740990845509,1.2670957124868123,19.41873410252648,12.341796444432052,26.49567176062091
2007,Female,12,55-59,3642,772962,3189,808207,1.1941252618000329,1.1386920607337288,1.252257032467742,19.412526180003287,13.736415312462412,25.08863704754416
2007,Female,13,60-64,5438,726437,4614,761412,1.2353310966604942,1.1878067295871881,1.284756922455543,23.533109666049423,18.686843211998692,28.379376120100154
2007,Female,14,65-69,6844,575002,5714,578484,1.2050130800354648,1.1634240854969629,1.2480887589982321,20.50130800354648,16.268944572157462,24.733671434935502
2007,Female,15,70-74,10439,516308,8464,521053,1.2446759248461812,1.2094996334812576,1.280875260319542,24.467592484618116,20.899299947403694,28.03588502183254
2007,Female,16,75-79,16231,452651,13840,468987,1.215084575839113,1.1878399501048544,1.2429540918469593,21.508457583911287,18.752986672060956,24.263928495761622
2007,Female,17,80-84,23042,352535,21154,379471,1.1724761666550625,1.1507966880009384,1.1945640578460102,17.24761666550625,15.059375211352656,19.435858119659844
2007,Female,18,85+,52412,347924,56187,401844,1.0773777158770759,1.0646303142849427,1.0902777490871245,7.737771587707587,6.455430125578854,9.02011304983632
2008,Female,0,<1,713,150626,661,175333,1.2556013990870134,1.1295121827854984,1.3957661523414129,25.56013990870134,12.272258790053957,38.84802102734872
2008,Female,1,01-04,113,566539,138,641893,0.9277526105561736,0.7234998922076855,1.1896683270641295,-7.224738944382636,-30.29467295246412,15.845195063698835
2008,Female,2,05-09,60,673893,68,747716,0.97901211581765335,0.691859557222642,1.3853457871787729,-2.098788418234665,-36.08627437160958,31.888697535140253
2008,Female,3,10-14,67,742284,57,795439,1.2596118220982615,0.8848181484192666,1.7931616176772738,25.96118220982615,-18.5253765950814,70.4477410147337
2008,Female,4,15-19,178,808779,145,827896,1.2566024962874005,1.0091916543752562,1.5646679466976399,25.66024962874005,-1.8922654267126138,53.21276468419271
2008,Female,5,20-24,217,846602,210,887670,1.083459524073886,0.8962208542339514,1.3098161404755466,8.345952407388602,-12.210264238292833,28.902169053070036
2008,Female,6,25-29,289,791308,253,990535,1.4298865823416482,1.2078525841558791,1.6927360715873723,42.988658234164824,18.859169302828338,67.11814716550131
2008,Female,7,30-34,409,724843,398,943779,1.3380322969541065,1.1655542714629394,1.5360335177229958,33.80322969541065,15.337934916988448,52.268524473832855
2008,Female,8,35-39,667,885919,655,1020146,1.1726079897935633,1.0527576701502237,1.3061025691995138,17.26079897935633,4.618062638816145,29.903535319896513
2008,Female,9,40-44,1142,936947,1112,1054496,1.155822723263456,1.0642151670932753,1.2553158505164037,15.582272326345592,6.038088181358825,25.12645647133236
2008,Female,10,45-49,1654,881886,1526,958080,1.1775254374182313,1.098389187662406,1.262363260073499,17.752543741823136,9.560450068352067,25.944637415294203
2008,Female,11,50-54,2443,773746,2085,823069,1.2463936724263878,1.175644409281412,1.321400565000841,24.639367242638777,17.355705765933706,31.923028719343847
2008,Female,12,55-59,3543,749755,3026,783824,1.2240563607244548,1.1660875300398568,1.2849069522069105,22.40563607244548,16.466994976693307,28.34427716819765
2008,Female,13,60-64,5526,759339,4765,795109,1.2143361921363574,1.1681831768969244,1.262312637859826,21.433619213635737,16.72832367437882,26.13891475289265
2008,Female,14,65-69,6813,584639,5775,594819,1.200282433362197,1.1589318010057832,1.2431084543435424,20.02824333621971,15.820272707782745,24.23621396465667
2008,Female,15,70-74,10473,524696,8457,528221,1.2467020758851897,1.2114858322410806,1.2829420077833389,24.670207588518966,21.09788768012053,28.242527496917404
2008,Female,16,75-79,15888,451665,13701,468821,1.203670408491816,1.176476889720684,1.2314924882398928,20.367040849181596,17.616500309399786,23.117581388963405
2008,Female,17,80-84,22542,350053,20721,375883,1.1681553844713444,1.1463268893919436,1.1903995403904593,16.815538447134436,14.612036573114207,19.01904032115467
2008,Female,18,85+,54063,353818,58388,410861,1.0752056494348528,1.0627007672542608,1.087857677531933,7.520564943485275,6.262748118960637,8.778381768009913
2009,Female,0,<1,707,149383,662,174316,1.2462279839370698,1.1208845467658357,1.3855880094244075,24.62279839370698,11.412379382853821,37.83321740456014
2009,Female,1,01-04,110,582068,114,663436,1.09979855250529,0.8463428362371244,1.4291570795003967,9.979855250529003,-18.830224205119627,38.78993470617762
2009,Female,2,05-09,54,671136,72,750193,0.8383468477327993,0.5890974308526437,1.1930546634472179,-16.165315226720068,-45.745572808799025,13.414942355358894
2009,Female,3,10-14,93,733165,56,792649,1.795453298857887,1.2888295526617133,2.501224884021417,79.5453298857887,20.021916079256652,139.06874369232077
2009,Female,4,15-19,165,811397,145,832917,1.1681114219651736,0.9345243759007111,1.460084219644229,16.81114219651736,-9.250106198258424,42.872390591293154
2009,Female,5,20-24,208,847310,188,892209,1.1650102690441866,0.9564667760239366,1.4190235991474118,16.50102690441866,-6.477533967142756,39.479587775980086
2009,Female,6,25-29,282,802547,287,1000508,1.2249470087587737,1.0393092304458693,1.4437427575076445,22.49470087587737,2.36376323491414,42.6256385168406
2009,Female,7,30-34,373,725733,370,952682,1.323360586673954,1.1460971361112255,1.5280408502757783,32.33605866739539,13.304542145794107,51.36757518899668
2009,Female,8,35-39,667,858261,587,1008246,1.3348573651089528,1.1947071832314002,1.4914484571576352,33.48573651089528,18.67905502739662,48.292417994393944
2009,Female,9,40-44,1143,933787,1014,1053119,1.2712702977389843,1.1681971725283318,1.383437837309241,27.127029773898425,16.377809777553654,37.8762497702432
2009,Female,10,45-49,1652,902583,1509,987208,1.1974084535691967,1.1166861500253493,1.283965960038483,19.740845356919667,11.383641466059636,28.0980492477797
2009,Female,11,50-54,2234,788169,2087,841616,1.1430240113453882,1.0768163396619692,1.2133024382990285,14.302401134538822,7.482143989220935,21.122658279856708
2009,Female,12,55-59,3485,741067,2913,777010,1.254386673772647,1.1941588551804572,1.3176521034135158,25.4386673772647,19.266495843409913,31.610838911119487
2009,Female,13,60-64,5382,772230,4676,811776,1.2099257760459037,1.1634335093656631,1.2582759321918215,20.992577604590366,16.25166971016816,25.733485499012577
2009,Female,14,65-69,6659,601595,5605,615561,1.2156268288850545,1.173195368806804,1.259592925778487,21.562682888505446,17.24371373026998,25.88165204674091
2009,Female,15,70-74,9874,532638,8300,537477,1.200446384232479,1.1659148447009051,1.236000663313035,20.044638423247907,16.540844997347314,23.5484318491485
2009,Female,16,75-79,14864,449855,12724,466332,1.2109736753312224,1.18264403791359,1.239981934828268,21.097367533122235,18.230740422373557,23.96399464387091
2009,Female,17,80-84,21036,350426,19485,375696,1.1574520324183715,1.1351141243352043,1.180229528140204,15.745203241837146,13.489575826888611,18.00083065678568
2009,Female,18,85+,51017,358914,56063,417334,1.0581127609230871,1.0454989878290595,1.0708787171120004,5.811276092308715,4.542320045955139,7.08023213866229
2010,Female,0,<1,668,150189,674,177671,1.1724517711047087,1.0534701332894232,1.304871502407281,17.245177110470866,4.699065786766821,29.791288434174913
2010,Female,1,01-04,114,592478,101,681090,1.2975250549471045,0.992653931248722,1.6960304243167765,29.752505494710448,-4.999345503199548,64.50435649262043
2010,Female,2,05-09,65,675706,63,758218,1.1577348916517134,0.818682278128766,1.6372042184806987,15.77348916517134,-24.344875837579906,55.891854167922574
2010,Female,3,10-14,66,725719,73,790389,0.9846762644668291,0.7058483716800863,1.3736482008118844,-1.5323735533170901,-34.31347509601244,31.248727989378256
2010,Female,4,15-19,171,803850,144,830074,1.2262398146420352,0.9824258595191901,1.5305624016750154,22.623981464203524,-4.55964914675665,49.80761207516369
2010,Female,5,20-24,176,852987,191,899017,0.9711913202436008,0.7913418287070427,1.1919154862034833,-2.8808679756399225,-22.77023116743543,17.008495216155595
2010,Female,6,25-29,253,808924,268,1011898,1.1809044087089116,0.9944863093272808,1.4022668883712193,18.090440870891157,-2.1986234695203777,38.379505211302686
2010,Female,7,30-34,360,742605,357,974729,1.323610802512776,1.1433551962192479,1.5322845974039416,32.3610802512776,12.983899352724194,51.738261149831
2010,Female,8,35-39,659,829858,633,996398,1.2500021692361558,1.120825962805933,1.3940660503468703,25.000216923615582,11.365267461887685,38.63516638534348
2010,Female,9,40-44,1078,923375,1054,1044386,1.1568074567634972,1.0626455649811797,1.259313110714701,15.680745676349716,5.859172311197414,25.50231904150202
2010,Female,10,45-49,1636,921685,1480,1013802,1.215884180398738,1.1333287210803011,1.3044532558344664,21.58841803987379,13.039237343338383,30.1375987364092
2010,Female,11,50-54,2306,807596,2173,864631,1.1361514310713197,1.0714876757154408,1.2047176123267151,13.615143107131967,6.957457117285681,20.27282909697825
2010,Female,12,55-59,3421,733924,2873,774727,1.2569414560884216,1.1961189491241229,1.3208567803315794,25.694145608842156,19.459810529010735,31.928480688673577
2010,Female,13,60-64,5410,782001,4633,821952,1.2273660693945858,1.180144488590628,1.2764771456926824,22.736606939458582,17.921209549074323,27.552004329842838
2010,Female,14,65-69,6719,619404,5677,637985,1.2190519377792282,1.1767307991624318,1.262895156701135,21.905193777922815,17.59787220085236,26.212515354993272
2010,Female,15,70-74,9808,536528,8178,541956,1.211448588034708,1.1764091714029299,1.2475316557597795,21.14485880347079,17.589245092034123,24.700472514907457
2010,Female,16,75-79,14483,449312,12569,465883,1.1947764402388992,1.1665676313289866,1.2236673672521656,19.477644023889916,16.622928856767572,22.332359191012262
2010,Female,17,80-84,20726,354367,19486,379100,1.1378717310793443,1.1158339344830968,1.1603447756670795,13.787173107934425,11.56177292011764,16.01257329575121
2010,Female,18,85+,52161,366198,57744,424596,1.0473672130331246,1.035039884331522,1.0598413602633827,4.736721303312463,3.496676477886984,5.9767661287379426
2011,Female,0,<1,637,152472,605,178738,1.234271936773976,1.104302021277787,1.3795385542670886,23.427193677397607,9.69372249708802,37.16066485770719
2011,Female,1,01-04,95,598771,120,695047,0.918958235563624,0.7020980157670532,1.2028010615976412,-8.1041764436376,-32.839560042939596,16.631207155664395
2011,Female,2,05-09,45,687551,46,772085,1.0985374808243475,0.7283506115475374,1.6568731839351798,9.853748082434755,-35.29092099979756,54.99841716466707
2011,Female,3,10-14,53,713574,58,783571,1.0034303041619637,0.6914091268545899,1.456261330959153,0.343030416196366,-37.02952908403958,37.715589916432315
2011,Female,4,15-19,131,794770,111,828439,1.2301763885001802,0.9553337090161865,1.5840893423323192,23.017638850018017,-8.087633210202139,54.122910910238176
2011,Female,5,20-24,199,866561,198,914152,1.060247263946715,0.870891712166263,1.2907738643078135,6.024726394671509,-14.834555430576534,26.884008219919544
2011,Female,6,25-29,279,812048,254,1019255,1.3787059065667895,1.1631876131680954,1.634155965283185,37.87059065667895,14.435191652212144,61.30598966114575
2011,Female,7,30-34,372,760997,399,1002871,1.2286612810197417,1.06679965496057,1.4150815820547573,22.86612810197417,5.509813439385969,40.22244276456237
2011,Female,8,35-39,625,793065,508,973650,1.5104640368914564,1.3435729937673886,1.698085342088551,51.046403689145635,33.36122098011089,68.73158639818038
2011,Female,9,40-44,1082,920055,965,1039510,1.2668197606906975,1.1615159736083918,1.3816704570069989,26.681976069069748,15.688057020738322,37.67589511740117
2011,Female,10,45-49,1601,932241,1530,1033735,1.1603284012935784,1.0818030936166279,1.2445536593424078,16.03284012935784,7.901967715198621,24.163712543517057
2011,Female,11,50-54,2318,830126,2071,893465,1.204666575762667,1.1353473882458933,1.278218080020319,20.46665757626669,13.327302909442128,27.60601224309125
2011,Female,12,55-59,3252,737329,2787,781388,1.2365708086363527,1.1755646190463795,1.300742928119067,23.657080863635272,17.400834774146155,29.913326953124386
2011,Female,13,60-64,5327,786576,4660,823717,1.197110163860742,1.1509609184536653,1.2451098220989545,19.7110163860742,15.004783571341829,24.417249200806566
2011,Female,14,65-69,6993,642749,5784,672258,1.2645319692659076,1.2212395448066333,1.3093590918305062,26.45319692659076,22.048110577546876,30.858283275634648
2011,Female,15,70-74,9498,533051,7947,537922,1.2060893880658436,1.1706815772919086,1.2425681246048386,20.608938806584366,17.015143266408405,24.202734346760323
2011,Female,16,75-79,13830,450483,12092,466721,1.184958054603485,1.1563923439351085,1.2142294079806437,18.495805460348503,15.60423924039891,21.387371680298095
2011,Female,17,80-84,20234,358235,18653,383420,1.1610202741024755,1.138150077198647,1.1843500289476496,16.102027410247555,13.79218220223577,18.411872618259338
2011,Female,18,85+,51730,372542,56706,430867,1.0550704410088834,1.0425720700497223,1.0677186426427003,5.507044100888336,4.249745229291468,6.764342972485204
2012,Female,0,<1,623,154282,616,182902,1.1989761075056184,1.0726162284314635,1.3402218503364536,19.897610750561846,6.54494818980389,33.2502733113198
2012,Female,1,01-04,100,606864,89,708125,1.3110780461779417,0.9853361057808268,1.7445069079323052,31.107804617794166,-6.33949584897846,68.55510508456679
2012,Female,2,05-09,63,705797,56,799143,1.27378817847058,0.8887192869082816,1.8257017120174739,27.378817847058002,-18.473624964344125,73.23126065846013
2012,Female,3,10-14,53,695814,66,769154,0.8876710869527916,0.6183729973066276,1.2742470354364959,-11.232891304720837,-43.323039583180886,20.85725697373921
2012,Female,4,15-19,116,781798,112,821459,1.0882565847297787,0.8393971267539145,1.410896411794513,8.82565847297787,-19.430739099323723,37.08205604527946
2012,Female,5,20-24,175,871341,173,925449,1.0743759703376086,0.8707524754009612,1.3256163585493768,7.437597033760857,-15.139073937547455,30.014268005069166
2012,Female,6,25-29,234,815711,236,1022270,1.2426051566244103,1.0370626630087219,1.488885513234015,24.26051566244103,1.7920083241883544,46.7290230006937
2012,Female,7,30-34,363,784147,360,1033492,1.3289656573746165,1.1486798365696598,1.537547419440614,32.89656573746165,13.5218912219774,52.271240252945894
2012,Female,8,35-39,569,760764,513,963918,1.405351748431655,1.2472687802148452,1.583470674604481,40.53517484316549,23.764909880809746,57.30543980552123
2012,Female,9,40-44,1000,910861,895,1036613,1.2715736162185647,1.1619122245320586,1.3915848609944161,27.157361621856467,15.68928280560884,38.6254404381041
2012,Female,10,45-49,1574,935598,1561,1049759,1.13136345692495,1.0548638844137719,1.2134108396141636,13.136345692494999,5.215470408032319,21.05722097695768
2012,Female,11,50-54,2307,853728,2108,923256,1.1835309005803982,1.1156603711386375,1.25553029296815,18.35309005803982,11.363657380417491,25.342522735662154
2012,Female,12,55-59,3331,748372,2885,795047,1.2266031853536246,1.1669579226351003,1.2892970218859572,22.660318535362457,16.54589613923443,28.774740931490484
2012,Female,13,60-64,5051,749809,4404,785408,1.201364321046851,1.1537865441452895,1.25090402484588,20.1364321046851,15.28187931184235,24.990984897527845
2012,Female,14,65-69,7262,697397,6315,734811,1.2116535633147432,1.1714727167817303,1.2532125899837347,21.165356331474317,17.07913727843613,25.251575384512503
2012,Female,15,70-74,9614,534604,7898,544292,1.2393293521360844,1.2029836894518082,1.2767731238035018,23.93293521360844,20.244008242826883,27.62186218439
2012,Female,16,75-79,13949,455626,12227,470453,1.177960982313391,1.1497027413376837,1.2069137751539674,17.796098231339098,14.935827614810403,20.65636884786779
2012,Female,17,80-84,20767,361174,19215,386909,1.157779157786048,1.1352858311149834,1.1807181429255478,15.77791577860479,13.506445910570019,18.04938564663956
2012,Female,18,85+,55296,377503,60144,435381,1.0603530094830151,1.048178917528434,1.0726684976366996,6.035300948301514,4.810849155847552,7.259752740755476
2013,Female,0,<1,571,150153,537,177901,1.2598133268436151,1.1197921477055177,1.4173430504445363,25.98133268436151,11.138152728995498,40.82451263972753
2013,Female,1,01-04,118,612510,94,716874,1.4692097428196569,1.1204786964142919,1.9264777414367533,46.92097428196569,7.109994047964308,86.73195451596708
2013,Female,2,05-09,55,727508,61,826964,1.0249004529002081,0.7118733775978727,1.4755727231991247,2.4900452900208148,-34.86252474934264,39.842615329384266
2013,Female,3,10-14,55,686086,64,764154,0.9571611193786203,0.6675363047473326,1.3724458159573893,-4.283888062137975,-38.777865045279114,30.210088921003162
2013,Female,4,15-19,126,771003,97,818893,1.3796531017549492,1.0587418211864486,1.7978346024425613,37.96531017549491,1.438877029633634,74.4917433213562
2013,Female,5,20-24,176,868024,187,937991,1.0170399191998487,0.8278321983448641,1.249492589578075,1.7039919199848708,-19.230877009715098,22.63886084968483
2013,Female,6,25-29,253,822836,261,1030754,1.2142881542164359,1.0214603199907126,1.4435173766551845,21.428815421643588,0.43076980062752845,42.426861042659645
2013,Female,7,30-34,388,808179,388,1059173,1.3105673371864401,1.138532697815162,1.5085967654648795,31.056733718644015,12.614456480485803,49.49901095680222
2013,Female,8,35-39,570,742213,532,962569,1.3895255520604308,1.2346739731296557,1.5637984616576102,38.95255520604308,22.534558579953746,55.37055183213242
2013,Female,9,40-44,1020,893851,940,1031083,1.2517016199353708,1.1455516358494706,1.3676877552420592,25.17016199353708,14.077879827689133,36.26244415938502
2013,Female,10,45-49,1586,935783,1475,1057487,1.2150972796333324,1.1319311258911333,1.3043738838879917,21.509727963333237,12.894809268147123,30.12464665851935
2013,Female,11,50-54,2334,874961,2106,954021,1.2084028028521552,1.1392752888695084,1.2817247492394255,20.840280285215517,13.721924824155396,27.95863574627564
2013,Female,12,55-59,3168,761340,2956,812835,1.1442067122376247,1.0882702564229862,1.2030182692237197,14.420671223762472,8.685672148893309,20.155670298631634
2013,Female,13,60-64,4850,729966,4255,766593,1.19702822596251,1.1487478529118136,1.2473377600828057,19.702822596251004,14.774719484187138,24.630925708314866
2013,Female,14,65-69,7442,728311,6521,767298,1.202327172739792,1.1630113991407203,1.24297202192216,20.232717273979194,16.235422555519484,24.230011992438904
2013,Female,15,70-74,9525,544019,8089,560849,1.2139534424203258,1.1785057540792072,1.250467344145961,21.39534424203258,17.79779134411359,24.992897139951566
2013,Female,16,75-79,14104,464715,12246,477822,1.1842066489066285,1.1558823432876486,1.2132250271476672,18.420664890662852,15.553810739734452,21.287519041591253
2013,Female,17,80-84,20983,361022,18856,387885,1.1956039151717377,1.1723189672839212,1.219351355617697,19.56039151717377,17.208923700627476,21.911859333720063
2013,Female,18,85+,56373,378491,60899,437917,1.071019144262739,1.0588201319502633,1.0833587053775178,7.101914426273903,5.875012588983242,8.328816263564566
2014,Female,0,<1,631,147393,546,174531,1.3684610322272899,1.2203365678493932,1.534564845520302,36.846103222728985,21.169002922249636,52.52320352320834
2014,Female,1,01-04,94,614835,96,720576,1.1475664202590938,0.8635021401042525,1.525078662511801,14.756642025909382,-17.880427758303163,47.39371181012193
2014,Female,2,05-09,58,742766,63,847873,1.0509117165614636,0.7356431053234828,1.5012924446841922,5.091171656146365,-32.39151557217759,42.57385888447032
2014,Female,3,10-14,56,684391,56,767168,1.1209498663775532,0.773964894246721,1.62349560331777,12.094986637755323,-29.425577462729922,53.61555073824058
2014,Female,4,15-19,125,762292,152,812680,0.8767275117947619,0.6919677481844372,1.110819300400339,-12.327248820523806,-33.075609568367604,8.421111927320002
2014,Female,5,20-24,165,865432,218,948169,0.8292400195784918,0.6773994814021397,1.0151159381569101,-17.075998042150818,-33.8472503540074,-0.30474573029424246
2014,Female,6,25-29,272,830122,253,1043680,1.3516797897595565,1.1390027896134394,1.6040682873696108,35.16797897595565,12.02790032470853,58.30805762720277
2014,Female,7,30-34,418,818423,401,1070808,1.3638471186343306,1.189227654830622,1.5641067170373626,36.38471186343306,17.699269428584596,55.07015429828152
2014,Female,8,35-39,608,745548,536,979506,1.4902882615684312,1.3268956455094907,1.6738008825975692,49.02882615684312,31.72248822130932,66.33516409237691
2014,Female,9,40-44,1042,866626,955,1020676,1.2850515092031163,1.1770317006580984,1.4029846268217796,28.50515092031163,17.22200786324215,39.78829397738111
2014,Female,10,45-49,1631,934506,1457,1060830,1.2707441180103363,1.1840591017691926,1.3637753479071157,27.074411801033627,18.096071361255884,36.05275224081137
2014,Female,11,50-54,2346,896677,2167,985897,1.1903224137169428,1.122801126426647,1.2619041923356078,19.03224137169428,12.081039678730733,25.98344306465783
2014,Female,12,55-59,3249,777130,2765,832965,1.2594694988554935,1.1971910965340113,1.3249876507933447,25.94694988554935,19.55986020337668,32.33403956772203
2014,Female,13,60-64,4834,722027,4154,760250,1.225302005935479,1.17553163452195,1.2771795855243526,22.53020059354791,17.44925928134449,27.611141905751335
2014,Female,14,65-69,7537,740446,6352,783851,1.2561113829866077,1.2148697213560262,1.2987530915721441,25.611138298660773,21.41774874268649,29.804527854635054
2014,Female,15,70-74,9600,562014,8318,581744,1.194640119692572,1.16007540167301,1.2302347015727493,19.4640119692572,15.95655090617174,22.971473032342658
2014,Female,16,75-79,13970,473763,12104,487884,1.1885649711165789,1.1599860514589675,1.217847998075971,18.856497111657887,15.963685392684956,21.74930883063082
2014,Female,17,80-84,19882,362273,18499,388340,1.1520941617208418,1.129256189761325,1.1753940066972637,15.209416172084179,12.902679451174826,17.51615289299353
2014,Female,18,85+,54614,386400,59535,446835,1.0608199871467643,1.04857167338509,1.073211372854603,6.081998714676429,4.850041433259067,7.3139559960937905
2015,Female,0,<1,570,145815,515,174652,1.3256808650674199,1.1767617090008569,1.4934457354990491,32.56808650674199,16.771295013601616,48.36487799988236
2015,Female,1,01-04,91,612896,103,716100,1.0322646481399906,0.7786259748822407,1.3685265302904073,3.2264648139990637,-25.881288266328028,32.33421789432616
2015,Female,2,05-09,60,755709,59,868174,1.1682920456939403,0.815612750520683,1.6734734752005562,16.82920456939403,-25.15436306790242,58.812772206690475
2015,Female,3,10-14,66,691591,55,776993,1.3481835362229988,0.9426245248347856,1.9282320791105254,34.81835362229988,-13.425774628199537,83.0624818727993
2015,Female,4,15-19,133,754124,140,807046,1.0166679485071421,0.8018797181800347,1.2889884780570773,1.666794850714215,-22.461503188845334,25.79509289027375
2015,Female,5,20-24,183,858212,173,952748,1.174325386650762,0.9539464369915809,1.44561587554274,17.43253866507619,-6.9748278888399735,41.83990521899234
2015,Female,6,25-29,249,836255,262,1057028,1.2012843520236371,1.0099739552141511,1.4288329782829534,20.128435202363715,-0.7098521352345566,40.966722539961985
2015,Female,7,30-34,383,826035,381,1078718,1.3127537715469562,1.139176847463297,1.5127786950272277,31.275377154695615,12.65775763738124,49.89299667200999
2015,Female,8,35-39,636,763002,540,1004882,1.5511462471774502,1.3830647406787806,1.7396544133948812,55.114624717745016,37.3241703150287,72.90507912046134
2015,Female,9,40-44,999,840528,866,1013069,1.3903829610302358,1.2694409681349788,1.5228473216547822,39.03829610302358,26.385449694509155,51.69114251153801
2015,Female,10,45-49,1634,926479,1502,1057972,1.2422834904105946,1.1582255293127315,1.3324419394057694,24.22834904105946,15.524650920188488,32.932047161930434
2015,Female,11,50-54,2429,917777,2300,1015660,1.1687210272875324,1.1039396771284893,1.2373038744082072,16.872102728753234,10.207505460614264,23.536699996892207
2015,Female,12,55-59,3295,798265,2912,858100,1.216339645053011,1.1571905123086959,1.2785121519670857,21.63396450530111,15.57039428286271,27.6975347277395
2015,Female,13,60-64,4814,716097,4141,758285,1.2310096749249584,1.180919187466954,1.2832248267633952,23.10096749249584,17.98715647565188,28.2147785093398
2015,Female,14,65-69,7760,750370,6724,794545,1.2220164524505805,1.1827554914200966,1.2625806609165817,22.201645245058053,18.211096047120968,26.19219444299514
2015,Female,15,70-74,10097,578980,8519,603462,1.2353502397615026,1.2002384765906196,1.2714891620653526,23.53502397615026,19.972983311578997,27.097064640721523
2015,Female,16,75-79,14609,477507,12416,492003,1.2123465853102193,1.1836863403364646,1.241700772263335,21.234658531021932,18.334213629767106,24.13510343227676
2015,Female,17,80-84,20986,362572,19518,387804,1.150038493133589,1.1278407161138342,1.172673159243779,15.003849313358897,12.762369074700143,17.24532955201765
2015,Female,18,85+,59792,387681,64980,449050,1.0658192434343732,1.0540465144841438,1.0777234629260835,6.581924343437318,5.398101262693822,7.765747424180813
2016,Female,0,<1,639,147419,515,176056,1.4818048048370418,1.319423409758946,1.6641704727971278,48.18048048370418,30.981768216911455,65.37919275049691
2016,Female,1,01-04,98,606244,102,708302,1.1225273173514165,0.8507315645121885,1.4811576656647194,12.252731735141653,-18.86836289045002,43.373826360733325
2016,Female,2,05-09,50,768424,43,884142,1.3378969072065108,0.8899922532696144,2.0112176569367213,33.78969072065108,-20.74853003064402,88.32791147194618
2016,Female,3,10-14,62,706254,54,794196,1.291114339411411,0.8964382780217268,1.8595549501885082,29.111433941141108,-17.992485528126778,76.215353410409
2016,Female,4,15-19,124,744742,116,803085,1.1527081491493605,0.8948836958348549,1.4848142650266298,15.270814914936048,-13.912943292899715,44.45457312277181
2016,Female,5,20-24,196,853042,168,952569,1.302785208700158,1.060170793058824,1.6009206357317007,30.27852087001579,3.4314502153485638,57.12559152468302
2016,Female,6,25-29,269,850328,267,1075564,1.274356082801025,1.0758613836239355,1.509472735513325,27.435608280102496,5.858288805468814,49.01292775473618
2016,Female,7,30-34,433,838164,415,1086229,1.352172781207439,1.1818359008080732,1.5470601536034931,35.21727812074389,17.01112502341924,53.423431218068544
2016,Female,8,35-39,619,784604,527,1034995,1.5494150413319128,1.3794797862142163,1.740284268241373,54.94150413319127,36.94179381619593,72.94121445018662
2016,Female,9,40-44,964,807641,884,996108,1.3449707485900182,1.227646900102637,1.473507011186651,34.49707485900182,22.221121084108788,46.77302863389485
2016,Female,10,45-49,1670,927013,1508,1059718,1.265958928963655,1.1808133187792107,1.35724418444036,26.595892896365502,17.7814731549782,35.4103126377528
2016,Female,11,50-54,2527,930084,2353,1039405,1.2001787776136832,1.1346454077879462,1.2694971383548548,20.017877761368318,13.278833002976388,26.756922519760252
2016,Female,12,55-59,3508,820906,3199,886375,1.1840482848909304,1.1286508854036204,1.2421647464989058,18.40482848909304,12.731306724944469,24.07835025324161
2016,Female,13,60-64,4914,720578,4180,764318,1.2469583833955944,1.1965787243415555,1.2994591816565817,24.69583833955944,19.553273351630864,29.838403327488017
2016,Female,14,65-69,7955,756178,6766,795731,1.2372299658823707,1.1977688489306058,1.277991149831596,23.722996588237066,19.712583867838916,27.733409308635217
2016,Female,15,70-74,10368,600868,9042,636373,1.2144039055483806,1.1806330140417638,1.2491407814884223,21.44039055483806,18.015456224953375,24.86532488472275
2016,Female,16,75-79,14247,474707,12431,488747,1.1799832069698475,1.1519365805484933,1.2087126949887077,17.99832069698475,15.159788748230806,20.83685264573869
2016,Female,17,80-84,19955,366034,18545,390199,1.1470692000785674,1.124365173565217,1.170231683356711,14.706920007856738,12.413747270843146,17.000092744870333
2016,Female,18,85+,57547,393347,62810,454777,1.05929407970086,1.047380866533462,1.0713427972034115,5.929407970086009,4.731336979246925,7.127478960925093
2017,Female,0,<1,573,144755,562,170806,1.20306157256014,1.0709095419073558,1.351521385077067,20.30615725601399,6.307177406375186,34.3051371056528
2017,Female,1,01-04,83,599580,78,697188,1.2373320298567971,0.908345110024495,1.68547233338247,23.733202985679714,-14.511290826158563,61.97769679751799
2017,Female,2,05-09,46,780003,59,894537,0.8941448008772325,0.6081057031156011,1.3147301872677908,-10.585519912276753,-45.056501849717776,23.885462025164284
2017,Female,3,10-14,51,724115,56,815605,1.0257806080525882,0.7019302494472247,1.499046175436054,2.5780608052588194,-36.33750447409555,41.493626084613176
2017,Female,4,15-19,126,731047,110,793938,1.2439964747944945,0.9632622635387246,1.6065481726814437,24.39964747944945,-7.416647711164837,56.21594267006373
2017,Female,5,20-24,141,848767,166,940605,0.9413038212865577,0.7520435432328199,1.1781935925675102,-5.869617871344235,-26.999227839987373,15.259992097298912
2017,Female,6,25-29,245,859469,228,1080938,1.3514556713342365,1.1284262566226007,1.6185660523781285,35.14556713342365,10.770939984350502,59.520194282496796
2017,Female,7,30-34,389,852073,394,1091429,1.2646549980724526,1.0993368437193205,1.454833678400737,26.465499807245262,8.748666234023371,44.182333380467156
2017,Female,8,35-39,652,811359,565,1058433,1.505391508164162,1.3450043658651532,1.6849042652698527,50.5391508164162,33.580050834129025,67.49825079870337
2017,Female,9,40-44,956,777442,859,982570,1.406566370002787,1.282751210691502,1.542332555785538,40.65663700027871,27.695918218359196,53.61735578219822
2017,Female,10,45-49,1625,919247,1459,1054351,1.2774710486528655,1.190284347895935,1.371044056011505,27.747104865286552,18.716642356381442,36.77756737419167
2017,Female,11,50-54,2514,934988,2343,1054596,1.2102443602540884,1.144010480216979,1.280312931441875,21.024436025408843,14.212910167591165,27.835961883226524
2017,Female,12,55-59,3356,845770,3034,915523,1.1973561757475795,1.1399851470254643,1.2576144657162311,19.735617574757946,13.85651422644736,25.614720923068536
2017,Female,13,60-64,4823,732457,4179,776993,1.2242774862420163,1.1746014422289695,1.2760544210424125,22.427748624201627,17.356549984533864,27.49894726386939
2017,Female,14,65-69,7475,721783,6388,757937,1.2287760810801087,1.1884173339367867,1.2705054144850623,22.87760810801087,18.77396692437676,26.981249291644982
2017,Female,15,70-74,10848,653637,9367,695697,1.232629788174141,1.1990203477840768,1.2671813264071825,23.262978817414105,19.855363948033155,26.67059368679505
2017,Female,16,75-79,14361,476439,12522,494861,1.1912060945655998,1.162998941725092,1.2200973782705669,19.12060945655998,16.265960869971963,21.975258043147996
2017,Female,17,80-84,20376,371188,18509,394081,1.168765935901944,1.1457351248034693,1.1922596971608623,16.8765935901944,14.550518530673706,19.202668649715093
2017,Female,18,85+,59414,396054,64486,457534,1.0643692563503444,1.0525717863831965,1.0762989551112205,6.436925635034441,5.2505917619832365,7.623259508085645
2018,Female,0,<1,571,140872,509,166215,1.3236216416167792,1.1745590560964683,1.4916016704845918,32.36216416167792,16.5476860965827,48.17664222677314
2018,Female,1,01-04,75,592855,71,686794,1.2237167936819457,0.884572718687093,1.6928882832401013,22.371679368194574,-17.34323343039572,62.08659216678487
2018,Female,2,05-09,69,780639,54,890862,1.458194718258589,1.0213105849706678,2.081963966346549,45.819471825858905,-6.108662869925164,97.74760652164298
2018,Female,3,10-14,51,744995,60,838578,0.9567732669346776,0.6586994921767318,1.3897309701815377,-4.322673306532243,-40.03892540901395,31.393578795949463
2018,Female,4,15-19,120,725953,129,793087,1.0162577313368901,0.7925851394723817,1.3030521581435615,1.6257731336890124,-23.636599056669148,26.888145324047173
2018,Female,5,20-24,177,845182,181,935796,1.0827436284899163,0.8801233996961215,1.3320106765031805,8.274362848991634,-14.159150828006595,30.707876525989874
2018,Female,6,25-29,297,857797,248,1080047,1.5078665267709215,1.2739197881296245,1.7847759990402563,50.78665267709215,25.364451110962882,76.20885424322141
2018,Female,7,30-34,426,867707,386,1103917,1.4040598313041739,1.223402207418649,1.6113948445797566,40.40598313041739,21.067551521406514,59.744414739428265
2018,Female,8,35-39,654,837012,606,1078370,1.3904047320045048,1.2449323226346691,1.5528758339965056,39.04047320045048,23.674594701111197,54.40635169978976
2018,Female,9,40-44,891,760765,818,976880,1.398669467583436,1.2720267394485387,1.537920720438814,39.86694675834359,26.592186289625364,53.141707227061815
2018,Female,10,45-49,1740,902991,1499,1045259,1.3436560418379033,1.2539829192044158,1.4397417469712723,34.36560418379033,25.085043516039708,43.64616485154096
2018,Female,11,50-54,2460,936906,2300,1062215,1.2126170793988986,1.1456030879721562,1.2835511676672906,21.261707939889863,14.368017826335077,28.155398053444646
2018,Female,12,55-59,3731,867672,3169,944920,1.282160721332267,1.2228670561152002,1.3443293832362528,28.2160721332267,22.14522439070221,34.28691987575119
2018,Female,13,60-64,5002,746462,4227,793518,1.2579417121063659,1.2074704364145081,1.3105226458015513,25.794171210636584,20.643000474286932,30.94534194698624
2018,Female,14,65-69,7353,703191,6170,738851,1.2521690461449517,1.2105057749350727,1.295266286695457,25.21690461449517,20.97968773080796,29.454121498182385
2018,Female,15,70-74,11430,683754,9800,726395,1.2390622361318275,1.206075308752724,1.2729513769714151,23.906223613182753,20.562825937205353,27.249621289160153
2018,Female,16,75-79,14551,485413,12618,509578,1.2106025502480764,1.1820801702755028,1.2398131459438781,21.06025502480764,18.173879715567832,23.94663033404745
2018,Female,17,80-84,20508,379601,18716,400986,1.1574763720013796,1.1347682821419116,1.180638878285047,15.747637200137966,13.454257451593254,18.041016948682675
2018,Female,18,85+,59463,394929,64717,457609,1.0646429215657265,1.0528549844625268,1.0765628383462793,6.4642921565726486,5.278923953204662,7.649660359940635
2019,Female,0,<1,549,137283,499,161704,1.295912863291321,1.147961897014207,1.4629319610798253,29.591286329132103,13.881290549969648,45.30128210829456
2019,Female,1,01-04,91,585267,86,676969,1.2239331156390119,0.9114729735952174,1.6435070648875671,22.393311563901186,-13.68369274603567,58.47031587383804
2019,Female,2,05-09,51,778904,64,884324,0.9047272674167804,0.6262398391261654,1.307057419964828,-9.527273258321955,-42.81219928735837,23.757652770714444
2019,Female,3,10-14,69,758932,42,854579,1.8499038310226925,1.2605431364821253,2.714817196643362,84.99038310226925,14.029743398311867,155.95102280622663
2019,Female,4,15-19,128,727461,115,799316,1.222984408606874,0.9507209970133332,1.573217451170408,22.298440860687396,-8.499822158287785,53.096703879662584
2019,Female,5,20-24,182,838347,179,926095,1.123181862941475,0.9137874283860236,1.380559042565153,12.318186294147493,-10.855629191868521,35.49200178016352
2019,Female,6,25-29,287,859137,239,1077909,1.506619800916014,1.2690039968161955,1.7887281917213587,50.66198009160141,24.80292118412304,76.52103899907978
2019,Female,7,30-34,397,883007,412,1118968,1.2210875721103092,1.0638542063080914,1.4015593959408017,22.108757211030916,5.276851800329085,38.94066262173275
2019,Female,8,35-39,655,849475,582,1084968,1.4374231749567576,1.2855697888663358,1.607213705391137,43.74231749567576,27.693485846278776,59.79114914507275
2019,Female,9,40-44,906,765636,833,988850,1.4047248603373765,1.2785884534563856,1.5433049844268536,40.47248603373765,27.256166464463515,53.688805603011794
2019,Female,10,45-49,1597,876216,1413,1029393,1.32780037106867,1.2360734054630096,1.4263342432723012,32.78003710686701,23.27511491945946,42.28495929427456
2019,Female,11,50-54,2446,936422,2379,1062139,1.1661965654572182,1.102200524450961,1.2339083489020073,16.619656545721817,10.037760164999042,23.20155292644459
2019,Female,12,55-59,3560,889305,3186,973468,1.2231371929128672,1.1660461269343743,1.2830235083581456,22.313719291286716,16.467076950314397,28.160361632259033
2019,Female,13,60-64,4907,762092,4239,811562,1.2327270970363562,1.1830901694111529,1.2844465578849538,23.27270970363562,18.20631670240691,28.339102704864327
2019,Female,14,65-69,6984,696073,5897,732084,1.2456018080711357,1.2031655354704194,1.2895348300210911,24.560180807113575,20.24258073609202,28.877780878135127
2019,Female,15,70-74,11336,695886,9866,741546,1.2243870382503723,1.191787165541914,1.2578786403978905,22.43870382503723,19.134531147755563,25.7428765023189
2019,Female,16,75-79,14470,502493,12270,529980,1.2438082498170235,1.214247125081056,1.274089046914247,24.380824981702354,21.389017396424403,27.372632566980304
2019,Female,17,80-84,20402,387666,18257,410161,1.1823334532129286,1.1589589957649127,1.206179338263634,18.23334532129286,15.872485083835986,20.594205558749735
2019,Female,18,85+,57253,401284,61648,462996,1.0715307821470035,1.0594101037535475,1.0837901328489423,7.153078214700348,5.9341030521245175,8.372053377276178
2020,Female,0,<1,529,133875,465,158313,1.3453020812626126,1.187707772950261,1.52380722856927,34.530208126261265,17.768635422252956,51.29178083026957
2020,Female,1,01-04,70,575158,60,663652,1.3461703856447562,0.9535488243060111,1.9004529825788887,34.61703856447562,-11.80274750237771,81.03682463132895
2020,Female,2,05-09,35,773153,38,873734,1.040874186609895,0.6576198220377237,1.6474854255361255,4.087418660989495,-43.70840159457761,51.88323891655659
2020,Female,3,10-14,53,769712,65,869705,0.921310927883516,0.6410142705670216,1.324173056376343,-7.868907211648402,-41.28907949246804,25.551265069171247
2020,Female,4,15-19,109,737875,110,808333,1.0855287388538954,0.8329142122008806,1.4147587177844088,8.552873885389545,-20.201893780048895,37.307641550827995
2020,Female,5,20-24,155,819617,156,895601,1.0857021852264144,0.8693086806571898,1.3559616523261762,8.570218522641436,-15.563199168926477,32.703636214209354
2020,Female,6,25-29,240,850944,257,1063148,1.1667313419208023,0.9785015861046823,1.3911699720788038,16.67313419208023,-3.854218662857889,37.20048704701835
2020,Female,7,30-34,473,893534,392,1128844,1.5243964198477562,1.3333923103407477,1.7427612465012754,52.43964198477562,32.032206071125714,72.84707789842552
2020,Female,8,35-39,730,857699,644,1087369,1.4370736837639817,1.292590209565489,1.5977072681536104,43.70736837639817,28.480026076781773,58.93471067601457
2020,Female,9,40-44,1067,782925,910,1008176,1.509868834361985,1.3820683768498934,1.6494870551728271,50.986883436198504,37.633364674081314,64.3404021983157
2020,Female,10,45-49,1851,848866,1471,1016050,1.5061550672642654,1.4064919162795664,1.6128802877491384,50.61550672642654,40.30414489077763,60.926868562075455
2020,Female,11,50-54,2819,927629,2453,1055149,1.3071848385666656,1.2383218715535205,1.3798772689324237,30.718483856666555,23.64416774434337,37.79279996898974
2020,Female,12,55-59,4010,909233,3544,999765,1.2441518751228664,1.189182175525938,1.301662537690788,24.41518751228664,18.79308296827773,30.03729205629555
2020,Female,13,60-64,5645,782101,4747,834576,1.2689595100768374,1.2209134986724832,1.3188962526545116,26.89595100768374,21.99802955344603,31.793872461921445
2020,Female,14,65-69,7597,690297,6566,729467,1.222674661011317,1.1829535636142694,1.2637295094759935,22.267466101131706,18.229402932914507,26.305529269348902
2020,Female,15,70-74,12839,704672,10715,750243,1.275715875995473,1.2434143133192996,1.3088565724504249,27.5715875995473,24.29983331472412,30.843341884370478
2020,Female,16,75-79,16837,517279,14256,548933,1.2533186937540857,1.2256694894953089,1.2815916212128733,25.331869375408566,22.535994683593152,28.12774406722398
2020,Female,17,80-84,23249,389254,20651,413131,1.1948623889801504,1.172676842763862,1.2174676573594132,19.48623889801504,17.24682927382959,21.72564852220049
2020,Female,18,85+,66060,399313,69090,461993,1.1062297215832935,1.0944937626635083,1.1180915219984489,10.622972158329347,9.443106561180791,11.802837755477903
2021,Female,0,<1,570,130096,467,152769,1.4332741468201244,1.2682357516651528,1.619789362699923,43.327414682012446,25.793501629522673,60.86132773450221
2021,Female,1,01-04,76,563541,65,646918,1.3422207625873377,0.9638619157702019,1.8691023538168827,34.22207625873377,-10.223250738935041,78.66740325640258
2021,Female,2,05-09,47,765796,52,863892,1.019625933719243,0.6872601203819233,1.5127271521808838,1.9625933719243038,-38.25943248783512,42.184619231683726
2021,Female,3,10-14,73,783323,45,884667,1.8321005085599,1.2636297094252666,2.6563100316722643,83.21005085599,15.15212907520156,151.26797263677844
2021,Female,4,15-19,112,753293,123,819410,0.9904903283241833,0.7667853441471331,1.2794598879494201,-0.9509671675816733,-26.30684640276226,24.404912067598914
2021,Female,5,20-24,206,810085,182,887805,1.2404601823428243,1.0162229528482156,1.5141770412342,24.04601823428243,-0.6874750047038303,48.77951147326869
2021,Female,6,25-29,301,840113,253,1046652,1.4822128600439688,1.2540303480000976,1.7519153072996851,48.22128600439688,23.442614263920625,72.99995774487313
2021,Female,7,30-34,505,908639,412,1135867,1.5322522614826781,1.34530130153506,1.745183023416257,53.225226148267815,33.28745011552468,73.16300218101095
2021,Female,8,35-39,820,870660,628,1089329,1.633671308141521,1.4724045086999218,1.812601039507378,63.367130814152105,46.38788929633042,80.3463723319738
2021,Female,9,40-44,1108,804016,966,1031856,1.4720312725768816,1.3503514348358974,1.6046756507557938,47.20312725768816,34.50267926441195,59.903575250964366
2021,Female,10,45-49,1816,815871,1522,994986,1.4551128142953458,1.3592999287828884,1.5576792564260566,45.51128142953458,35.59998068220496,55.422582176864196
2021,Female,11,50-54,2839,928861,2528,1055154,1.2757143594838807,1.2091384125354416,1.3459560213464519,27.571435948388068,20.733829792913827,34.409042103862305
2021,Female,12,55-59,4253,922355,3747,1022413,1.2581717978134135,1.2041149921162753,1.3146553968494856,25.81717978134135,20.29193563543594,31.342423927246756
2021,Female,13,60-64,5826,805529,4997,862443,1.2482752287478698,1.2019817369575525,1.2963516822224175,24.82752287478698,20.110148560643502,29.544897188930452
2021,Female,14,65-69,7710,694801,6704,735412,1.2172804572785783,1.1780830978466583,1.2577819971959354,21.728045727857825,17.743812178767413,25.712279276948237
2021,Female,15,70-74,12700,709682,10762,751660,1.2498801841838412,1.2181922251205197,1.2823924193580198,24.988018418384115,21.77836148504122,28.197675351727014
2021,Female,16,75-79,16352,536851,14517,578763,1.2143419392698043,1.1875014709544327,1.2417890685089805,21.434193926980427,18.72004003498189,24.148347818978966
2021,Female,17,80-84,21411,386221,19801,410216,1.148488204722204,1.1265074329383102,1.1708978723252363,14.848820472220403,12.6294366370165,17.068204307424306
2021,Female,18,85+,59173,404908,66507,466351,1.0247378667909723,1.0134502175127182,1.0361512361332486,2.473786679097234,1.3387589564734181,3.60881440172105
2022,Female,0,<1,573,134042,406,157120,1.6543186265491525,1.4567995397468456,1.878618192468028,65.43186265491525,44.39765054105942,86.46607476877108
2022,Female,1,01-04,86,561992,79,644544,1.2485150921559134,0.919898754101021,1.694523368350933,24.85150921559134,-13.283957754140086,62.98697618532276
2022,Female,2,05-09,63,767819,55,864147,1.2891594361313135,0.8978905940102,1.8509293480220226,28.915943613131347,-17.712625377167114,75.54451260342981
2022,Female,3,10-14,59,802744,68,904236,0.9773448395532734,0.6896050584140353,1.385144908301869,-2.265516044672655,-36.34753344684505,31.81650135749974
2022,Female,4,15-19,134,770412,123,835708,1.1817652292813952,0.9252068989294931,1.5094667568458504,18.176522928139516,-10.746846575171077,47.099892431450115
2022,Female,5,20-24,172,811748,197,888700,0.9558641501829892,0.7790527694828335,1.1728040890113043,-4.41358498170108,-23.964545178045093,15.137375214642933
2022,Female,6,25-29,266,844666,275,1049354,1.2016720282982214,1.0152720990934905,1.4222942449454534,20.167202829822138,-0.08785515350251405,40.42226081314679
2022,Female,7,30-34,472,924221,416,1140831,1.400535590347064,1.2275812639128714,1.5978575084932367,40.053559034706396,21.593246933940048,58.51387113547275
2022,Female,8,35-39,761,895753,627,1103946,1.4958108351992134,1.3457565198289196,1.662596481407949,49.58108351992134,33.76855286693847,65.39361417290421
2022,Female,9,40-44,1083,834883,974,1056895,1.407588548950388,1.2908817505544206,1.5348466443849784,40.75885489503881,28.575827085648964,52.94188270442866
2022,Female,10,45-49,1605,787493,1384,981323,1.445121034344968,1.3448676846539254,1.5528477840135415,44.51210343449681,34.122052229962165,54.90215463903145
2022,Female,11,50-54,2833,921052,2368,1046888,1.3598185090879045,1.2875964907222643,1.4360915014771543,35.98185090879045,28.560784632622482,43.40291718495841
2022,Female,12,55-59,4054,927977,3584,1035457,1.2621489184028036,1.206685215053673,1.3201619381360448,26.214891840280362,20.54296493826888,31.886818742291844
2022,Female,13,60-64,5517,830760,4644,890154,1.272917751411708,1.2241897268572086,1.323585361248531,27.291775141170802,22.323255139533348,32.26029514280826
2022,Female,14,65-69,7583,706596,6348,748333,1.2651087528680107,1.2236213919800614,1.3080027589198386,26.510875286801074,22.29258861340997,30.729161960192176
2022,Female,15,70-74,11718,677997,9808,716364,1.2623477697034953,1.2289368769247602,1.2966669986036636,26.23477697034953,22.84867696087096,29.620876979828093
2022,Female,16,75-79,17015,585382,15245,634570,1.2098866845514953,1.1837280229121847,1.2366234144341144,20.98866845514953,18.344109465058555,23.6332274452405
2022,Female,17,80-84,21232,387624,19429,415931,1.172603236727604,1.1500059208405549,1.195644583967923,17.260323672760403,14.978534522637265,19.54211282288354
2022,Female,18,85+,60420,412208,65078,473978,1.0675501631746174,1.0557943400385366,1.0794368824259415,6.755016317461737,5.572913354966191,7.937119279957283
2023,Female,0,<1,558,129941,439,151030,1.4773612253916044,1.3037125566404422,1.6741391184533423,47.73612253916044,29.26297123527388,66.209273843047
2023,Female,1,01-04,94,569711,74,652307,1.454432491542535,1.0725243380345197,1.9723318133099017,45.44324915425351,1.141130743831953,89.74536756467506
2023,Female,2,05-09,54,775522,44,870317,1.377286934712127,0.9250180773783068,2.0506834914026655,37.72869347121271,-17.095256023701754,92.55264296612715
2023,Female,3,10-14,84,815082,68,914528,1.3860090872127337,1.0067206616604714,1.9081968444630601,38.60090872127338,-5.7139984225176965,82.91581586506445
2023,Female,4,15-19,146,793916,105,862450,1.5105076487640892,1.175447662293254,1.9410760939567795,51.05076487640892,13.167728289838676,88.93380146297916
2023,Female,5,20-24,184,813933,189,894184,1.0695331662733156,0.8730470024852685,1.3102401021964745,6.953316627331563,-14.756938659793839,28.663571914456966
2023,Female,6,25-29,286,858598,245,1075550,1.4623141446870362,1.2329347826802712,1.7343680199395475,46.231414468703626,21.28098910589462,71.18183983151263
2023,Female,7,30-34,449,938722,419,1150523,1.3133806903946934,1.1496660195282589,1.5004086479040633,31.33806903946934,13.852636544727037,48.823501534211644
2023,Female,8,35-39,812,929718,647,1133829,1.530551932529454,1.3803533704976805,1.6970938516454201,53.05519325294541,37.24629397784784,68.86409252804297
2023,Female,9,40-44,1176,869488,984,1085825,1.4924798187932746,1.3712995562140702,1.6243686504609915,49.24798187932746,36.60963694682891,61.886326811826024
2023,Female,10,45-49,1585,774647,1394,978459,1.436168119109907,1.3364402720594528,1.5433378576427186,43.61681191099069,33.28085751235675,53.95276630962464
2023,Female,11,50-54,2635,904911,2301,1036754,1.3120000543502008,1.240642193969468,1.3874621957741444,31.200005435020085,23.86283038140624,38.53718048863393
2023,Female,12,55-59,4015,930391,3584,1041979,1.2546165561446172,1.199361156447713,1.3124176104004097,25.46165561446172,19.810743765834317,31.112567463089125
2023,Female,13,60-64,5600,852812,4878,918631,1.2366136194018609,1.1900436997655874,1.285005957337022,23.661361940186087,18.91441494695856,28.40830893341362
2023,Female,14,65-69,7714,720562,6474,764048,1.263444669720554,1.2223871465389,1.3058812324434736,26.344466972055393,22.170521953689182,30.5184119904216
2023,Female,15,70-74,11397,659980,9302,699033,1.2977203548430143,1.2626617240612312,1.3337524114987838,29.77203548430143,26.217945424471267,33.32612554413159
2023,Female,16,75-79,17424,612703,15588,663167,1.209846759408756,1.183984321115688,1.2362741255497138,20.984675940875608,18.370389169239676,23.59896271251154
2023,Female,17,80-84,21102,394982,19734,428617,1.1603809290436948,1.1380759902198438,1.1831230181986407,16.038092904369485,13.785882916173042,18.290302892565926
2023,Female,18,85+,60864,416607,65154,478826,1.0736693830867474,1.0618717441288912,1.0855980965229948,7.366938308674742,6.180644826158832,8.553231791190651
2024,Female,0,<1,608,129750,464,150130,1.5161623812371272,1.343611746521354,1.710872483982189,51.61623812371272,33.29780172720671,69.93467452021873
2024,Female,1,01-04,84,570156,53,649858,1.8064593245383884,1.280874062027264,2.547709714760568,80.64593245383884,18.535155169812878,142.7567097378648
2024,Female,2,05-09,63,784102,52,876594,1.3544505002586988,0.9381646204037872,1.955452292436111,35.44505002586988,-14.29385072064473,85.18395077238449
2024,Female,3,10-14,68,826495,69,921207,1.0984412173250215,0.7858219614338344,1.535428083120667,9.844121732502153,-26.9445556093179,46.63279907432221
2024,Female,4,15-19,131,814273,148,887822,0.9650847393269162,0.7628754466742913,1.2208920317753482,-3.4915260673083814,-26.182707887275203,19.19965575265845
2024,Female,5,20-24,191,823229,173,895738,1.2012892808810243,0.9779271259283752,1.4756681741389215,20.128928088102427,-4.5834551222007525,44.84131129840561
2024,Female,6,25-29,289,865748,224,1092245,1.6277151015653515,1.367109684115503,1.9379984522442,62.77151015653515,34.37138747131594,91.17163284175436
2024,Female,7,30-34,455,951200,410,1155774,1.348430660116105,1.179955488919103,1.5409608770978085,34.84306601161049,16.84627318651839,52.83985883670259
2024,Female,8,35-39,787,955956,661,1155265,1.4388548519969673,1.297500866281043,1.595608402982584,43.88548519969673,29.006639430594273,58.764330968799186
2024,Female,9,40-44,1128,888428,995,1098101,1.4012191642974923,1.2867227244005162,1.5259038401682985,40.12191642974923,28.177331941238837,52.06650091825962
2024,Female,10,45-49,1477,782403,1340,991658,1.3970344309144345,1.2974581236709815,1.5042529431611504,39.70344309144345,29.37311873887578,50.03376744401111
2024,Female,11,50-54,2660,878397,2239,1020528,1.3802622938727707,1.3048131897689168,1.4600741430459647,38.02622938727707,30.26726872466363,45.7851900498905
2024,Female,12,55-59,3914,929951,3529,1041235,1.2418177272684445,1.1865833636194032,1.2996231997171312,24.181772726844454,18.531730466127016,29.831814987561888
2024,Female,13,60-64,5466,874507,4810,946142,1.2294689988050933,1.1827394835365463,1.2780447766087373,22.94689988050933,18.182827515079026,27.710972245939637
2024,Female,14,65-69,7529,736152,6343,781732,1.2604713519766293,1.219060991917427,1.3032883831799356,26.04713519766293,21.836548766197318,30.257721629128543
2024,Female,15,70-74,10734,654065,9022,693620,1.2617097681611205,1.2268785966058737,1.297529799180757,26.170976816112045,22.638878053119328,29.703075579104766
2024,Female,16,75-79,17242,624221,15223,677304,1.228945599271645,1.2024467095574318,1.2560284576145755,22.894559927164494,20.215684678304633,25.57343517602435
2024,Female,17,80-84,21098,410319,18965,447072,1.212116279990129,1.18857537234397,1.2361234385326971,21.211627999012904,18.834377092605493,23.58887890542032
2024,Female,18,85+,59021,424701,63429,489684,1.0728804446429032,1.060921090346422,1.0849746121281223,7.288044464290322,6.0853935616904,8.490695366890243
1981,Male,0,<1,2032,156155,1787,150001,1.0922886245223218,1.025019668680735,1.1639722394756127,9.228862452232178,2.2859101246968994,16.17181477976746
1981,Male,1,01-04,318,588717,268,558643,1.1259526059184761,0.9570525629678606,1.3246600237328667,12.595260591847612,-5.704442048364555,30.89496323205978
1981,Male,2,05-09,239,807215,161,739511,1.3599640863188718,1.1136268095984843,1.660791838105943,35.99640863188718,8.819402129732868,63.17341513404149
1981,Male,3,10-14,279,993645,252,889473,0.9910719407549261,0.8358534318198894,1.1751146245977087,-0.8928059245073894,-17.774115742329666,15.988503893314899
1981,Male,4,15-19,810,1001363,801,994300,1.004103317290892,0.910672943355414,1.1071191684686827,0.41033172908919724,-9.396381505524676,10.217044963703081
1981,Male,5,20-24,732,894313,730,899918,1.0090242775931058,0.9107041505576134,1.1179591002730138,0.9024277593105756,-9.442188926868578,11.247044445489717
1981,Male,6,25-29,614,795586,716,813981,0.8773694017355284,0.7877041266735771,0.9772413791361955,-12.263059826447165,-21.721590562001914,-2.804529090892416
1981,Male,7,30-34,798,876891,820,890157,0.9878932946334154,0.8961540443860634,1.0890238879078604,-1.2106705366584647,-10.838912499184039,8.41757142586712
1981,Male,8,35-39,1028,755728,955,761587,1.0847852015346,0.993315940787305,1.184677387272936,8.47852015346,-1.0771893221500073,18.03422962907002
1981,Male,9,40-44,1741,678158,1405,660095,1.2061407780983107,1.1242713316115513,1.2939719582694473,20.614077809831066,12.13602956768327,29.092126051978862
1981,Male,10,45-49,3092,654313,2407,638890,1.2543072614393016,1.189230418136973,1.322945227522891,25.43072614393016,18.74814747723419,32.11330481062613
1981,Male,11,50-54,5745,670416,4453,644078,1.2394569083157438,1.1918901286872603,1.2889220160449195,23.945690831574385,19.095334519063268,28.796047144085502
1981,Male,12,55-59,10301,684062,8052,646639,1.2093222664342704,1.1745730946824018,1.2450994754729692,20.932226643427043,17.40640713592596,24.458046150928126
1981,Male,13,60-64,13953,583858,11335,569654,1.2010192981237169,1.1716192453667036,1.2311571017375325,20.101929812371687,17.12534172602085,23.078517898722527
1981,Male,14,65-69,20124,521358,17528,536813,1.1821400379508498,1.1584423564796547,1.2063224911536456,18.214003795084977,15.820160670261064,20.60784691990889
1981,Male,15,70-74,25241,407167,23232,436355,1.1643601741815472,1.1437949734764115,1.1852951330075439,16.436017418154726,14.361119259038379,18.51091557727107
1981,Male,16,75-79,24140,251637,23731,280421,1.1335932760642005,1.1134635387073106,1.1540869286387614,13.359327606420045,11.328266779927754,15.390388432912339
1981,Male,17,80-84,16396,113283,17176,131574,1.1087182965911395,1.0852437480535264,1.132700615323267,10.871829659113953,8.4991673979548,13.244491920273106
1981,Male,18,85+,12040,52208,14839,66886,1.0394892925408374,1.0147972411861843,1.0647821510078437,3.948929254083744,1.449924488730736,6.447934019436752
1982,Male,0,<1,1945,152349,1736,147526,1.0849228198545948,1.0169357569108446,1.1574551460524944,8.492281985459481,1.4712142820778151,15.51334968884115
1982,Male,1,01-04,321,602559,276,578381,1.1163757407988264,0.9504638521914719,1.3112490199080828,11.63757407988264,-6.324090013227613,29.599238172992905
1982,Male,2,05-09,189,763978,162,702273,1.0724372953147865,0.8694260362951749,1.322851748589252,7.243729531478649,-15.262001741587827,29.749460804545123
1982,Male,3,10-14,261,964689,237,866007,0.9886128186310874,0.8291814610587985,1.1786989351084847,-1.1387181368912591,-18.524833356247818,16.247397082465298
1982,Male,4,15-19,859,1008113,690,1001422,1.2366647619745066,1.118758600986714,1.3669970735068564,23.66647619745066,11.275296963009328,36.05765543189199
1982,Male,5,20-24,786,906180,771,916084,1.030597283006022,0.9331305929222181,1.1382444941743854,3.0597283006021936,-7.179115291108706,13.298571892313094
1982,Male,6,25-29,643,794430,654,816375,1.0103393905294975,0.9061372323764019,1.1265243801741176,1.0339390529497505,-9.963687902213403,12.031566008112904
1982,Male,7,30-34,783,825209,791,842093,1.0101395605684962,0.9151028059777385,1.1150462277681368,1.0139560568496186,-8.966966652817021,10.994878766516258
1982,Male,8,35-39,1106,814304,998,823676,1.1209711343148434,1.0290360831039977,1.2211197494423653,12.097113431484342,2.504641560108256,21.689585302860426
1982,Male,9,40-44,1695,676102,1339,662215,1.2398693343151717,1.1541267902799401,1.3319818750609467,23.986933431517166,15.101785998489836,32.87208086454449
1982,Male,10,45-49,2938,654169,2351,638561,1.219864500795685,1.1554656396472356,1.2878525758289223,21.9864500795685,15.370347384818551,28.602552774318447
1982,Male,11,50-54,5605,663718,4164,640554,1.299083443332106,1.248021583869339,1.3522344601664238,29.90834433321059,24.699096676409148,35.11759199001203
1982,Male,12,55-59,10007,668019,7499,633097,1.2646838911005525,1.2273852028572778,1.303116039435598,26.468389110055245,22.682412788050165,30.254365432060325
1982,Male,13,60-64,14459,609369,11383,592490,1.2350433162887045,1.2050805651965797,1.2657510519726787,23.504331628870446,20.47111222623745,26.537551031503437
1982,Male,14,65-69,19732,505564,16812,519835,1.206816115341052,1.1822435469287673,1.2318994170281723,20.681611534105194,18.198993136996865,23.16422993121352
1982,Male,15,70-74,25510,408550,23041,438808,1.1891549733321398,1.1681595171169115,1.2105277831324106,18.91549733321398,16.797196064391827,21.033798602036136
1982,Male,16,75-79,24629,257295,24233,287569,1.1359267240126483,1.1159594049137853,1.1562513086448634,13.592672401264828,11.578182811333427,15.607161991196229
1982,Male,17,80-84,17469,119186,18103,139410,1.1287198843089707,1.105498881225791,1.1524286445426517,12.871988430897074,10.525669249625258,15.218307612168891
1982,Male,18,85+,12442,53327,14870,67774,1.0633964212301994,1.0383718552536212,1.0890240745296358,6.33964212301994,3.8072705199929224,8.872013726046957
1983,Male,0,<1,1854,153503,1565,147477,1.1381586801885568,1.064101292269131,1.2173701796059144,13.815868018855681,6.158202358273512,21.47353367943785
1983,Male,1,01-04,340,612945,221,592484,1.4871054436431428,1.2554261301822478,1.7615394066969372,48.71054436431428,23.525444920831706,73.89564380779686
1983,Male,2,05-09,180,733571,173,679486,0.9637508205466013,0.7822318613744351,1.1873917312345914,-3.624917945339867,-23.73662251149217,16.486786620812445
1983,Male,3,10-14,251,934230,226,839963,0.998554168739975,0.8342865338065436,1.195165434779983,-0.14458312600249545,-18.09174622805503,17.802579976050037
1983,Male,4,15-19,751,1000131,725,994696,1.0302328960423426,0.9302848317830672,1.14091919359091,3.0232896042342583,-7.4901709935478955,13.536750202016412
1983,Male,5,20-24,717,925175,800,942131,0.9126758815899695,0.825166004332809,1.0094662897673963,-8.732411841003051,-17.931840681932478,0.4670169999263729
1983,Male,6,25-29,623,799874,690,829112,0.9359024336188023,0.839820716551119,1.0429766115447818,-6.409756638119768,-16.54771357825219,3.728200302012641
1983,Male,7,30-34,765,797383,751,820522,1.04820144896329,0.9478045764272184,1.1592329314872343,4.820144896329004,-5.7334335248841235,15.373723317542144
1983,Male,8,35-39,1147,842128,1014,856945,1.1510662082562628,1.057812435671156,1.2525409714519,15.106620825626283,5.381767207151222,24.831474444101342
1983,Male,9,40-44,1592,684935,1405,676471,1.1190939899302599,1.04161743682506,1.2023333270181853,11.909398993025988,3.880494120227862,19.938303865824114
1983,Male,10,45-49,2937,660672,2363,645391,1.2141636548446253,1.1501490691915115,1.2817411414173743,21.41636548446253,14.839977903968492,27.992753064956567
1983,Male,11,50-54,5163,655680,4054,634721,1.2328473651549614,1.183169079189023,1.2846115170718635,23.284736515496142,18.21404439927492,28.35542863171736
1983,Male,12,55-59,9648,658472,7071,624836,1.294747820867476,1.2556239709779895,1.3350907265137455,29.47478208674761,25.502067701414365,33.44749647208085
1983,Male,13,60-64,15288,638785,11978,618714,1.2362366052737876,1.2070208025805993,1.2661595731833355,23.623660527378764,20.66700387490026,26.58031717985727
1983,Male,14,65-69,18586,478275,16064,490603,1.1868197272589638,1.1620229254578904,1.2121456764340612,18.68197272589638,16.176021388724582,21.187924063068174
1983,Male,15,70-74,25152,410208,22913,440933,1.1799376162637356,1.1590051065833504,1.201248182916459,17.993761626373562,15.88172059298454,20.105802659762585
1983,Male,16,75-79,24775,262995,24306,295638,1.1458108577602524,1.125714128338745,1.1662663625788825,14.581085776025237,12.553579871423825,16.60859168062665
1983,Male,17,80-84,17836,124562,18926,148416,1.1228811150021554,1.1001470386901164,1.1460849814491356,12.288111500215537,9.991374511206264,14.584848489224811
1983,Male,18,85+,12424,52842,15159,70915,1.0998912580105833,1.0741090523849874,1.126292322704022,9.989125801058329,7.380206933961242,12.598044668155417
1984,Male,0,<1,1692,152572,1547,147964,1.060696825563095,0.9900289856660694,1.1364089052430113,6.069682556309508,-1.243517909714853,13.382883022333857
1984,Male,1,01-04,290,614694,269,595730,1.0448073398698827,0.885074950226233,1.2333671596591365,4.480733986988272,-12.854234290661793,21.815702264638336
1984,Male,2,05-09,173,726907,141,682930,1.1527213325415202,0.9228849794988424,1.4397963993496383,15.27213325415202,-10.361644691733174,40.90591120003722
1984,Male,3,10-14,243,894852,216,805489,1.012653628756487,0.8430634379087902,1.2163584918085661,1.26536287564869,-17.295293268771474,19.826019020068863
1984,Male,4,15-19,697,977598,694,971823,0.9983898943910946,0.898780498633105,1.1090387282970653,-0.1610105608905399,-10.654590820535415,10.332569698754334
1984,Male,5,20-24,801,945613,790,986658,1.0579341400227864,0.958907119429816,1.167187751501172,5.793414002278641,-4.6038719829039065,16.190699987461187
1984,Male,6,25-29,632,812979,722,854037,0.9195540034648195,0.826435167794897,1.0231650324663235,-8.044599653518048,-17.86242959236679,1.7732302853306958
1984,Male,7,30-34,701,784518,755,813628,0.9629284975906833,0.8688552302336716,1.0671873278853132,-3.707150240931667,-13.606309556150231,6.192009074286897
1984,Male,8,35-39,1094,853274,1069,874990,1.0494317367171881,0.9645985500161295,1.141725715854371,4.943173671718815,-3.9027056722921616,13.789053015729792
1984,Male,9,40-44,1627,701861,1299,699229,1.247805004418699,1.1600439756365186,1.342205435098278,24.7805004418699,15.680496020788159,33.880504862951646
1984,Male,10,45-49,2903,667242,2315,653566,1.228293394032052,1.1630095431835767,1.2972418589901753,22.829339403205196,16.12105897440106,29.537619832009334
1984,Male,11,50-54,4964,646035,3910,628547,1.2351984160233613,1.184501736539669,1.2880649136097948,23.519841602336133,18.343198256611302,28.696484948060963
1984,Male,12,55-59,8942,649552,6966,619913,1.225090056725225,1.1873120539701363,1.264070083402661,22.5090056725225,18.6717316846021,26.346279660442896
1984,Male,13,60-64,15535,661957,12300,639747,1.2206316455526898,1.192095100585084,1.2498513024618585,22.063164555268976,19.17562378603148,24.950705324506472
1984,Male,14,65-69,17249,456066,14654,465504,1.2014437862038088,1.1752774759290898,1.2281926617087953,20.144378620380877,17.498833126654347,22.789924114107407
1984,Male,15,70-74,23991,412450,22199,443194,1.1612814902544186,1.1402766650921328,1.18267324140897,16.128149025441864,14.008437918961224,18.2478601319225
1984,Male,16,75-79,24189,268712,24073,302830,1.1323991478320201,1.112372177646319,1.1527866803752476,13.23991478320201,11.219296874998342,15.260532691405682
1984,Male,17,80-84,18057,131029,19146,156510,1.1265285647686238,1.1038551023368075,1.1496677458419164,12.652856476862384,10.362382117091528,14.94333083663324
1984,Male,18,85+,12357,54734,14982,73049,1.1007795205820046,1.0748708845596817,1.1273126571189285,10.077952058200456,7.456111331822224,12.69979278457869
1985,Male,0,<1,1678,158818,1577,154669,1.0362482691869064,0.9674080864644626,1.1099870782735133,3.624826918690638,-3.498511230686041,10.748165068067328
1985,Male,1,01-04,300,611386,280,594805,1.0423710576110206,0.8857079442105991,1.2267445819440073,4.237105761102056,-12.739574506526774,21.213786028730897
1985,Male,2,05-09,164,731050,130,698148,1.204761033918547,0.9570667918741977,1.516559932046282,20.476103391854707,-7.253078011429648,48.20528479513906
1985,Male,3,10-14,278,859503,194,772941,1.2886708766997699,1.0727781587721843,1.5480112219611424,28.86708766997699,5.238061595128629,52.496113744825344
1985,Male,4,15-19,677,953130,606,952392,1.1162967078867718,1.0004096631769062,1.245608060283689,11.629670788677181,-0.6057355553605093,23.865077132714884
1985,Male,5,20-24,732,959033,868,1017873,0.8950584541616879,0.8112149588452274,0.9875676325134912,-10.494154583831206,-19.297587487522772,-1.6907216801396396
1985,Male,6,25-29,584,832165,722,883232,0.8585013829277843,0.7697812667809849,0.9574468180694419,-14.149861707221568,-23.514556690499933,-4.785166723943202
1985,Male,7,30-34,688,775967,734,810470,0.979007615246314,0.8823000310721268,1.0863151727940066,-2.0992384753686033,-12.281627616169333,8.083150665432125
1985,Male,8,35-39,1118,859196,1091,885577,1.056212091769088,0.9716870644517237,1.1480897745908585,5.6212091769088035,-3.188707223761389,14.431125577578996
1985,Male,9,40-44,1662,718296,1443,722561,1.1586059576386685,1.079710896530412,1.2432659236740469,15.860595763866847,7.689619372420231,24.031572155313462
1985,Male,10,45-49,2826,669354,2203,657680,1.2604233279816106,1.1921297764317844,1.332629212966517,26.042332798161063,19.02099294978332,33.0636726465388
1985,Male,11,50-54,4967,639589,3748,625824,1.2967187958332895,1.2428778639433113,1.3528920936225075,29.671879583328952,24.172816498189764,35.17094266846814
1985,Male,12,55-59,8838,643241,6655,617486,1.274850722581236,1.2349351053032027,1.3160564938891002,27.4850722581236,23.429686816805038,31.540457699442157
1985,Male,13,60-64,15203,638727,11831,615921,1.239132015537164,1.209711786831654,1.2692677451301633,23.91320155371639,20.93569017955792,26.89071292787486
1985,Male,14,65-69,17802,480315,14968,485263,1.201589297249495,1.1757534497607685,1.2279928581611306,20.158929724949502,17.54716496457529,22.770694485323716
1985,Male,15,70-74,24980,413345,22323,443070,1.199498008932207,1.1780388162078952,1.221348102996987,19.949800893220694,17.784454162373887,22.1151476240675
1985,Male,16,75-79,25715,273567,25413,308590,1.1414285542439795,1.121810595583843,1.161389587130287,14.142855424397949,12.164004975164344,16.121705873631555
1985,Male,17,80-84,19447,136202,20902,162634,1.1109451814388533,1.0894613684549028,1.1328526480131866,11.094518143885335,8.925092047582783,13.263944240187886
1985,Male,18,85+,13626,57701,16424,76614,1.1015754428411046,1.0768384792868024,1.12688066001715,10.157544284110465,7.6556503464703995,12.65943822175053
1986,Male,0,<1,1866,159678,1618,156904,1.1332404114702348,1.0602451846553025,1.2112611769198893,13.324041147023479,5.778817463147767,20.86926483089919
1986,Male,1,01-04,286,616928,222,601733,1.2565576154374198,1.0544899152711025,1.497346743717165,25.655761543741985,3.625947548430619,47.685575539053346
1986,Male,2,05-09,177,738546,126,720008,1.3695014386697777,1.0897945897866053,1.7209978908831276,36.95014386697777,5.662852062933421,68.23743567102211
1986,Male,3,10-14,197,818178,149,733620,1.1855048164721413,0.9582663877365063,1.4666294131409032,18.550481647214134,-6.67684300701673,43.77780630144499
1986,Male,4,15-19,681,936339,659,936862,1.0339611202738055,0.9289470851418171,1.1508466040072165,3.396112027380549,-7.677681345588638,14.469905400349736
1986,Male,5,20-24,759,955956,857,1032466,0.9565304712495788,0.8675031947565018,1.054694147478912,-4.3469528750421205,-13.691629135160854,4.9977233850766245
1986,Male,6,25-29,649,851912,746,915251,0.9346550259177924,0.8413172879400107,1.0383478742156538,-6.534497408220763,-16.36787596726692,3.2988811508253946
1986,Male,7,30-34,720,775019,782,814576,0.967709498840469,0.8745409320173331,1.0708037095369611,-3.2290501159531027,-13.025448025557719,6.567347793651512
1986,Male,8,35-39,1144,858622,1077,889502,1.100411798225278,1.0125460130325628,1.1959023195861893,10.041179822527791,0.8839371196616597,19.198422525393923
1986,Male,9,40-44,1627,744552,1474,755869,1.120576651246031,1.044317598994631,1.202404357186577,12.05766512460309,4.159867421980934,19.955462827225247
1986,Male,10,45-49,2727,660730,2251,651175,1.1939422904366312,1.1291277012750307,1.2624773896551928,19.394229043663124,12.730205287871721,26.05825279945453
1986,Male,11,50-54,4666,634097,3658,624056,1.255361767478002,1.202183806994278,1.3108920267239916,25.536176747800198,20.10246260563109,30.96989088996931
1986,Male,12,55-59,8430,636526,6465,615103,1.2600585998448233,1.219883968036289,1.301556309161745,26.005859984482328,21.922957419782165,30.08876254918249
1986,Male,13,60-64,14307,623855,11366,599860,1.2103393927969899,1.1808960803879098,1.240516816073246,21.033939279698988,18.05320380844646,24.014674750951514
1986,Male,14,65-69,18120,502020,15128,503717,1.2018278571282754,1.1761633828923133,1.2280523430491692,20.182785712827545,17.58853917391152,22.777032251743567
1986,Male,15,70-74,23912,409468,21708,437795,1.1777332034077506,1.1562905311314737,1.19957351639972,17.773320340775058,15.609292850238731,19.93734783131138
1986,Male,16,75-79,25265,276649,25269,312096,1.1279512892677113,1.1084526867782494,1.1477928883537596,12.795128926771127,10.828218532668664,14.762039320873587
1986,Male,17,80-84,19175,140465,20656,167552,1.107313616390266,1.0857617219191273,1.1292933065240423,10.731361639026593,8.554922546618382,12.907800731434804
1986,Male,18,85+,13697,60950,16735,80166,1.0765054763574349,1.0524664313771437,1.101093589380503,7.650547635743488,5.219396398831022,10.081698872655952
1987,Male,0,<1,1764,159983,1623,160146,1.0879835280095553,1.0170550332920114,1.1638585115583013,8.798352800955534,1.4637358200644046,16.13296978184666
1987,Male,1,01-04,289,624611,241,609433,1.1700303812661466,0.9861499664816719,1.3881976774485316,17.003038126614655,-3.001738313948954,37.00781456717826
1987,Male,2,05-09,156,755156,125,738129,1.2198605215346232,0.9641125672563323,1.5434501556529205,21.98605215346232,-6.715283129437822,50.68738743636247
1987,Male,3,10-14,217,774491,162,701841,1.213855747648264,0.9903376510231775,1.4878216278825918,21.38557476482641,-3.317748481010596,46.08889801066343
1987,Male,4,15-19,671,912735,611,916024,1.1021569863715208,0.9877429592132713,1.2298240258529312,10.215698637152082,-1.8641551214397922,22.295552395743968
1987,Male,5,20-24,777,955894,902,1035329,0.9330031813313202,0.8476566802224186,1.0269428138594427,-6.699681866867979,-15.650253359742061,2.250889626006103
1987,Male,6,25-29,659,872993,736,945472,0.9697181196582133,0.8729612690457011,1.0771992583604895,-3.0281880341786693,-13.221306493318075,7.164930424960736
1987,Male,7,30-34,788,780799,806,826234,1.0345583486524432,0.9378024969849694,1.1412967871247037,3.4558348652443227,-6.702548298841848,13.614218029330495
1987,Male,8,35-39,1025,812403,1059,845727,1.0075963429291899,0.9246750011524989,1.0979537556643004,0.759634292918987,-7.893662479426434,9.412931065264395
1987,Male,9,40-44,1769,804734,1528,821906,1.1824268389839772,1.1041947863670096,1.2662016220432797,18.242683898397715,10.148664698933207,26.336703097862223
1987,Male,10,45-49,2533,659076,2156,654037,1.1658783933814756,1.1008061250710992,1.2347972973587675,16.58783933814756,9.891962320968695,23.283716355326423
1987,Male,11,50-54,4447,632957,3522,624759,1.2462813375835087,1.1923823110313454,1.3026167513886477,24.628133758350867,19.118206873018885,30.138060643682852
1987,Male,12,55-59,8070,630180,6468,612292,1.2122647939149347,1.173252588773203,1.252574206635481,21.22647939149347,17.261105677400444,25.191853105586492
1987,Male,13,60-64,13475,609309,10498,587089,1.2367688993898764,1.2056116316640937,1.2687313810889154,23.676889938987642,20.521244880727775,26.832534997247514
1987,Male,14,65-69,18712,526257,14944,524547,1.2480726659801733,1.2215221622511023,1.2752002605472592,24.80726659801733,22.123568497251522,27.490964698783138
1987,Male,15,70-74,22317,397870,20577,423608,1.1547200726064866,1.1330522520826052,1.1768022557031372,15.472007260648656,13.284637898218588,17.659376623078728
1987,Male,16,75-79,24358,281158,24434,316350,1.1216683098560931,1.1019382304545093,1.14175165409815,12.166830985609312,10.176264289135206,14.157397682083417
1987,Male,17,80-84,19148,145749,20488,173315,1.1113591286924358,1.0896784484698712,1.1334711764395884,11.13591286924358,8.946418108849219,13.325407629637942
1987,Male,18,85+,13580,64875,16465,84712,1.0769749436388392,1.0527817755460875,1.1017240763160467,7.697494363883917,5.250589848520293,10.14439887924754
1988,Male,0,<1,1813,164361,1631,166092,1.1232948889617074,1.0506154598969422,1.2010021323037328,12.329488896170737,4.815759622224491,19.843218170116984
1988,Male,1,01-04,296,632159,245,619000,1.183014180331989,0.9987784618069047,1.4012342119739656,18.301418033198892,-1.725575453544792,38.32841151994258
1988,Male,2,05-09,182,769697,163,751613,1.0903307811883685,0.8825980737686645,1.3469565000641919,9.033078118836846,-14.012860219285205,32.0790164569589
1988,Male,3,10-14,183,742798,187,682645,0.8993602135633624,0.7335389008696686,1.102666529044039,-10.063978643663763,-28.393210139387993,8.265252852060456
1988,Male,4,15-19,613,887094,582,889974,1.0566840869198326,0.9433673352058116,1.1836123828752234,5.668408691983262,-6.318120893230839,17.654938277197353
1988,Male,5,20-24,790,947365,895,1023420,0.953543741303982,0.8665355545613458,1.0492883549830452,-4.645625869601799,-13.769338137908981,4.478086398705372
1988,Male,6,25-29,738,892803,766,972582,1.049538027693571,0.9486202583926315,1.1611918065521543,4.953802769357107,-5.656691195109731,15.564296733823957
1988,Male,7,30-34,759,788708,859,838974,0.9398983089852263,0.852464586374524,1.0362997423627505,-6.01016910147737,-15.187338079245393,3.166999876290655
1988,Male,8,35-39,1057,787215,1012,821644,1.090146342942759,1.0001116948285345,1.1882863235943077,9.014634294275892,-0.3824553314776158,18.411723920029388
1988,Male,9,40-44,1765,834531,1600,855579,1.1309473037850002,1.0569612593094637,1.2101122843179588,13.094730378500019,5.443018139124445,20.746442617875594
1988,Male,10,45-49,2644,668325,2177,668177,1.2142464347542288,1.1472869107747166,1.285113941827992,21.424643475422876,14.536986115467032,28.31230083537872
1988,Male,11,50-54,4369,639322,3521,631812,1.2262647391469716,1.1730230787942304,1.2819229541680408,22.626473914697165,17.183267816161063,28.069680013233267
1988,Male,12,55-59,7701,622500,5896,607747,1.2751847681090713,1.2326588069872289,1.3191778484037826,27.51847681090713,23.193354061360427,31.84359956045384
1988,Male,13,60-64,13320,601024,10152,580529,1.2673154247011813,1.2350087215138146,1.300467241815806,26.73154247011813,23.458980166958288,30.004104773277973
1988,Male,14,65-69,19329,552596,15619,547198,1.2254424645418864,1.1998708767260253,1.2515590327519786,22.544246454188645,19.96003019273087,25.128462715646414
1988,Male,15,70-74,21359,377977,19124,398958,1.1788647589861834,1.1560851438378568,1.2020932259072983,17.886475898618336,15.586217763521159,20.186734033715513
1988,Male,16,75-79,24532,285144,24258,319766,1.1340860569090083,1.1141368570101227,1.154392457607869,13.408605690900831,11.395931314569708,15.421280067231958
1988,Male,17,80-84,19613,150762,21240,178976,1.096206627519895,1.0751347488829779,1.1176915000347891,9.620662751989496,7.492958794161941,11.748366709817049
1988,Male,18,85+,14430,68810,17579,89211,1.0642386193928348,1.0410631419086953,1.0879300144375874,6.423861939283482,4.080707627356217,8.767016251210746
1989,Male,0,<1,1672,161722,1502,165506,1.1392288629444511,1.0625502047587219,1.2214410164839355,13.922886294445114,5.984770875600742,21.861001713289486
1989,Male,1,01-04,297,646508,259,634249,1.1249742274462773,0.9523005964033397,1.3289574922016818,12.497422744627729,-6.248547941107541,31.243393430363
1989,Male,2,05-09,195,773892,141,751099,1.34224663928586,1.0807711069000663,1.666982054916068,34.22466392858601,5.142201661410195,63.30712619576182
1989,Male,3,10-14,177,735272,125,686460,1.3219969752690162,1.051431661501241,1.6621869652708428,32.199697526901616,1.9271921758076793,62.47220287799556
1989,Male,4,15-19,635,854719,592,853006,1.070485394709935,0.9570828862124054,1.1973247007082803,7.048539470993509,-4.938484754743877,19.035563696730897
1989,Male,5,20-24,793,936382,836,1001787,1.0148205307552527,0.9208613074606526,1.1183667956277743,1.4820530755252692,-8.377701979748542,11.34180813079908
1989,Male,6,25-29,754,915501,825,1000598,0.9988912406397915,0.9049652083282608,1.1025658240167093,-0.11087593602084889,-9.974867540146482,9.753115668104773
1989,Male,7,30-34,718,802454,877,855542,0.8728629092175373,0.7908700464364768,0.9633563209539232,-12.713709078246271,-21.32405174671794,-4.1033664097746
1989,Male,8,35-39,1055,775491,1110,809985,0.9927266829764732,0.9124932293057428,1.0800148816920856,-0.7273317023526849,-9.093507722898675,7.638844318193305
1989,Male,9,40-44,1691,846379,1634,869445,1.0630869583770226,0.9932086539128644,1.137881629020179,6.308695837702261,-0.9193825979601167,13.536774273364639
1989,Male,10,45-49,2600,685811,2234,690353,1.1715395350752986,1.10713481209435,1.2396908373318154,17.153953507529863,10.52968260189877,23.778224413160952
1989,Male,11,50-54,4139,646844,3502,638970,1.167508897155091,1.1161340768758305,1.2212484621486375,16.75088971550911,11.496943943259863,22.004835487758356
1989,Male,12,55-59,7144,615172,5726,602842,1.2226356196984676,1.180860411354119,1.2658887063893454,22.263561969846755,18.013003504175472,26.51412043551804
1989,Male,13,60-64,12632,595086,9543,576133,1.2815342326538488,1.2479156137633107,1.3160585310019095,28.15342326538488,24.74667866025191,31.56016787051785
1989,Male,14,65-69,19884,574417,15768,564585,1.2394505207396187,1.2138141562053508,1.2656283381669624,23.945052073961868,21.35453158424263,26.535572563681107
1989,Male,15,70-74,20286,362323,17551,379010,1.209064083228468,1.1848797310804318,1.233742057533655,20.906408322846804,18.46345822764239,23.349358418051214
1989,Male,16,75-79,24982,289547,23913,323314,1.1665371693233524,1.1460344493922412,1.1874066858414216,16.65371693233524,14.585213509343141,18.722220355327334
1989,Male,17,80-84,20442,155695,21729,184590,1.1153653486143156,1.0942665274776948,1.1368709812928932,11.536534861431559,9.406441655294163,13.666628067568954
1989,Male,18,85+,16028,72981,18967,93964,1.088008719518095,1.0653678003214957,1.1111307976364415,8.800871951809498,6.51289072232617,11.088853181292823
1990,Male,0,<1,1635,163853,1379,166114,1.2020023855638797,1.118878887342353,1.2913012759880391,20.200238556387973,11.58649350631844,28.813983606457505
1990,Male,1,01-04,272,649098,269,643540,1.0024942705451332,0.8470077878154841,1.1865236387823523,0.24942705451331815,-16.646266001959376,17.145120110986014
1990,Male,2,05-09,174,779193,133,753191,1.264613130826535,1.0090585632315383,1.5848895484690793,26.461313082653493,-2.087134786706324,55.00976095201331
1990,Male,3,10-14,168,736360,137,703280,1.1711884816733167,0.9346268042209188,1.4676258517405227,17.11884816733167,-9.306326045390978,43.54402238005433
1990,Male,4,15-19,619,827995,590,818235,1.036785645454954,0.9262177526378881,1.1605526579036491,3.6785645454953997,-8.013383237792105,15.370512328782905
1990,Male,5,20-24,838,923043,912,979092,0.9746546277680969,0.8873978072018247,1.0704913125999147,-2.534537223190314,-11.675804693416314,6.606730247035686
1990,Male,6,25-29,833,929958,962,1029375,0.9584737231711612,0.873561387919722,1.051639748177619,-4.15262768288388,-13.043788635733545,4.738533269965783
1990,Male,7,30-34,749,818265,899,882260,0.898306909678742,0.8152925628241956,0.9897739054324948,-10.169309032125796,-18.8797202912776,-1.4588977729739883
1990,Male,8,35-39,1053,767238,1113,804830,0.9924468522223753,0.9122490730073538,1.0796949907979367,-0.7553147777624725,-9.117711907930637,7.607082352405681
1990,Male,9,40-44,1786,852603,1690,879324,1.089925517128691,1.0197887962101613,1.1648859423666689,8.992551712869101,1.743040999752643,16.24206242598556
1990,Male,10,45-49,2608,701797,2225,713248,1.1912601853095166,1.125747210910411,1.2605856939729947,19.12601853095166,12.3876882436331,25.864348818270223
1990,Male,11,50-54,4087,649584,3444,642045,1.1729287835074806,1.120939643391657,1.2273291780614153,17.292878350748065,11.97522345855031,22.61053324294582
1990,Male,12,55-59,6951,609684,5565,601022,1.2313108070954912,1.1886560898125074,1.2754961814979606,23.131080709549124,18.789975501271705,27.472185917826543
1990,Male,13,60-64,12030,590667,9322,574838,1.2559122326941683,1.2224012044139139,1.2903419356389643,25.59122326941683,22.19460079162987,28.98784574720379
1990,Male,14,65-69,19077,556536,15197,543170,1.2251654165442916,1.1993321210591494,1.251555154355879,22.516541654429155,19.90558762594452,25.127495682913793
1990,Male,15,70-74,20179,386032,17674,398733,1.1792982745113547,1.1557241656280632,1.2033532408744578,17.929827451135473,15.548535514779172,20.31111938749177
1990,Male,16,75-79,24368,291484,23482,325029,1.15715675065111,1.1366013685296807,1.1780838758883379,15.715675065111,13.641660744117058,17.789689386104946
1990,Male,17,80-84,20236,159284,21686,188520,1.1044104188617947,1.0834547138599562,1.1257714399017718,10.44104188617947,8.325334992418455,12.556748779940484
1990,Male,18,85+,15654,76185,19234,97408,1.0405929334094357,1.0188682159991875,1.0627808739717501,4.0592933409435705,1.86382332660604,6.254763355281101
1991,Male,0,<1,1523,167252,1261,168732,1.2184590873078964,1.1308416915557389,1.312865061952851,21.845908730789642,12.753181916528234,30.938635545051053
1991,Male,1,01-04,271,654412,226,652568,1.1957361817856187,1.0022032185435106,1.4266418127344862,19.57361817856187,-1.5384495996549452,40.685685956778684
1991,Male,2,05-09,154,787745,155,756892,0.9546348447866398,0.7638158526051252,1.1931248661212939,-4.536515521336016,-25.825080325810433,16.752049283138405
1991,Male,3,10-14,185,741217,142,725567,1.275309323321275,1.0248162876178126,1.5870296850284946,27.530932332127488,-0.35694413195751507,55.4188087962125
1991,Male,4,15-19,610,796112,499,775685,1.1910788486150912,1.0581832511525389,1.340664598568427,19.107884861509117,5.016711222370773,33.19905850064746
1991,Male,5,20-24,839,913563,781,953429,1.1211424134214307,1.017035999552741,1.2359054268729919,12.114241342143073,1.1880735978185841,23.040409086467562
1991,Male,6,25-29,794,928932,906,1038686,0.9799245969277506,0.890866561935567,1.0778855742185391,-2.007540307224942,-11.344357181671027,7.329276567221132
1991,Male,7,30-34,776,838119,985,914977,0.8600624399175036,0.7828391706040243,0.9449034084307572,-13.993756008249637,-22.0850271596823,-5.90248485681697
1991,Male,8,35-39,1067,766547,1142,807860,0.9846811686652581,0.9058425757901304,1.0703813552572727,-1.5318831334741878,-9.749280717629617,6.68551445068124
1991,Male,9,40-44,1782,853130,1745,883153,1.057141209697498,0.9896129937304894,1.129277348135792,5.714120969749792,-1.264028033142428,12.692269972642013
1991,Male,10,45-49,2546,727829,2331,746655,1.1204868077430177,1.0592665380934259,1.1852453005698607,12.048680774301769,5.7530556424783885,18.344305906125147
1991,Male,11,50-54,4147,642195,3374,635237,1.2157879180793654,1.161776949681796,1.2723098544454783,21.578791807936536,16.054048148605805,27.10353546726727
1991,Male,12,55-59,6524,604880,5424,599869,1.1928379989751008,1.150642009150832,1.2365813871587983,19.28379989751008,14.987759790181897,23.57984000483826
1991,Male,13,60-64,11410,586113,9068,573384,1.230944150307703,1.197465670327804,1.2653586142156068,23.0944150307703,19.700197973969715,26.488632087570885
1991,Male,14,65-69,18214,546925,14423,529009,1.2214762130712897,1.195080677706806,1.2484547419525918,22.147621307128972,19.479130363698438,24.816112250559506
1991,Male,15,70-74,21112,407495,18072,416089,1.1928535013650081,1.16939373229601,1.216783908123923,19.28535013650081,16.91599714687959,21.654703126122033
1991,Male,16,75-79,23913,291154,23183,323036,1.1444388482056687,1.1239497949704926,1.165301406827253,14.443884820566865,12.376416684892998,16.51135295624073
1991,Male,17,80-84,20634,162860,22253,192675,1.0969978981787372,1.0764137961188873,1.1179756269824452,9.699789817873716,7.621822543197276,11.777757092550157
1991,Male,18,85+,16928,79407,20263,101224,1.0649436107462114,1.0434295342768747,1.0869012777706584,6.4943610746211355,4.3209247846697,8.667797364572571
1992,Male,0,<1,1315,166807,1146,169130,1.163449433168895,1.0748525561224307,1.2593490854450178,16.34494331688949,7.129755197994947,25.56013143578404
1992,Male,1,01-04,216,660707,222,660633,0.9728639987983388,0.8066758183965556,1.1732896147044534,-2.7136001201661153,-20.937524148840946,15.510323908508727
1992,Male,2,05-09,138,795637,130,765511,1.0213443683875552,0.8037724288823704,1.2978105261553263,2.1344368387555157,-22.332773053543953,26.601646731054984
1992,Male,3,10-14,169,756969,121,741099,1.3674122532764394,1.08275672950614,1.7269033933997326,36.741225327643946,4.8244872145033035,68.65796344078458
1992,Male,4,15-19,493,750693,391,733552,1.2320794136942101,1.0789333710433764,1.4069633235841768,23.207941369421015,6.854503446793525,39.56137929204851
1992,Male,5,20-24,719,899891,761,924447,0.9705911849440794,0.8765280903536219,1.0747484976905846,-2.9408815055920634,-12.834758305199689,6.952995294015563
1992,Male,6,25-29,772,927445,888,1040727,0.9755577696528372,0.8858618286943339,1.0743356707588834,-2.4442230347162752,-11.853320656013377,6.964874586580838
1992,Male,7,30-34,834,859569,1006,939774,0.9063809122870162,0.8268904934057959,0.9935128831564403,-9.361908771298378,-17.68134157364485,-1.0424759689519059
1992,Male,8,35-39,1071,772608,1180,819197,0.9623579003995097,0.885955643156888,1.0453488677619382,-3.7642099600490253,-11.724789677756608,4.196369757658558
1992,Male,9,40-44,1695,810660,1614,834214,1.0806993787337629,1.0094871201221571,1.1569351643181076,8.069937873376286,0.7032420091158897,15.436633737636685
1992,Male,10,45-49,2601,787239,2425,812421,1.106886648853399,1.0473086946006425,1.169853797382154,10.688664885339904,4.564534689752353,16.812795080927458
1992,Male,11,50-54,3922,642800,3280,637977,1.1867599991272937,1.1329796840533861,1.2430931598789816,18.675999912729367,13.172299153278889,24.179700672179848
1992,Male,12,55-59,6443,607020,5151,601033,1.2384882735580072,1.1939386419418634,1.2847001930065525,23.848827355800715,19.311764691289124,28.38589002031231
1992,Male,13,60-64,10959,580671,8760,574014,1.2366852148823668,1.2024293726551678,1.271916967007794,23.66852148823668,20.194598656812968,27.1424443196604
1992,Male,14,65-69,17106,537659,13879,520152,1.192377149430623,1.1659750162702358,1.2193771278498637,19.2377149430623,16.567832468812547,21.907597417312054
1992,Male,15,70-74,21455,428851,18601,434137,1.1676497746462073,1.144945214898594,1.190804571686073,16.764977464620735,14.472156972514272,19.057797956727196
1992,Male,16,75-79,22873,285018,21839,314738,1.156557619659437,1.1353086918368984,1.1782042515926319,15.655761965943693,13.511106890085323,17.800417041802064
1992,Male,17,80-84,20613,166433,21737,197194,1.1235589224832232,1.10235203049082,1.1451737896555487,12.35589224832232,10.214933855655971,14.496850640988669
1992,Male,18,85+,17115,83680,20569,106717,1.061147271572147,1.0398453307765703,1.0828855971532567,6.1147271572147055,3.962861324763467,8.266592989665945
1993,Male,0,<1,1222,159634,1051,164315,1.1967964849946298,1.1020731009855578,1.2996613611334944,19.679648499462978,9.811421449801427,29.547875549124527
1993,Male,1,01-04,241,662292,223,662606,1.0812298689651718,0.9012078519056351,1.2972124322601375,8.122986896517181,-11.568211296319975,27.81418508935434
1993,Male,2,05-09,138,806996,111,780834,1.202938545661434,0.9369493945602504,1.5444389558704104,20.29385456614341,-9.766780649032047,50.35448978131887
1993,Male,3,10-14,178,772854,138,751780,1.2546836095521425,1.004588503242302,1.5670405892541817,25.46836095521425,-2.4239368157401353,53.360658726168644
1993,Male,4,15-19,457,719522,403,707512,1.1150668037588751,0.9752895616941182,1.274876739873276,11.506680375887512,-3.427987213067807,26.441347964842834
1993,Male,5,20-24,790,879946,676,893528,1.1866770415188332,1.070863256779389,1.3150160788064071,18.667704151883324,6.481492882758455,30.853915421008193
1993,Male,6,25-29,808,918654,893,1030416,1.0148936265293202,0.92276461429711,1.116220818626011,1.4893626529320247,-8.1688629010020275,11.147588206866077
1993,Male,7,30-34,832,878550,1036,962416,0.8797513101286364,0.8030327911433274,0.9637992074658795,-12.024868987136362,-20.052046900171838,-3.997691074100884
1993,Male,8,35-39,1061,782389,1147,832484,0.9842493245847711,0.9054144123835318,1.0699484343255834,-1.5750675415228899,-9.792219727741935,6.642084644696156
1993,Male,9,40-44,1590,787796,1568,807126,1.0389116877196325,0.9689098259804233,1.113971048635297,3.8911687719632493,-3.356013344326081,11.13835088825259
1993,Male,10,45-49,2780,818305,2402,845672,1.1960753483949869,1.1325200102970372,1.263197317514039,19.607534839498687,13.076914814544804,26.138154864452567
1993,Male,11,50-54,3954,652477,3356,652336,1.1779337134371208,1.1249728338653777,1.233387857450971,17.79337134371208,12.374531653899833,23.212211033524333
1993,Male,12,55-59,6459,615226,5174,608111,1.2339200997524447,1.189612666872583,1.279877774482508,23.392009975244466,18.879760328601947,27.904259621886986
1993,Male,13,60-64,10851,575379,8401,570792,1.28133488221238,1.2453528376739353,1.318356557841709,28.133488221238,24.48379573867927,31.78318070379673
1993,Male,14,65-69,17160,531689,13510,515521,1.231545949780733,1.2040928656268348,1.2596249589368267,23.154594978073305,20.37822548713095,25.93096446901566
1993,Male,15,70-74,23044,449612,19529,455785,1.19618952662798,1.1736018671067046,1.2192119182138073,19.618952662798005,17.33858823153136,21.899317094064653
1993,Male,16,75-79,22299,272074,21300,297083,1.1431324239977378,1.1218663629560874,1.1648016037771989,14.313242399773785,12.166606523595714,16.459878275951855
1993,Male,17,80-84,21404,170249,22713,202189,1.1191631347381914,1.0984607859518551,1.1402556542531985,11.916313473819141,9.826691473858018,14.005935473780262
1993,Male,18,85+,18995,88890,22998,113551,1.055084602826498,1.0350028811816108,1.0755559615937111,5.508460282649796,3.480931053132297,7.535989512167296
1994,Male,0,<1,1201,158373,998,165890,1.260525192505195,1.159021699036204,1.370918044296793,26.052519250519502,15.470137081068591,36.63490141997041
1994,Male,1,01-04,218,658495,185,662663,1.1858370243530343,0.9748436177038785,1.442497466043434,18.58370243530343,-4.650057049512513,41.81746192011937
1994,Male,2,05-09,143,815305,101,796419,1.3830445521784627,1.0720069255516431,1.7843282424003108,38.30445521784627,3.070739232977271,73.53817120271526
1994,Male,3,10-14,160,775325,132,754087,1.1789183226193511,0.936256967997934,1.4844732364231563,17.891832261935114,-9.277831113180834,45.06149563705107
1994,Male,4,15-19,422,710625,341,706414,1.230203299829515,1.0665822859801775,1.4189248957201919,23.020329982951495,5.462864917029808,40.57779504887318
1994,Male,5,20-24,751,847411,663,856246,1.1445397150788943,1.031025171168601,1.2705520641247858,14.45397150788943,2.4993753267004815,26.408567689078378
1994,Male,6,25-29,770,904684,884,1017750,0.9799020396432115,0.8896568961114044,1.0793014829580854,-2.009796035678846,-11.477288988304391,7.457696916946688
1994,Male,7,30-34,900,896463,1116,987679,0.8885088649287759,0.8138156083425114,0.9700575842541054,-11.14911350712241,-18.951181818469752,-3.347045195775067
1994,Male,8,35-39,1052,793475,1136,850626,0.992756669827719,0.9128944018360267,1.0796054872340528,-0.724333017228096,-9.050124082901622,7.601458048445431
1994,Male,9,40-44,1580,775142,1558,796574,1.0421602191740866,0.9717237561988378,1.1177023464750395,4.216021917408663,-3.0769537120787227,11.50899754689605
1994,Male,10,45-49,2584,831395,2371,859654,1.1268788693855767,1.0657852903479477,1.1914744909391128,12.687886938557668,6.406679961393946,18.96909391572139
1994,Male,11,50-54,3769,670243,3252,672764,1.1633383837863038,1.1100261746350009,1.219211065572882,16.333838378630382,10.876595556002089,21.791081201258677
1994,Male,12,55-59,6157,623146,4943,616666,1.2326470358401895,1.1873600295052835,1.2796613303537554,23.264703584018953,18.650716075505525,27.87869109253238
1994,Male,13,60-64,9844,570070,8120,568266,1.2084788705837786,1.173486927531909,1.2445142305240837,20.847887058377857,17.29703286993105,24.398741246824663
1994,Male,14,65-69,15743,526054,12869,514684,1.196886682963031,1.1693305034202717,1.2250922452327195,19.688668296303092,16.900833295704707,22.476503296901473
1994,Male,15,70-74,22776,465639,19440,471216,1.1856373555320594,1.1631618025612072,1.208547199312869,18.56373555320594,16.294604241797362,20.83286686461452
1994,Male,16,75-79,20362,262442,19281,284056,1.1430402061889697,1.1207478454188586,1.1657759756622392,14.304020618896974,12.052759656550705,16.555281581243243
1994,Male,17,80-84,20644,173191,22216,205550,1.1028593892854544,1.082159666154892,1.123955060029925,10.285938928545434,8.196294270363925,12.375583586726947
1994,Male,18,85+,18334,92267,22344,117483,1.044780196878072,1.0245724681973805,1.0653864842855574,4.478019687807211,2.4374486199477463,6.518590755666676
1995,Male,0,<1,1139,151714,997,162683,1.2250253601676668,1.1251946031877826,1.3337134117088132,22.502536016766683,12.089141221438915,32.91593081209445
1995,Male,1,01-04,186,650581,182,665429,1.0453022962349239,0.8521011181361664,1.2823089504964096,4.530229623492388,-16.831170700819587,25.89162994780436
1995,Male,2,05-09,134,818953,117,806864,1.1283927765972523,0.8805545740757157,1.4459867630729868,12.839277659725234,-15.14460038109775,40.82315570054822
1995,Male,3,10-14,150,779117,149,759373,0.9811998237584961,0.7821725837629647,1.2308704167461124,-1.8800176241503874,-24.123888394972315,20.36385314667153
1995,Male,4,15-19,418,714109,373,717544,1.1260339395097714,0.9793133845477447,1.294736141601339,12.603393950977138,-3.1166312160208487,28.323419117975114
1995,Male,5,20-24,710,816566,724,826013,0.9920084511578694,0.8944506556136679,1.1002068822829285,-0.7991548842130602,-11.06861379515296,9.47030402672684
1995,Male,6,25-29,878,889954,891,1004253,1.111968258276944,1.0130117204268747,1.2205914131915676,11.19682582769439,0.8328529423331066,21.560798713055675
1995,Male,7,30-34,930,912422,1117,1012257,0.9236869669498118,0.8467179910593846,1.0076526327797182,-7.631303305018822,-15.667892103442105,0.4052854934044614
1995,Male,8,35-39,1034,811726,1231,876541,0.9070375443904969,0.8350601557749748,0.9852189704470126,-9.296245560950311,-16.795639070467615,-1.7968520514330066
1995,Male,9,40-44,1609,765251,1586,793738,1.0522674291127547,0.9817631700270589,1.1278348752286647,5.226742911275473,-2.070990878750989,12.524476701301946
1995,Male,10,45-49,2704,839287,2553,866897,1.0939888011213719,1.0363895036569513,1.1547892879616866,9.398880112137187,3.481776350384247,15.315983873890126
1995,Male,11,50-54,3883,688697,3333,696356,1.1779726512865631,1.124697198325547,1.2337716936122787,17.797265128656313,12.345486797114248,23.249043460198383
1995,Male,12,55-59,6010,625975,5013,620926,1.1892129339471198,1.1454542742928742,1.2346432625083748,18.92129339471198,14.462888460151646,23.379698329272316
1995,Male,13,60-64,9669,568176,7977,566661,1.2088778130118514,1.1735652403346593,1.2452529408382795,20.887781301185136,17.303921272179366,24.471641330190906
1995,Male,14,65-69,15590,522483,12611,516615,1.2223383479602798,1.1939791098448378,1.2513711710487394,22.233834796027985,19.364495261952896,25.103174330103073
1995,Male,15,70-74,22124,454580,19020,455742,1.1661700050228359,1.1437862771640768,1.1889917791170308,16.617000502283584,14.356866897816856,18.877134106750315
1995,Male,16,75-79,21424,280769,20209,303840,1.1472327280369263,1.1253935199419913,1.1694957443391794,14.723272803692634,12.518297341697671,16.928248265687596
1995,Male,17,80-84,21420,176440,22588,207740,1.1165155233364823,1.0958386306683936,1.1375825591136408,11.65155233364823,9.564477457448927,13.738627209847532
1995,Male,18,85+,19679,96729,24226,123209,1.0346823661660864,1.0154026883108507,1.0543281115750924,3.4682366166086442,1.5220802094378039,5.414393023779485
1996,Male,0,<1,1099,147888,1049,161398,1.1433716438286794,1.0506177377697026,1.2443143389970623,14.33716438286794,4.663878192146154,24.010450573589726
1996,Male,1,01-04,215,633220,189,660465,1.1865111952364409,0.975880446853146,1.4426037748384763,18.651119523644088,-4.537156542787635,41.83939559007581
1996,Male,2,05-09,114,825868,103,821911,1.101493099275697,0.8438480198535677,1.437802802408094,10.149309927569705,-19.199917995980933,39.49853785112034
1996,Male,3,10-14,160,785599,120,764822,1.298070219878929,1.0244810876867108,1.6447217191107433,29.807021987892888,-0.9173248575888193,60.5313688333746
1996,Male,4,15-19,449,722344,387,732840,1.1770650707597325,1.027443513250565,1.348475281545462,17.706507075973256,1.704257875266335,33.70875627668018
1996,Male,5,20-24,649,773978,635,794100,1.0486185867497955,0.9399492738000285,1.1698513644589243,4.861858674979547,-6.610346973926784,16.33406432388589
1996,Male,6,25-29,815,880861,854,990094,1.0726765453643985,0.974508446666687,1.180733707245592,7.267654536439849,-3.027794298307218,17.563103371186916
1996,Male,7,30-34,969,916714,1114,1029842,0.9771816926986765,0.8965678545384883,1.0650438287651756,-2.2818307301323504,-10.695230869352878,6.131569409088189
1996,Male,8,35-39,1096,831651,1230,906453,0.9712021145361426,0.8952650749197161,1.0535801894919894,-2.879788546385742,-10.786806284220019,5.0272291914485345
1996,Male,9,40-44,1543,764076,1607,800057,1.0053896734088814,0.9375515927198192,1.0781362895079527,0.5389673408881412,-6.484553363702217,7.562488045478499
1996,Male,10,45-49,2773,841687,2541,865347,1.1219793852226747,1.0631846034734334,1.1840255556297723,12.19793852226747,6.1588074365802825,18.23706960795466
1996,Male,11,50-54,3897,714051,3392,731515,1.176978599802329,1.1240354779555755,1.2324153921833778,17.6978599802329,12.280777000651577,23.114942959814222
1996,Male,12,55-59,5892,621732,5011,615672,1.1643526008044505,1.121313133160043,1.2090440563907932,16.435260080445047,12.049750899416,20.82076926147409
1996,Male,13,60-64,9393,567373,7734,565854,1.211255828836954,1.1753462983992926,1.2482624779519018,21.125582883695394,17.480324183522676,24.77084158386811
1996,Male,14,65-69,14740,519266,12346,519161,1.1936675398250856,1.1654630708392577,1.2225545633170802,19.366753982508556,16.512451374611636,22.221056590405475
1996,Male,15,70-74,21367,446461,18117,446793,1.1802665483456944,1.15713309214508,1.2038624896307115,18.026654834569445,15.690337538504329,20.36297213063456
1996,Male,16,75-79,22041,299329,20209,319775,1.1651509228536734,1.1431203880702132,1.1876060362448728,16.515092285367338,14.290944954115027,18.739239616619653
1996,Male,17,80-84,20841,175899,22204,207796,1.108820247560447,1.0880565205932697,1.1299802153013407,10.882024756044695,8.785964858203798,12.978084653885592
1996,Male,18,85+,20358,100070,24981,126814,1.0327342782713322,1.0137979500269445,1.0520243106511147,3.273427827133224,1.362218890587541,5.184636763678907
1997,Male,0,<1,1073,149826,952,164862,1.2402126382570167,1.1365709677326594,1.3533051888179348,24.021263825701666,13.19829512190167,34.84423252950166
1997,Male,1,01-04,217,613666,164,654107,1.4103685682519125,1.1514840841019862,1.7274572230533518,41.03685682519125,12.43466013381651,69.63905351656598
1997,Male,2,05-09,137,829031,108,831664,1.2725473295753538,0.9888703602865149,1.6376026333119809,27.254732957535378,-4.840526890385666,59.34999280545643
1997,Male,3,10-14,164,793918,141,775949,1.1367952875923606,0.9076591672171455,1.4237762064964978,13.67952875923606,-11.909675166840007,39.26873268531212
1997,Male,4,15-19,489,734585,413,752166,1.2123567916598526,1.0635142103292843,1.382030419535899,21.235679165985253,5.355319494083455,37.116038837887054
1997,Male,5,20-24,724,726953,615,767577,1.2430227297212122,1.1163485802581357,1.3840708304983877,24.30227297212122,10.941899789879027,37.66264615436341
1997,Male,6,25-29,811,865307,842,968622,1.0781839796663053,0.97906724472667,1.1873348845753757,7.81839796663053,-2.5788619250727063,18.215657858333767
1997,Male,7,30-34,973,914653,1011,1045576,1.1001728606556909,1.0074723483304235,1.2014030214617408,10.017286065569087,0.33326256264027965,19.701309568497894
1997,Male,8,35-39,1103,849670,1108,932452,1.0924761190997958,1.005092976597911,1.187456383232508,9.24761190997958,0.13999492084575405,18.355228899113406
1997,Male,9,40-44,1600,769543,1522,814532,1.1127064076596698,1.0372952160750057,1.193599980468203,11.270640765966977,3.4618139318496333,19.07946760008432
1997,Male,10,45-49,2637,802006,2280,822967,1.1868069647595496,1.12211515597402,1.255228364132697,18.68069647595496,12.028519827140304,25.332873124769616
1997,Male,11,50-54,4077,770345,3665,794923,1.147906532231174,1.0978189630676831,1.2002793275285775,14.790653223117388,9.669334121542871,19.911972324691906
1997,Male,12,55-59,5776,621288,4872,618012,1.1792987750284913,1.1351829886688458,1.2251290009327358,17.929877502849134,13.433666252962162,22.426088752736106
1997,Male,13,60-64,9019,570664,7353,569633,1.2243581759054842,1.1872274169689427,1.2626502062543077,22.435817590548425,18.66527415092576,26.206361030171088
1997,Male,14,65-69,14205,516639,11767,521171,1.2177791649373182,1.1883871528253496,1.2478981205995736,21.77791649373182,18.802664107990807,24.75316887947283
1997,Male,15,70-74,20338,441138,17108,442230,1.191743336899969,1.1677561141511579,1.2162232882658504,19.174333689996903,16.751141960855655,21.59752541913815
1997,Male,16,75-79,22785,316399,20685,335689,1.1686797414746652,1.1468869388576168,1.190886644409552,16.867974147466526,14.668118781429374,19.067829513503675
1997,Male,17,80-84,20083,173159,21217,203342,1.1115439356755221,1.0903008284827496,1.1332009374480425,11.154393567552212,9.009521228438523,13.299265906665902
1997,Male,18,85+,20842,103609,25562,131489,1.0347525408356668,1.015996674963988,1.0538546504631228,3.475254083566681,1.5824608669434248,5.368047300189938
1998,Male,0,<1,977,144683,952,161486,1.1454469687628306,1.0476347663307715,1.2523913871656505,14.544696876283059,4.32044790662196,24.768945845944156
1998,Male,1,01-04,198,604940,186,653366,1.1497316182783257,0.9411894128195201,1.404481155508257,14.97316182783257,-8.03749900589188,37.98382266155702
1998,Male,2,05-09,129,821883,107,831510,1.219729174222117,0.9439732808422251,1.5760395856980056,21.9729174222117,-9.287065794229466,53.23290063865287
1998,Male,3,10-14,149,805372,131,795030,1.12279885985455,0.8878736514575527,1.419883648558691,12.279885985454996,-14.077859979390173,38.63763195030017
1998,Male,4,15-19,474,750038,404,762639,1.1929787834644103,1.0447078741343392,1.3622931472355448,19.29787834644103,3.465134119034552,35.13062257384752
1998,Male,5,20-24,674,694619,604,753156,1.2099327709013552,1.0840964883679272,1.3503754747005428,20.99327709013552,7.7060511362282424,34.280503044042796
1998,Male,6,25-29,876,844489,838,945780,1.1707285690731544,1.064939616642591,1.287026382552233,17.072856907315437,5.985101569438789,28.160612245192084
1998,Male,7,30-34,1019,907398,1090,1045678,1.0773277319961012,0.9891359882458871,1.1733826854142766,7.732773199610121,-1.4683714795502123,16.933917878770455
1998,Male,8,35-39,1153,866676,1234,957932,1.0327425210947547,0.9530741317961566,1.1190704681776684,3.274252109475473,-5.016656080054494,11.56516029900545
1998,Male,9,40-44,1616,779650,1518,831344,1.1351432431379676,1.0583406498498806,1.2175193144329817,13.514324313796756,5.561897668057503,21.466750959536007
1998,Male,10,45-49,2526,777726,2284,798408,1.135365016946685,1.072895477657393,1.2014718568121125,13.536501694668491,7.111113142475478,19.9618902468615
1998,Male,11,50-54,4238,801757,3666,828605,1.1947396611751722,1.1430728345690333,1.2487418253825717,19.473966117517215,14.192237149275599,24.755695085758834
1998,Male,12,55-59,5845,630627,4843,632485,1.2104523997818701,1.1652190557569486,1.2574416843757068,21.045239978187013,16.435223078799034,25.655256877574995
1998,Male,13,60-64,8989,579310,7319,577875,1.2251309584181975,1.1879026103396417,1.2635260266374406,22.51309584181975,18.7325250618402,26.293666621799304
1998,Male,14,65-69,13659,515023,11308,521035,1.2220061131670787,1.1919307871044682,1.252840313190794,22.200611316707874,19.155450183436162,25.245772449979587
1998,Male,15,70-74,19841,438880,16587,441112,1.2022610978765045,1.1777232342838655,1.227310207857228,20.226109787650447,17.746936812671834,22.705282762629064
1998,Male,16,75-79,23464,332964,21716,354308,1.1497565576373856,1.1287312370436804,1.1711735251453959,14.97565576373856,12.853661828059337,17.097649699417783
1998,Male,17,80-84,19368,166399,19869,193785,1.1352152378099267,1.1129687602146225,1.1579063871544208,13.521523780992673,11.274789109035432,15.768258452949912
1998,Male,18,85+,21443,107964,25904,137654,1.0554279315453194,1.0365009574769943,1.0747005206801805,5.542793154531944,3.632919229185716,7.4526670798781725
1999,Male,0,<1,1032,142818,899,160974,1.293876408676578,1.1832017991237642,1.4149033260172423,29.387640867657794,17.817988547519924,40.95729318779566
1999,Male,1,01-04,187,594670,184,648798,1.108810312040072,0.9046245673576861,1.359083483303496,10.881031204007208,-11.685799334332037,33.44786174234644
1999,Male,2,05-09,121,814848,89,834584,1.392479512826215,1.0590623517141413,1.830864056778502,39.24795128262151,1.1355033134311299,77.36039925181188
1999,Male,3,10-14,145,814221,118,809924,1.2223285732256217,0.9586360497839059,1.558555138063688,22.23285732256217,-7.469909426686727,51.93562407181107
1999,Male,4,15-19,438,757650,391,764030,1.1296375942369923,0.98563448565677,1.294679836068472,12.963759423699228,-2.4407204782176506,28.368239325616116
1999,Male,5,20-24,619,689604,527,757560,1.290319608887655,1.1488011738199277,1.4492714065949974,29.031960888765497,14.042188260540932,44.02173351699006
1999,Male,6,25-29,873,798974,764,946182,1.3532029009141398,1.2279825894117244,1.491192226039357,35.32029009141397,22.180466638972284,48.46011354385566
1999,Male,7,30-34,1022,894753,1014,1048646,1.1812414613003583,1.0829511144769273,1.2884527946295716,18.124146130035832,7.861975888617012,28.386316371454654
1999,Male,8,35-39,1229,881376,1181,991128,1.1702280673714012,1.0804010706942033,1.2675234843888903,17.022806737140115,7.676625193966258,26.368988280313978
1999,Male,9,40-44,1639,790845,1465,853732,1.2077346205727113,1.1255543634659062,1.2959151162085063,20.773462057271132,12.262470604764285,29.284453509777975
1999,Male,10,45-49,2517,765410,2215,790647,1.1738104740512492,1.108661520412613,1.2427878154187475,17.381047405124917,10.67837572411321,24.083719086136625
1999,Male,11,50-54,4363,815044,3642,844590,1.2413954575153288,1.18796774473933,1.2972260305584646,24.139545751532875,18.67839312592765,29.6006983771381
1999,Male,12,55-59,5861,647148,4749,652909,1.2451411715204712,1.1983932516941385,1.2937126730508897,24.51411715204712,19.74930908388963,29.27892522020461
1999,Male,13,60-64,8721,587730,7144,587986,1.2212764056878052,1.183669964029454,1.2600776436130048,22.127640568780514,18.30787939259284,25.94740174496819
1999,Male,14,65-69,13181,512576,11077,520196,1.2076329247915587,1.1775057196828695,1.2385309528971038,20.763292479155872,17.71235537656659,23.81422958174515
1999,Male,15,70-74,19002,436910,16242,442822,1.1857605892109104,1.1611831817034595,1.2108581979831619,18.576058921091043,16.092489697579172,21.059628144602915
1999,Male,16,75-79,24237,343890,22450,365280,1.1467503055730581,1.1261184219360523,1.1677601908607955,14.675030557305814,12.593056489497245,16.75700462511438
1999,Male,17,80-84,18241,164472,19105,188929,1.0967515419171554,1.0747227805262958,1.1192318302852116,9.67515419171554,7.449854392424249,11.900453991006831
1999,Male,18,85+,22089,111467,26829,142589,1.0532010422144207,1.0346122855979207,1.072123780823361,5.320104221442068,3.4446285815541433,7.195579861329993
2000,Male,0,<1,942,137277,848,157160,1.2717428100544814,1.1590575487065853,1.395383496470972,27.174281005448144,15.374919685431255,38.97364232546503
2000,Male,1,01-04,166,587079,152,644629,1.1991618226579566,0.9623152351665767,1.494301476658464,19.916182265795655,-6.469697973214084,46.3020625048054
2000,Male,2,05-09,111,800882,98,828224,1.1713216790733114,0.8926636833177216,1.5369668347746528,17.13216790733114,-14.690081012188505,48.9544168268508
2000,Male,3,10-14,120,818122,119,818334,1.0086646689644345,0.7827526020618213,1.2997777480869726,0.8664668964434519,-24.709833665534873,26.442767458421777
2000,Male,4,15-19,448,764139,374,767306,1.2028255379496604,1.0485311437794447,1.379824799031642,20.28255379496604,3.769788338122826,36.795319251809254
2000,Male,5,20-24,624,693644,586,769752,1.1816834841836328,1.0556877106539309,1.3227167870765537,18.16834841836328,4.845140074050347,31.49155676267621
2000,Male,6,25-29,803,764017,769,944892,1.2914225199541742,1.1698228006810063,1.425662180694294,29.142251995417425,16.37110936877797,41.91339462205688
2000,Male,7,30-34,1017,879733,982,1048880,1.2347652148106047,1.1311011352862943,1.3479299844574677,23.476521481060473,12.648960600950154,34.3040823611708
2000,Male,8,35-39,1331,895941,1240,1019747,1.221713563475936,1.1307669011656953,1.319974991877089,22.171356347593594,12.720380902651485,31.622331792535707
2000,Male,9,40-44,1602,807551,1540,880820,1.1346423748042964,1.057989873655539,1.2168484318789334,13.464237480429642,5.527782733472653,21.40069222738663
2000,Male,10,45-49,2458,756230,2211,788931,1.1597870504926147,1.095036155484957,1.2283667491277068,15.978705049261466,9.315840981415224,22.641569117107707
2000,Male,11,50-54,4113,822195,3694,851249,1.1527724844774443,1.1026766099623881,1.2051442725475308,15.27724844774443,10.155550498493104,20.398946396995754
2000,Male,12,55-59,5606,665963,4840,677243,1.1778830048918285,1.1334444612677586,1.2240638342889656,17.788300489182852,13.258448517728416,22.318152460637286
2000,Male,13,60-64,8509,591643,7115,592483,1.197622047271011,1.1605005084384672,1.2359310122488054,19.762204727101107,15.991302649104178,23.533106805098036
2000,Male,14,65-69,12374,513222,10617,520300,1.1815629255638749,1.1513204223880948,1.2125998287872455,18.156292556387488,15.092665523397564,21.21991958937741
2000,Male,15,70-74,18085,436532,15598,446569,1.1861021243993064,1.1609689477427856,1.2117793953402403,18.610212439930642,16.069884275613887,21.150540604247393
2000,Male,16,75-79,22711,338606,21115,356275,1.1317118695937238,1.110704011467891,1.1531170703945435,13.171186959372383,11.0506580974427,15.291715821302066
2000,Male,17,80-84,18477,178877,19399,204121,1.0868892678864834,1.0652097170491985,1.109010049137821,8.688926788648343,6.499058347652253,10.878795229644433
2000,Male,18,85+,22148,115076,26989,146291,1.043231213261339,1.0248562192060227,1.0619356588047817,4.323121326133905,2.469246920483248,6.1769957317845625
2001,Male,0,<1,814,132521,892,152201,1.048074976390069,0.9530853146414602,1.1525318240248748,4.807497639006897,-5.149841683968448,14.764836961982253
2001,Male,1,01-04,151,576018,158,635981,1.055183391113261,0.8442187213472114,1.3188667352750587,5.518339111326109,-18.01839713356482,29.055075356217053
2001,Male,2,05-09,95,781690,90,817305,1.1036482919486412,0.8272170783888964,1.4724545517041672,10.364829194864122,-21.454394052138824,42.18405244186707
2001,Male,3,10-14,166,827627,135,830703,1.2341997327566914,0.9834089876924271,1.5489475888470348,23.419973275669136,-4.615238361485774,51.45518491282406
2001,Male,4,15-19,424,779356,434,779110,0.9766501530520425,0.8543088856987298,1.1165112963520665,-2.3349846947957498,-15.406048802783289,10.73607941319179
2001,Male,5,20-24,612,705799,546,788529,1.2522626021114969,1.1157980945919785,1.4054170124931944,25.226260211149686,10.777395338481721,39.675125083817655
2001,Male,6,25-29,754,724597,719,935738,1.354254197176944,1.2227283013776726,1.4999280122206702,35.425419717694396,21.589516454012458,49.26132298137633
2001,Male,7,30-34,1038,870399,1024,1049334,1.2220606449240519,1.1209880386157873,1.3322463473529136,22.206064492405186,11.656257723911544,32.75587126089883
2001,Male,8,35-39,1276,904170,1248,1041374,1.1775862506568568,1.0891914408099692,1.2731548612839425,17.758625065685685,8.56978181659036,26.94746831478101
2001,Male,9,40-44,1664,826749,1541,908213,1.1862185712000741,1.1068046149781563,1.2713305308071163,18.621857120007412,10.402140846217755,26.84157339379707
2001,Male,10,45-49,2487,756461,2234,796273,1.1718393136369547,1.1067643004078647,1.2407405772657059,17.18393136369547,10.488760598887392,23.879102128503547
2001,Male,11,50-54,4193,822336,3623,845822,1.1903815919102554,1.138618555495942,1.2444978412824084,19.03815919102554,13.745938446526962,24.330379935524114
2001,Male,12,55-59,5639,692119,5091,711185,1.1381534365421277,1.0958328303919562,1.1821084468233356,13.815343654212775,9.502594977736578,18.128092330688972
2001,Male,13,60-64,8077,588803,6890,587506,1.1696963996476608,1.1326964745249717,1.2079049402201851,16.96963996476608,13.209864136710658,20.729415792821506
2001,Male,14,65-69,11711,516242,9996,522118,1.1849037246629506,1.1536971435425531,1.2169544187385328,18.490372466295057,15.327884184813879,21.652860747776238
2001,Male,15,70-74,17195,437869,14805,451649,1.1979829085480957,1.1719445652535643,1.2245997735079222,19.798290854809576,17.165742320719325,22.430839388899827
2001,Male,16,75-79,22126,335911,20033,352230,1.1581345929538818,1.136206966457087,1.1804854001017178,15.813459295388178,13.599672430583798,18.027246160192554
2001,Male,17,80-84,19580,195172,19759,219444,1.1141763216736882,1.0923717198704967,1.1364161605405525,11.417632167368819,9.215553500428243,13.619710834309394
2001,Male,18,85+,22629,117541,27168,149492,1.059342179616267,1.0408193391861613,1.078194659979723,5.934217961626698,4.065548834540422,7.802887088712973
2002,Male,0,<1,884,133890,853,152185,1.1779502289547235,1.07219175933758,1.2941404649031718,17.795022895472346,6.713938222943439,28.876107568001252
2002,Male,1,01-04,155,561947,148,625178,1.1651405376836779,0.9301433889499746,1.4595088119546076,16.514053768367788,-9.731696452692852,42.75980398942843
2002,Male,2,05-09,88,770537,100,816565,0.9325667683706298,0.7002666407941042,1.2419280411287614,-6.7433231629370205,-33.45945607513703,19.972809749262986
2002,Male,3,10-14,137,828615,131,837861,1.0574709762399899,0.8322420480789818,1.3436534096914952,5.747097623998987,-19.580616367719728,31.0748116157177
2002,Male,4,15-19,445,795129,404,798760,1.1065151405969633,0.9670784707158528,1.2660562647661957,10.651514059696332,-4.252271365407467,25.55529948480013
2002,Male,5,20-24,616,729296,588,796836,1.1446389002936688,1.022331836623237,1.2815782167100314,14.463890029366876,1.529117461472529,27.398662597261225
2002,Male,6,25-29,718,693334,725,917721,1.310854862904807,1.182327134801781,1.453354508259055,31.08548629048069,17.55813958841108,44.6128329925503
2002,Male,7,30-34,1019,855852,964,1033663,1.2766664665797203,1.169047943141202,1.3941919802790206,27.666646657972027,16.42398164261285,38.9093116733312
2002,Male,8,35-39,1214,910829,1335,1059422,1.0577171803356502,0.9786145447625698,1.1432137807114158,5.771718033565021,-2.44996200567259,13.993398072802643
2002,Male,9,40-44,1732,849495,1568,938059,1.219750927051378,1.1391972126712668,1.3060006709058036,21.9750927051378,13.641404935193924,30.308780475081676
2002,Male,10,45-49,2487,761923,2291,803981,1.1454744267521777,1.0822699982452066,1.2123699857435657,14.54744267521777,8.045934624843841,21.0489507255917
2002,Male,11,50-54,3931,787741,3418,807059,1.1782917051083126,1.1254995087559572,1.2335601495389867,17.82917051083126,12.428030140599699,23.23031088106282
2002,Male,12,55-59,5958,746490,5153,769020,1.1911158309769985,1.1475210193547796,1.2363668280357556,19.111583097699846,14.670321840265977,23.55284435513372
2002,Male,13,60-64,7990,589044,6792,587206,1.1727132982216804,1.1353851110055495,1.2112687285532404,17.271329822168035,13.477810573959514,21.064849070376557
2002,Male,14,65-69,11515,521475,9927,525767,1.1695148793972017,1.1385380175385518,1.2013345466394472,16.951487939720167,13.812038547185402,20.09093733225493
2002,Male,15,70-74,16838,439284,14453,454356,1.2049898388804463,1.1785043638359793,1.2320705432765025,20.49898388804463,17.820895395143378,23.177072380945884
2002,Male,16,75-79,21728,335195,19357,350785,1.174695174944962,1.1521582701782664,1.1976729150461853,17.469517494496188,15.193927578504995,19.745107410487385
2002,Male,17,80-84,20665,208423,20995,231252,1.0920924013442503,1.071317663114557,1.113269998374253,9.209240134425034,7.111752325887588,11.30672794296248
2002,Male,18,85+,23090,118305,27571,150279,1.0638162286833828,1.0453775352379413,1.0825801495270746,6.381622868338277,4.521586927218868,8.241658809457686
2003,Male,0,<1,920,137205,815,158620,1.3050231807986035,1.1876040436821476,1.4340516197143576,30.502318079860345,18.19817652525795,42.80645963446275
2003,Male,1,01-04,159,553764,127,618396,1.3980907299149636,1.1072156096447592,1.765381260928295,39.809072991496365,7.197329222902105,72.42081676009062
2003,Male,2,05-09,104,762440,87,815743,1.2789741585846286,0.9620266363858113,1.7003426271777855,27.89741585846286,-8.524117749317828,64.31894946624355
2003,Male,3,10-14,129,823332,113,839375,1.1638373797230326,0.904098396691981,1.4981969345334958,16.38373797230326,-13.007777466552927,45.77525341115945
2003,Male,4,15-19,414,809797,371,814612,1.122538051007406,0.9757694519424781,1.291382583714855,12.253805100740589,-3.4753301087492083,27.982940310230386
2003,Male,5,20-24,644,757631,578,804181,1.1826441845618403,1.0570177041384563,1.3232013634227024,18.26441845618403,4.983169365813223,31.545667546554835
2003,Male,6,25-29,652,676372,615,899668,1.410162406899864,1.2630505788011077,1.5744088536194363,41.0162406899864,25.479777664748582,56.552703715224204
2003,Male,7,30-34,1010,838513,921,1018689,1.3322740231193586,1.2184580854965361,1.4567214857910573,33.22740231193586,21.33005153647607,45.12475308739565
2003,Male,8,35-39,1303,911809,1235,1064345,1.2315612275553678,1.1393339578619732,1.3312541478742033,23.156122755536778,13.56979658875268,32.742448922320875
2003,Male,9,40-44,1798,869163,1682,960454,1.1812424216131516,1.1052589078837485,1.262449593181894,18.124242161315163,10.27049548080261,25.977988841827717
2003,Male,10,45-49,2396,775649,2238,823172,1.1361929343239794,1.0725776994222334,1.2035812274515156,13.619293432397939,7.07273991834807,20.165846946447807
2003,Male,11,50-54,3779,764703,3407,781092,1.1329588967410331,1.0816936351477153,1.1866537991872088,13.29588967410331,8.0497564016959835,18.542022946510638
2003,Male,12,55-59,6203,777823,5333,800009,1.1963115322850586,1.153316561015408,1.2409093311017712,19.63115322850586,15.25249244118887,24.00981401582285
2003,Male,13,60-64,8076,598476,6740,599135,1.1995389803453889,1.1613704928331607,1.2389618767202162,19.953898034538888,16.07500487051294,23.832791198564827
2003,Male,14,65-69,11477,530300,9683,531585,1.1881452617462531,1.1564419471178815,1.2207177079042535,18.814526174625314,15.60112989379241,22.027922455458217
2003,Male,15,70-74,16135,440528,14014,455395,1.1902045252082025,1.163570099953316,1.2174486194539702,19.020452520820253,16.32675651114979,21.714148530490718
2003,Male,16,75-79,21000,336092,18779,351266,1.1687584747310633,1.1459763435370565,1.1919935171083316,16.875847473106333,14.575137385817172,19.17655756039549
2003,Male,17,80-84,22230,219257,21669,243820,1.1408182300518663,1.1196709756173713,1.1623648932232635,14.081823005186633,11.94725167825581,16.216394332117456
2003,Male,18,85+,23082,117443,27721,147851,1.0482422824038307,1.0300940479546825,1.0667102531083967,4.824228240383066,2.993511049716613,6.654945431049519
2004,Male,0,<1,899,143336,800,163011,1.2780014179968744,1.1618733519589481,1.405736366746218,27.800141799687438,15.625414084107492,39.974869515267386
2004,Male,1,01-04,153,550098,137,618292,1.2552332214833228,0.9967850910339211,1.5806922219122375,25.523322148332284,-3.415009945066849,54.461654241731416
2004,Male,2,05-09,79,754430,80,812460,1.0634575109685458,0.7793017384003258,1.4512246308559524,6.345751096854579,-26.715268064851237,39.40677025856041
2004,Male,3,10-14,139,819146,99,840158,1.4400555917721356,1.1128444740573709,1.863477022834447,44.00555917721356,6.886341853231581,81.12477650119554
2004,Male,4,15-19,399,815911,364,822128,1.1045062135830614,0.9582326295974782,1.2731083644647387,10.450621358306144,-5.240333178536738,26.14157589514903
2004,Male,5,20-24,610,789833,565,822610,1.1244498655025417,1.0028558660476716,1.260786861637184,12.444986550254168,-0.4234551719715429,25.31342827247989
2004,Male,6,25-29,649,682040,625,892467,1.358773287197232,1.217424753166106,1.5165330269482917,35.8773287197232,20.951947637882483,50.802709801563914
2004,Male,7,30-34,931,813391,839,999110,1.3630182262224342,1.2415994147313199,1.4963108575696131,36.30182262224342,23.58470913693975,49.018936107547084
2004,Male,8,35-39,1323,907506,1222,1055403,1.2590919797627558,1.1648889528576662,1.3609130806965424,25.90919797627558,16.117863259194444,35.70053269335671
2004,Male,9,40-44,1747,888038,1659,981331,1.163671739193681,1.0880527853465314,1.244546160659634,16.367173919368106,8.548389571671123,24.18595826706509
2004,Male,10,45-49,2385,789758,2164,844603,1.1786631687437195,1.1120351941158688,1.249283181597068,17.866316874371947,11.007788611512925,24.724845137230965
2004,Male,11,50-54,3761,752971,3219,768434,1.1923690070779034,1.1375535585585719,1.2498258550933454,19.23690070779034,13.62535755977654,24.848443855804135
2004,Male,12,55-59,5870,791693,5001,812510,1.2046285628391813,1.1600391266313759,1.2509319221170676,20.46285628391813,15.91929387453186,25.0064186933044
2004,Male,13,60-64,7794,615199,6547,616227,1.1924581954032802,1.153912841309482,1.2322911201601543,19.245819540328025,15.327610694379178,23.16402838627687
2004,Male,14,65-69,11336,538464,9249,538059,1.2247241591035336,1.1915467451294515,1.2588253646137069,22.472415910353362,19.10890776635037,25.83592405435635
2004,Male,15,70-74,15123,441101,13400,454534,1.1629511868994569,1.1362208640300402,1.190310357718531,16.29511868994569,13.590887713006449,18.999349666884925
2004,Male,16,75-79,19954,337906,17965,354658,1.1657800088533012,1.1425150369751313,1.189518724094994,16.578000885330123,14.227975692265215,18.928026078395032
2004,Male,17,80-84,21985,224966,21756,250147,1.1236364841171473,1.1027718975520036,1.1448958313517468,12.363648411714735,10.25757503936784,14.46972178406163
2004,Male,18,85+,22223,121112,26048,150493,1.060125855785426,1.041320248974097,1.0792710803540115,6.012585578542606,4.115145317883884,7.910025839201329
2005,Male,0,<1,959,144951,815,165604,1.3443445940458068,1.2244950560816803,1.4759246095474892,34.43445940458068,21.8812325775551,46.987686231606254
2005,Male,1,01-04,136,554571,139,624251,1.101352138562118,0.8694796762973215,1.3950602483094379,10.135213856211811,-15.900636300028935,36.17106401245256
2005,Male,2,05-09,82,744645,76,807147,1.1695091373459128,0.8559875556554727,1.5978639097016134,16.95091373459128,-19.547543860124648,53.449371329307205
2005,Male,3,10-14,143,810255,111,838392,1.3330255223288898,1.0403040231071223,1.7081132089376072,33.302552232888985,0.25175908277768055,66.35334538300029
2005,Male,4,15-19,412,817655,368,827294,1.1327633133247175,0.9842037791754664,1.303746999518103,13.276331332471747,-2.6483235996325183,29.200986264576013
2005,Male,5,20-24,582,814856,536,839680,1.1188996455229374,0.9950216878944633,1.2582001296881695,11.88996455229374,-1.2388109536761505,25.01874005826363
2005,Male,6,25-29,614,707729,576,909615,1.3700502917312511,1.2228134913603517,1.5350156136932422,37.005029173125116,21.428502099609382,52.58155624664085
2005,Male,7,30-34,857,791587,885,986168,1.206395765114604,1.098234870671964,1.3252090066999587,20.6395765114604,9.30754158525664,31.97161143766416
2005,Male,8,35-39,1284,901253,1189,1049739,1.2578179212018397,1.1624075910660985,1.3610595242633385,25.781792120183965,15.859489497333268,35.704094743034666
2005,Male,9,40-44,1870,908382,1620,1009080,1.2822823682351943,1.199753037866841,1.3704887755986255,28.228236823519424,19.6977435486408,36.758730098398054
2005,Male,10,45-49,2440,808435,2278,869369,1.151847938157191,1.0879160489965036,1.2195368143164844,15.184793815719111,8.607330784002954,21.762256847435268
2005,Male,11,50-54,3595,746823,3056,767407,1.2087976768193907,1.1518865520679176,1.2685206028846852,20.879767681939065,15.050324957396999,26.709210406481134
2005,Male,12,55-59,5850,799654,5078,818282,1.1788649447522526,1.1353710164583495,1.2240250436379823,17.886494475225255,13.454836994592645,22.318151955857868
2005,Male,13,60-64,7926,633235,6560,638507,1.2182908442267126,1.1790789645420403,1.258806768470438,21.829084422671265,17.843405238439438,25.814763606903092
2005,Male,14,65-69,10865,542490,8906,541351,1.2174026596021044,1.1837686287187759,1.2519923232045438,21.740265960210436,18.32952744928924,25.151004471131632
2005,Male,15,70-74,14910,444031,12810,456540,1.196724154283867,1.168797681519647,1.2253178835745,19.672415428386692,16.84666791239311,22.498162944380272
2005,Male,16,75-79,19283,341211,17499,360273,1.1635098452039174,1.139942325783852,1.1875646067932155,16.35098452039174,13.970036645571483,18.731932395212002
2005,Male,17,80-84,21368,224724,21015,248201,1.123022741877722,1.1018408109483526,1.1446118769997828,12.30227418777221,10.163850114510687,14.440698261033734
2005,Male,18,85+,23588,131358,27675,161898,1.0504815904536275,1.0323935702847078,1.0688865212301377,5.0481590453627545,3.223603236217354,6.872714854508155
2006,Male,0,<1,913,148506,849,169886,1.230202705083186,1.1204506879595566,1.3507053115831686,23.020270508318607,11.524278130905685,34.51626288573153
2006,Male,1,01-04,128,563714,146,634960,0.987517181184027,0.7788865270078835,1.2520311358830014,-1.2482818815973018,-24.684881481450137,22.188317718255533
2006,Male,2,05-09,83,729843,90,798104,1.0084761304067373,0.7483863365263012,1.3589560043556521,0.8476130406737337,-29.232845022696385,30.928071104043852
2006,Male,3,10-14,139,795668,105,833756,1.3871792422635236,1.0766427845408564,1.7872838399111397,38.717924226352366,3.563376395918194,73.87247205678653
2006,Male,4,15-19,421,830299,350,845119,1.2243269300749315,1.062488142876567,1.4108170917073923,22.432693007493153,5.07445685260568,39.79092916238063
2006,Male,5,20-24,610,829484,502,849348,1.2442388942765377,1.1056270587583998,1.4002284167764714,24.423889427653766,9.728013999630193,39.11976485567734
2006,Male,6,25-29,637,734313,600,931958,1.3474209816976321,1.2052500594301783,1.5063623417511953,34.74209816976321,19.717637692451852,49.766558647074575
2006,Male,7,30-34,884,761184,781,966936,1.4378358572536123,1.3058924960975042,1.5831103697910138,43.78358572536123,29.944071359146385,57.62310009157608
2006,Male,8,35-39,1310,895996,1144,1040169,1.3293615302259874,1.2279986339581992,1.4390912409638186,32.93615302259874,22.39258031430382,43.47972573089365
2006,Male,9,40-44,1837,917469,1614,1025378,1.2720325428226773,1.1897550577479674,1.3599999255835824,27.20325428226773,18.697351203363798,35.70915736117166
2006,Male,10,45-49,2442,830307,2234,897404,1.1814403314202087,1.1155548311537091,1.2512170784673595,18.144033142020866,11.364641854290447,24.923424429751286
2006,Male,11,50-54,3533,746449,3179,773671,1.151885435812263,1.0979950442852033,1.20842080676255,15.188543581226298,9.669367500459591,20.707719661993007
2006,Male,12,55-59,5939,802034,5067,815905,1.192365045727563,1.1484984472788913,1.237907117455294,19.236504572756296,14.767117721526834,23.705891423985758
2006,Male,13,60-64,7853,657930,6782,670175,1.179468496501563,1.1417628858280635,1.2184192983560933,17.946849650156295,14.11470328041895,21.778996019893636
2006,Male,14,65-69,10368,538616,8816,535282,1.1687639196912478,1.136043576324404,1.2024266748566848,16.876391969124782,13.557683027417756,20.19510091083181
2006,Male,15,70-74,14173,447601,12242,459097,1.1874704707643868,1.159097405490235,1.2165380685508522,18.747047076438683,15.875293858382156,21.61880029449521
2006,Male,16,75-79,18667,345712,16989,366656,1.1653357040995518,1.1413668550410065,1.1898079020355012,16.53357040995518,14.111692406561026,18.95544841334933
2006,Male,17,80-84,20938,225983,20091,248118,1.1442374133215567,1.1223016467997424,1.1666019218435912,14.423741332155672,12.208865895994169,16.63861676831717
2006,Male,18,85+,24857,141386,28001,173274,1.0879330342618327,1.0695084044900214,1.1066750687223805,8.793303426183275,6.935060570809792,10.651546281556756
2007,Male,0,<1,907,152009,844,177369,1.253929893275526,1.1417277430032418,1.377158597472662,25.392989327552606,13.638668685854437,37.14730996925078
2007,Male,1,01-04,163,578491,158,653895,1.1661164646413433,0.9369356794788849,1.4513564152706289,16.61164646413433,-8.905268667059673,42.12856159532834
2007,Male,2,05-09,95,714572,74,787631,1.4150399195678047,1.0442135281280684,1.9175560553788198,41.503991956780474,-1.4981860914691003,84.50617000503004
2007,Male,3,10-14,117,787076,88,835124,1.4107091541119514,1.0698586727878592,1.8601525305294897,41.070915411195145,2.0555014314949327,80.08632939089534
2007,Male,4,15-19,408,839495,323,859368,1.293060082173462,1.1174339133539484,1.4962892714540614,29.30600821734619,10.43034925822881,48.18166717646357
2007,Male,5,20-24,594,843318,540,872422,1.1379624293564232,1.0127809835256978,1.2786165140253296,13.796242935642322,0.5345056598768494,27.057980211407795
2007,Male,6,25-29,643,765001,610,957577,1.3194497077803027,1.1810865287795995,1.4740220034178388,31.944970778030267,17.328112230440198,46.56182932562034
2007,Male,7,30-34,813,732587,827,949092,1.2736031984077947,1.156096240458807,1.4030536993622897,27.360319840779468,15.031709999558341,39.6889296820006
2007,Male,8,35-39,1226,885653,1155,1031738,1.2365574953297234,1.1410629883946197,1.3400438492947693,23.655749532972337,13.71740939996533,33.59408966597934
2007,Male,9,40-44,1772,921735,1651,1039925,1.2109120037453924,1.1323902814054976,1.294878545756091,21.09120037453924,12.972870205982812,29.209530543095674
2007,Male,10,45-49,2401,849268,2169,918512,1.197216468508004,1.129683770244704,1.2687862835776595,19.7216468508004,12.770427430071551,26.67286627152925
2007,Male,11,50-54,3469,754720,3013,787067,1.200690330154378,1.1434919099333312,1.2607498631190859,20.06903301543781,14.208462686874167,25.92960334400145
2007,Male,12,55-59,5680,764440,4798,775474,1.200914060589275,1.1556363695990888,1.2479657259500618,20.091406058927497,15.476074469904312,24.706737647950682
2007,Male,13,60-64,8135,710110,6939,725955,1.198518499807027,1.160739417418924,1.2375271941516715,19.851849980702706,16.01311750856116,23.690582452844254
2007,Male,14,65-69,10319,539799,8634,537136,1.1892625774740424,1.1557463481091452,1.2237507654634925,18.92625774740424,15.526499958510476,22.326015536298005
2007,Male,15,70-74,13692,454113,11823,464772,1.1852643510897725,1.1564546050074511,1.2147918092774665,18.526435108977246,15.609869233807672,21.44300098414682
2007,Male,16,75-79,18261,350221,16621,372818,1.1695588930221212,1.145240587535247,1.1943935790740834,16.955889302212125,14.498420558464641,19.413358045959605
2007,Male,17,80-84,20574,228535,19725,250449,1.143058096366998,1.1209490845980774,1.165603174687125,14.305809636699806,12.073247080919703,16.538372192479912
2007,Male,18,85+,25926,149957,29369,183109,1.077926887147262,1.0600721248549805,1.096082376653324,7.792688714726204,5.992259839967984,9.593117589484423
2008,Male,0,<1,961,158472,849,183409,1.3100377227374191,1.1945139052826854,1.436734078527867,31.003772273741916,18.90994890955686,43.097595637926965
2008,Male,1,01-04,139,593198,125,673235,1.2620361498184418,0.9911663804835565,1.6069302539009795,26.203614981844183,-4.28708700238023,56.69431696606859
2008,Male,2,05-09,81,706176,82,784269,1.0970420177157523,0.8070042117206968,1.4913195881192987,9.704201771575228,-23.97980140960392,43.38820495275437
2008,Male,3,10-14,101,778432,78,834587,1.3882820421907973,1.033161412194853,1.8654655564177802,38.82820421907973,-2.1877013528419753,79.84410979100143
2008,Male,4,15-19,387,839977,342,860517,1.1592495045133755,1.002312902889457,1.3407583698069163,15.92495045133755,-0.9377924635627366,32.78769336623783
2008,Male,5,20-24,607,848124,547,883009,1.1553329030558008,1.0292581083372447,1.296850718076625,15.533290305580083,2.1833873413631855,28.88319326979698
2008,Male,6,25-29,663,793447,615,988756,1.3434132336501365,1.2037998681887347,1.4992185694967708,34.34132336501365,19.599988957159997,49.08265777286731
2008,Male,7,30-34,834,719330,749,946953,1.465832964242037,1.3281095029626007,1.6178381935115953,46.58329642420369,32.12033996779595,61.046252880611426
2008,Male,8,35-39,1312,868082,1174,1020385,1.3136178850452611,1.214148751535424,1.421236027075418,31.36178850452611,21.018116985817347,41.70546002323488
2008,Male,9,40-44,1833,920923,1683,1043106,1.2336258831605476,1.1546396486206882,1.3180153837793418,23.362588316054755,15.199759536733538,31.525417095375975
2008,Male,10,45-49,2553,868169,2308,942385,1.2007126906879557,1.1349851239794138,1.2702465742672235,20.071269068795573,13.311767501249271,26.83077063634187
2008,Male,11,50-54,3501,768163,3029,808371,1.2163265249093125,1.1585836293619232,1.2769472808905082,21.63265249093125,15.716802573224896,27.5485024086376
2008,Male,12,55-59,5290,743828,4555,752287,1.1745684340100413,1.1289441874463766,1.222036502347757,17.45684340100413,12.803445065956808,22.11024173605145
2008,Male,13,60-64,8317,741688,7091,759143,1.2004983166223973,1.1630620531365685,1.239139566394212,20.049831662239725,16.2465922209986,23.85307110348085
2008,Male,14,65-69,10325,550716,8361,551691,1.2370864265469659,1.201922816163036,1.2732787880941194,23.70864265469659,20.141338468036384,27.27594684135679
2008,Male,15,70-74,13965,464802,11800,474264,1.2075666336217958,1.1783311839615374,1.2375274409136532,20.756663362179584,17.797146794283346,23.71617993007582
2008,Male,16,75-79,18215,354419,16320,377297,1.188161230449846,1.1633237692309817,1.2135289821141693,18.81612304498459,16.30604911067419,21.326196979294988
2008,Male,17,80-84,20493,232360,19435,254021,1.1527343868573658,1.1303330154239861,1.1755797172260758,15.273438685736584,13.0112488020403,17.53562856943287
2008,Male,18,85+,26902,156256,31200,190679,1.0521947665927578,1.0351754586754456,1.069493888757555,5.219476659275779,3.503631204738955,6.935322113812603
2009,Male,0,<1,902,156718,839,182389,1.2511930929557262,1.138928816804717,1.3745232649851704,25.119309295572624,13.356920081380741,36.881698509764504
2009,Male,1,01-04,119,608669,107,694926,1.2697568402008714,0.9779492920984892,1.6486360246524199,26.975684020087144,-6.180571848429484,60.13193988860377
2009,Male,2,05-09,64,703954,77,786489,0.9286191183758354,0.6665818786613422,1.2936647313978715,-7.138088162416456,-37.925125526583514,23.648949201750604
2009,Male,3,10-14,88,770367,93,832658,1.022748171793723,0.7641514688629937,1.3688566541183274,2.2748171793723015,-27.536506522636106,32.08614088138071
2009,Male,4,15-19,369,843458,342,867243,1.1093730246575157,0.957602428871183,1.285197771781467,10.937302465751575,-5.383527380577036,27.258132312080185
2009,Male,5,20-24,583,844775,458,881773,1.3286751737077869,1.1756265233302121,1.501648425068371,32.867517370778685,16.607041921781306,49.12799281977607
2009,Male,6,25-29,619,800040,648,992603,1.1851669318540246,1.0615464654228188,1.3231833952749448,18.516693185402456,5.461266304072643,31.572120066732268
2009,Male,7,30-34,754,726317,731,963440,1.3682089688834638,1.2358592749418744,1.5147321547764374,36.820896888346375,22.90127719662085,50.740516580071905
2009,Male,8,35-39,1279,840036,1143,1003723,1.3370273517878273,1.2345054690472665,1.448063361605347,33.70273517878273,23.03615885880903,44.369311498756424
2009,Male,9,40-44,1924,917942,1697,1043168,1.2884341888886808,1.2070214101391052,1.3753382045691434,28.84341888886808,20.433552052185778,37.25328572555038
2009,Male,10,45-49,2498,887526,2279,969539,1.1973808489738764,1.131292152862891,1.2673303654243269,19.738084897387644,12.93982724677274,26.536342548002544
2009,Male,11,50-54,3407,781452,2993,831076,1.2106088670161155,1.1526003762776182,1.2715368301641443,21.060886701611548,15.116453055175416,27.00532034804768
2009,Male,12,55-59,5166,734587,4526,745706,1.158681976059582,1.1133550690680174,1.2058542319021124,15.86819760595819,11.2444667126542,20.49192849926218
2009,Male,13,60-64,8055,755274,7005,773525,1.1776797976330657,1.140566950480593,1.2160002577390632,17.767979763306574,13.996958856551188,21.53900067006196
2009,Male,14,65-69,9987,569408,8316,572694,1.2078684508725883,1.1732299447027374,1.2435296262260005,20.786845087258833,17.272356933934276,24.30133324058339
2009,Male,15,70-74,13500,475058,11612,483344,1.1828684197564712,1.153885835940721,1.2125789700126381,18.286841975647118,15.352486245042417,21.221197706251814
2009,Male,16,75-79,17252,357788,15707,380611,1.1684275025307786,1.1434417120366989,1.1939592672708934,16.842750253077867,14.317069185263232,19.368431320892498
2009,Male,17,80-84,19763,236395,19344,259672,1.1222598438976303,1.1002316126241671,1.1447291122831609,12.225984389763035,10.001255121035179,14.450713658490887
2009,Male,18,85+,27214,162573,30919,196916,1.0661038862890098,1.048876268617668,1.083614464705589,6.610388628900976,4.873555654291617,8.347221603510334
2010,Male,0,<1,834,158422,790,185769,1.23793177619334,1.1231454381347237,1.3644493673537708,23.793177619333996,11.747001075226748,35.83935416344124
2010,Male,1,01-04,129,620850,136,714025,1.090881393630175,0.8573562490834429,1.3880136947047466,9.08813936301749,-17.189856102717037,35.36613482875202
2010,Male,2,05-09,74,706984,65,793443,1.2776871024825716,0.9156347656905511,1.7828990259223352,27.768710248257158,-14.802445825875953,70.33986632239026
2010,Male,3,10-14,75,761469,88,831662,0.9308361087701414,0.6840725236957066,1.2666140378059694,-6.916389122985855,-35.587936217678326,21.755157971706616
2010,Male,4,15-19,296,839620,254,869587,1.206947162261443,1.0206659472744952,1.4272264656040132,20.694716226144294,0.46159142974178113,40.92784102254681
2010,Male,5,20-24,477,858508,526,905026,0.9559811839803216,0.8445589183827048,1.0821033372952806,-4.401881601967839,-16.248756999104895,7.444993795169208
2010,Male,6,25-29,558,803508,578,999274,1.2006066460852898,1.068765598202554,1.3487113741763435,20.060664608528977,6.094892163410437,34.02643705364752
2010,Male,7,30-34,741,741457,717,980282,1.3663567632524591,1.2330275407294988,1.5141030859547553,36.63567632524591,22.606561742035215,50.66479090845662
2010,Male,8,35-39,1145,815735,1025,989877,1.3555444341905032,1.245981787684642,1.474741229147021,35.554443419050315,24.13000080811656,46.97888602998408
2010,Male,9,40-44,1764,906157,1668,1030521,1.2026961786435233,1.124823756276407,1.2859597692994362,20.26961786435233,12.218831015873754,28.320404712830904
2010,Male,10,45-49,2527,906223,2247,995128,1.234940504816776,1.166713440518856,1.3071573511306147,23.494050481677608,16.47563366737337,30.51246729598185
2010,Male,11,50-54,3424,799437,3024,854372,1.210081806711685,1.1523190591987644,1.2707400500281387,21.008180671168496,15.089491324628135,26.926870017708858
2010,Male,12,55-59,4947,728537,4393,745492,1.1523172980768692,1.1064337931439368,1.2001035793331352,15.231729807686921,10.549529016377734,19.91393059899611
2010,Male,13,60-64,8207,765148,7045,782445,1.191274397702258,1.15394901186647,1.2298071024173585,19.127439770225795,15.335175777623045,22.919703762828547
2010,Male,14,65-69,10075,589029,8498,596157,1.199920017995031,1.165775971504363,1.2350640987454997,19.99200179950309,16.52807657335864,23.45592702564754
2010,Male,15,70-74,13294,480650,11721,488755,1.1533291667987957,1.1250401429506058,1.1823295153719724,15.33291667987957,12.468742469708683,18.19709089005046
2010,Male,16,75-79,17040,363880,15483,385673,1.1664752451548221,1.141365190205585,1.1921377217697666,16.647524515482214,14.109098292933297,19.18595073803113
2010,Male,17,80-84,19740,242396,18923,267490,1.1511694637236316,1.1284419611110559,1.1743547119649644,15.11694637236316,12.821460955328078,17.41243178939824
2010,Male,18,85+,28010,169798,31827,204458,1.0597146600970238,1.042833850636657,1.0768687266326793,5.971466009702375,4.269795341152349,7.673136678252401
2011,Male,0,<1,894,159128,850,188764,1.2476453731661084,1.1358272148224122,1.3704716323654709,24.764537316610834,13.049538480769929,36.47953615245174
2011,Male,1,01-04,137,628332,120,727494,1.3218420357390679,1.0345500956136109,1.6889142196738838,32.184203573906785,-0.20880493698920422,64.57721208480278
2011,Male,2,05-09,75,720514,73,809985,1.154975989173026,0.8367985777687155,1.594134563568664,15.497598917302602,-21.721668701504527,52.71686653610974
2011,Male,3,10-14,79,746919,70,823347,1.2440517646491789,0.9018088033863972,1.7161784042416464,24.405176464917886,-15.61924761821405,64.42960054804982
2011,Male,4,15-19,248,830517,253,870544,1.0274799590165278,0.8624033071585308,1.224154705133267,2.7479959016527777,-15.247432625347779,20.743424428653334
2011,Male,5,20-24,460,881999,423,933549,1.1510295934061263,1.0086596510326569,1.3134947189969213,15.102959340612632,-0.09459879108308922,30.300517472308353
2011,Male,6,25-29,521,809427,552,1016497,1.185296657701835,1.0515579856134076,1.3360444083733538,18.52966577018349,4.33926727154168,32.7200642688253
2011,Male,7,30-34,736,758647,622,1006635,1.570072515753072,1.4111018174827086,1.7469523986020858,57.007251575307194,40.246574136273814,73.76792901434057
2011,Male,8,35-39,1049,784280,978,971377,1.3284747655959022,1.217634333141362,1.449404927891596,32.84747655959022,21.27359367088788,44.42135944829255
2011,Male,9,40-44,1790,900496,1485,1021422,1.367256500973919,1.2763555432905334,1.4646313476541388,36.725650097391906,27.319281819691675,46.13201837509213
2011,Male,10,45-49,2481,914928,2176,1011172,1.2601028381307535,1.1896121078488315,1.3347705123281708,26.010283813075354,18.756370648563813,33.26419697758689
2011,Male,11,50-54,3408,819594,3018,879394,1.2116162193693625,1.1536883903742305,1.2724526616435106,21.16162193693625,15.225783118623148,27.097460755249347
2011,Male,12,55-59,4834,730231,4243,754553,1.1772348187685038,1.1296818335329626,1.2267895060210983,17.72348187685038,12.869473753619133,22.577490000081625
2011,Male,13,60-64,7887,769899,6776,782099,1.1824054383891776,1.144634261030719,1.2214230067457175,18.240543838917755,14.40178094556357,22.07930673227194
2011,Male,14,65-69,9980,613529,8500,629084,1.2038854330966473,1.1695572523633415,1.2392211951091743,20.38854330966473,16.90583196290456,23.871254656424902
2011,Male,15,70-74,13245,479123,11153,484455,1.2007889523532096,1.1709200137492959,1.2314198161807495,20.07889523532096,17.054224976204747,23.103565494437174
2011,Male,16,75-79,16259,369893,14973,391234,1.1485383044166757,1.123321598345293,1.1743210836998859,14.85383044166757,12.304065618389526,17.403595264945615
2011,Male,17,80-84,19308,248448,18748,275744,1.1430175839054981,1.1202761506422307,1.1662206647603626,14.301758390549812,12.004687307965467,16.59882947313416
2011,Male,18,85+,28407,177629,32257,212280,1.0524382048934273,1.0357874036227792,1.0693566761337863,5.243820489342732,3.5654280083425416,6.9222129703429225
2012,Male,0,<1,830,161704,801,192673,1.2346551517227913,1.1204295664606316,1.3605258101953082,23.465515172279126,11.479538709290903,35.45149163526735
2012,Male,1,01-04,110,636862,141,741744,0.9086199709118986,0.7081031383806642,1.1659180799960192,-9.138002908810138,-31.793276505061442,13.517270687441174
2012,Male,2,05-09,71,740073,71,839251,1.13401110430998,0.8161165567744432,1.5757322578786472,13.40111043099801,-23.90321593946638,50.7054368014624
2012,Male,3,10-14,81,727954,80,806978,1.122413263750182,0.8240993618133209,1.528713154042843,12.241326375018202,-22.43509698999764,46.91774974003404
2012,Male,4,15-19,262,819263,262,867588,1.0589859422432113,0.8923166655925436,1.256786149033809,5.89859422432113,-12.236115923903013,24.033304372545274
2012,Male,5,20-24,437,889329,406,932125,1.12815066855048,0.9855813230998117,1.2913433941178734,12.815066855048007,-2.42662680219502,28.056760512291024
2012,Male,6,25-29,524,804855,485,1003599,1.3472001481729405,1.1906852608990477,1.5242888266432262,34.72001481729406,18.082162555287585,51.357867079300526
2012,Male,7,30-34,684,775195,624,1025712,1.4503939703508844,1.3012596540722026,1.616620220758399,45.039397035088435,29.302265192430976,60.776528877745896
2012,Male,8,35-39,963,753179,834,961494,1.474037771849758,1.3435210912482571,1.61723352688202,47.403777184975795,33.73774140691752,61.06981296303407
2012,Male,9,40-44,1696,890659,1432,1018574,1.3544530498009695,1.2624538043698428,1.4531565889896976,35.44530498009695,25.91802416800899,44.9725857921849
2012,Male,10,45-49,2488,918152,2150,1025429,1.2924177888567672,1.2199395038624485,1.3692021085184491,29.241778885676716,21.782790128231476,36.70076764312196
2012,Male,11,50-54,3371,842491,2909,908044,1.2489833652987248,1.1885446462423486,1.3124954554503512,24.898336529872477,18.703336532010372,31.093336527734582
2012,Male,12,55-59,4573,739650,4183,770363,1.1386296559910623,1.0918698271955882,1.187391996015002,13.862965599106225,9.088256625158241,18.63767457305421
2012,Male,13,60-64,7455,732765,6410,743289,1.1797299540955046,1.140993818859836,1.2197811605858933,17.972995409550464,14.034360043488658,21.911630775612267
2012,Male,14,65-69,10472,668940,9154,688714,1.177797073569689,1.145224913594936,1.2112956416174996,17.7797073569689,14.476603959326662,21.08281075461114
2012,Male,15,70-74,12824,482929,11203,489211,1.159583698456314,1.1305610785297888,1.1893513577118906,15.958369845631392,13.019170621910071,18.897569069352716
2012,Male,16,75-79,16655,378007,15195,397915,1.1538102724494048,1.128717040032045,1.1794613686101292,15.381027244940482,12.844015252333474,17.91803923754749
2012,Male,17,80-84,19746,254505,19435,282768,1.1288299639568804,1.1066940660535587,1.1514086201535882,12.88299639568804,10.647414831583045,15.118577959793033
2012,Male,18,85+,30951,185127,34493,220671,1.06959463658814,1.0533062018255648,1.0861349573707109,6.959463658813991,5.318090304055678,8.600837013572304
2013,Male,0,<1,744,158107,759,187761,1.1640870315697296,1.0521326269981992,1.287954182102504,16.408703156972958,4.637695100117889,28.17971121382803
2013,Male,1,01-04,121,642546,128,751924,1.1062292135504697,0.8628098039168283,1.4183230966513856,10.622921355046966,-16.868880059900448,38.11472276999437
2013,Male,2,05-09,64,762979,69,868407,1.0557026556717015,0.7513069492172854,1.4834257800402117,5.570265567170152,-30.33920263446559,41.47973376880589
2013,Male,3,10-14,82,718518,65,801062,1.4064651450303585,1.0157014538880622,1.9475646082941152,40.646514503035846,-5.133940863989938,86.42696987006163
2013,Male,4,15-19,253,807258,246,864385,1.1012356906196177,0.9239774013501612,1.3124996829168984,10.123569061961767,-9.203180020992008,29.450318144915542
2013,Male,5,20-24,428,887849,390,934020,1.1545060893497396,1.0064858508171528,1.3242951296965353,15.450608934973964,-0.3901054340713195,31.291323304019247
2013,Male,6,25-29,558,807407,499,997728,1.3818258197902156,1.2246374288771205,1.5591901335154226,38.182581979021556,21.495534713814735,54.86962924422838
2013,Male,7,30-34,742,792385,659,1040742,1.478854088178863,1.331564064616082,1.6424364942244796,47.8854088178863,32.37026501181906,63.400552623953544
2013,Male,8,35-39,1024,735809,919,958396,1.451323883222989,1.3276570112686157,1.5865099164435439,45.13238832229891,32.20683689978978,58.05793974480804
2013,Male,9,40-44,1685,874854,1483,1014082,1.3170317549997332,1.2282531485843236,1.4122273129744745,31.703175499973323,22.511929794172513,40.89442120577414
2013,Male,10,45-49,2432,917535,2273,1031118,1.2024024804250681,1.1355762999096515,1.2731612354426425,20.240248042506813,13.36474868921842,27.11574739579521
2013,Male,11,50-54,3396,861906,3116,935518,1.1829393444454586,1.1267986377131716,1.2418771604809633,18.293934444545854,12.54227480064516,24.045594088446553
2013,Male,12,55-59,4726,751297,4252,789319,1.1677271123051323,1.1203379909273472,1.2171207437889253,16.772711230513227,11.934957582492011,21.61046487853444
2013,Male,13,60-64,7353,715171,6313,724497,1.1799279058280927,1.1409067721602342,1.2202836348457902,17.99279058280927,14.024695460568527,21.960885705050014
2013,Male,14,65-69,10783,697548,9371,719658,1.1871503558446712,1.1547400764624585,1.2204702998614145,18.71503558446712,15.42894406999622,22.00112709893802
2013,Male,15,70-74,12883,494429,11351,503695,1.1562362661085557,1.1274276620499986,1.1857810022452397,15.623626610855567,12.706269156458072,18.540984065253063
2013,Male,16,75-79,16984,389059,15340,407456,1.1595243486781177,1.1344843805612936,1.185116990779736,15.952434867811771,13.421005449828938,18.483864285794603
2013,Male,17,80-84,20169,259508,19797,287529,1.12879710304874,1.1068779230659018,1.1511503421460552,12.879710304874003,10.666231208137745,15.093189401610264
2013,Male,18,85+,32265,189914,35569,227276,1.0855669436622435,1.0693314051796696,1.1020489844999735,8.556694366224349,6.920877307907536,10.192511424541163
2014,Male,0,<1,737,154938,634,183721,1.3784121260186173,1.2395687308058598,1.5328072917101876,37.84121260186173,23.20679273761186,52.4756324661116
2014,Male,1,01-04,133,645946,123,758153,1.26913310909047,0.9931703704337519,1.62177497088057,26.913310909047006,-4.204200103807986,58.03082192190199
2014,Male,2,05-09,73,779308,78,890220,1.0690954223293172,0.7769593753040424,1.4710743680752063,6.90954223293172,-27.21385670889116,41.0329411747546
2014,Male,3,10-14,94,717432,73,804084,1.443197174946808,1.062999982700079,1.9593773468217508,44.3197174946808,0.19167932612416116,88.44775566323744
2014,Male,4,15-19,264,797114,233,856415,1.21733983672278,1.0207002738842952,1.4518623301949187,21.73398367227799,0.28700222725697166,43.18096511729901
2014,Male,5,20-24,466,887016,436,943070,1.136349443093111,0.9972307490020523,1.2948758931774234,13.634944309311091,-1.2050946329638768,28.47498325158606
2014,Male,6,25-29,575,810724,528,999214,1.342206701178281,1.1926481199307877,1.5105199920932504,34.2206701178281,18.363987019820136,50.07735321583606
2014,Male,7,30-34,737,797839,691,1043432,1.3948847631466235,1.2573718907188898,1.5474367741322543,39.48847631466235,25.011237524310935,53.96571510501376
2014,Male,8,35-39,1055,738754,843,973692,1.6494784326522594,1.5066885089318771,1.8058006573062475,64.94784326522594,50.01265162240156,79.8830349080503
2014,Male,9,40-44,1664,849157,1395,1004529,1.4110863777473628,1.3141745087865928,1.5151448701456405,41.10863777473628,31.068593120550414,51.14868242892214
2014,Male,10,45-49,2550,915427,2234,1033250,1.2883643766874184,1.21722609984842,1.3636601838589102,28.836437668741844,21.518668764708625,36.15420657277506
2014,Male,11,50-54,3528,881574,3107,964194,1.2419181515044313,1.183451868482284,1.3032728546993482,24.19181515044313,18.20308706372844,30.18054323715782
2014,Male,12,55-59,4834,765423,4208,812063,1.2187626320283778,1.1694255023569737,1.2701812558687622,21.876263202837777,16.83990902284298,26.912617382832572
2014,Male,13,60-64,7209,706867,6067,718520,1.2078199108475118,1.1672715478247133,1.2497768319276814,20.781991084751184,16.657528505620746,24.90645366388162
2014,Male,14,65-69,10822,709653,9504,732193,1.1748451584136241,1.142916087610051,1.207666215578603,17.484515841362413,14.24741905338378,20.721612629341045
2014,Male,15,70-74,13142,514352,11299,525253,1.1877623722220185,1.1582675696912057,1.2180082476474678,18.776237222201853,15.789518089440136,21.76295635496357
2014,Male,16,75-79,16983,399708,15219,417031,1.1642702262539293,1.1390755344865686,1.1900221879072932,16.42702262539293,13.879893145431165,18.97415210535469
2014,Male,17,80-84,19816,265252,19420,292284,1.1243800804048174,1.1023463255460544,1.146854247085097,12.43800804048174,10.212757230832082,14.663258850131399
2014,Male,18,85+,32304,197969,36040,237221,1.0740573274095668,1.0580486169474212,1.090308256241035,7.405732740956683,5.792811399396469,9.018654082516896
2015,Male,0,<1,840,154494,650,183663,1.5362998413679994,1.386784729235625,1.7019348085035926,53.62998413679993,37.89997880173108,69.35998947186879
2015,Male,1,01-04,123,644133,120,755505,1.202224734643311,0.9349020660238938,1.545984724084715,20.222473464331102,-10.011949778084183,50.45689670674638
2015,Male,2,05-09,74,794238,64,911290,1.3266540539485647,0.9494123056152565,1.8537899376789784,32.66540539485647,-11.72074252776083,77.05155331747378
2015,Male,3,10-14,91,725783,64,815589,1.597813133367687,1.1605399825342593,2.1998439067883653,59.781313336768704,8.691157915743997,110.87146875779341
2015,Male,4,15-19,243,787000,248,851736,1.060436979956552,0.8884870306504945,1.2656646069848256,6.043697995655206,-12.717160354260704,24.80455634557113
2015,Male,5,20-24,435,879568,466,948505,1.0066385178826376,0.8833313260132539,1.1471585755464864,0.6638517882637585,-12.490044828382585,13.817748404910102
2015,Male,6,25-29,545,816897,528,1002627,1.2668776493687255,1.1239733655441146,1.4279510775533886,26.687764936872547,11.525105023573467,41.85042485017163
2015,Male,7,30-34,716,803037,703,1045924,1.3265458641324197,1.1954365767262036,1.47203453860009,32.65458641324197,18.849619650969984,46.45955317551396
2015,Male,8,35-39,999,753237,909,996140,1.4534173477567849,1.3285330123468044,1.590041020530496,45.34173477567849,32.28390777777135,58.39956177358563
2015,Male,9,40-44,1704,826008,1328,997103,1.5489139272025487,1.441680989559916,1.664122903232827,54.89139272025487,43.77883264299365,66.00395279751609
2015,Male,10,45-49,2528,907870,2189,1029948,1.3101557924956533,1.2372883087112756,1.3873146529589206,31.015579249565327,23.518354413652265,38.51280408547839
2015,Male,11,50-54,3526,900393,3346,990147,1.1588412270973214,1.105300271056048,1.2149757172658187,15.88412270973214,10.402394968610507,21.365850450853774
2015,Male,12,55-59,4822,785635,4497,838440,1.1443410696623446,1.098776427490149,1.1917952105208403,14.434106966234461,9.78444730537551,19.08376662709341
2015,Male,13,60-64,7179,701554,6214,718665,1.1834722903475587,1.1439554799533127,1.224354169864773,18.347229034755873,14.328067155901692,22.366390913610058
2015,Male,14,65-69,11055,718306,9723,739206,1.170077021000401,1.1386220789502817,1.2024009198340464,17.0077021000401,13.81915470812023,20.19624949195997
2015,Male,15,70-74,13379,532462,11940,546251,1.1495369959226163,1.1215187387627432,1.1782552170751934,14.953699592261627,12.117163536420028,17.790235648103227
2015,Male,16,75-79,17565,404849,15870,421182,1.1514576222708086,1.1270042205018505,1.1764416066650987,15.145762227080862,12.674082737751124,17.617441716410596
2015,Male,17,80-84,20861,271002,20322,296620,1.1235608827020547,1.102064134518159,1.14547694421628,12.356088270205468,10.185582789192594,14.526593751218343
2015,Male,18,85+,35173,203383,39378,244100,1.0720348104238961,1.0567295268153882,1.0875617701570817,7.2034810423896145,5.661922002385533,8.745040082393697
2016,Male,0,<1,768,155700,665,185234,1.3739523374911267,1.2384615209841061,1.524266191328489,37.39523374911266,23.130640211590148,51.659827286635185
2016,Male,1,01-04,108,639068,101,746240,1.248630198915289,0.9519362855692521,1.637795929494289,24.863019891528904,-9.012852184286535,58.738891967344344
2016,Male,2,05-09,57,808202,71,929117,0.9229262374826038,0.6513035040167521,1.3078278169556519,-7.707376251739618,-39.878145567086335,24.463393063607096
2016,Male,3,10-14,84,743250,68,835629,1.3888295839021785,1.0087693151069788,1.912079981256514,38.88295839021785,-5.522128572771567,83.28804535320727
2016,Male,4,15-19,252,775586,203,843177,1.3495634046496723,1.1217990364248198,1.6235718912490575,34.95634046496723,10.01000411811015,59.90267681182431
2016,Male,5,20-24,467,871710,449,945287,1.1278781850045703,0.9908349526855685,1.2838759843516487,12.787818500457027,-1.8233313273370522,27.398968328251105
2016,Male,6,25-29,580,830877,564,1009348,1.2492607038293309,1.112537422712879,1.4027863461226908,24.926070382933084,10.44606864340114,39.406072122465034
2016,Male,7,30-34,787,812262,736,1045921,1.3768913282611854,1.2452360743125956,1.5224661162241073,37.689132826118545,23.850938837305602,51.527326814931484
2016,Male,8,35-39,985,771807,915,1017806,1.4196177799510892,1.297443257559063,1.553296939509138,41.96177799510892,29.18634467475334,54.73721131546449
2016,Male,9,40-44,1586,795701,1457,980428,1.3412490677198694,1.249165543171973,1.4401206241179172,34.12490677198694,24.585198077131885,43.664615466841994
2016,Male,10,45-49,2536,908250,2241,1030145,1.283513216704479,1.2126113679371702,1.358560723587441,28.351321670447895,21.057779737283955,35.64486360361183
2016,Male,11,50-54,3577,910608,3396,1008337,1.1663408876823482,1.1128363159957249,1.2224179304055658,16.63408876823482,11.157021261615885,22.111156274853762
2016,Male,12,55-59,5015,808274,4484,865429,1.1975072972258105,1.150226277374999,1.2467318432176129,19.75072972258105,14.926756225767823,24.57470321939428
2016,Male,13,60-64,7062,705026,6239,727495,1.1679859193501592,1.1288801728579108,1.2084463352267094,16.798591935015917,12.82105266750908,20.776131202522752
2016,Male,14,65-69,11334,723150,9745,738794,1.1882185661776248,1.156476990660986,1.220831345898424,18.821856617762478,15.60453200441152,22.039181231113435
2016,Male,15,70-74,13857,555757,12277,576523,1.170869942827526,1.1427688964520228,1.1996620027665326,17.0869942827526,14.242618739548508,19.93136982595669
2016,Male,16,75-79,17516,404380,15604,417805,1.15979961424453,1.1350440934894488,1.1850950574672672,15.979961424452993,13.477607376372202,18.482315472533784
2016,Male,17,80-84,20720,277037,19857,302440,1.1391412248642452,1.1171827538209875,1.1615312944520635,13.914122486424517,11.696835467619483,16.131409505229556
2016,Male,18,85+,35069,211093,39289,252675,1.0684171467938488,1.0531435715191348,1.0839122323241264,6.84171467938488,5.303334796363757,8.380094562406004
2017,Male,0,<1,765,152530,672,179685,1.3410615651721909,1.2090506025427292,1.4874862291121742,34.10615651721909,20.20926020605016,48.003052828388014
2017,Male,1,01-04,111,632867,96,733681,1.3404374951609106,1.0200167465093297,1.761512920824209,34.04374951609106,-2.573920421204967,70.66141945338708
2017,Male,2,05-09,79,820636,74,939369,1.2220276448734622,0.8899668221781366,1.677985659263228,22.202764487346215,-16.54560318124989,60.951132155942325
2017,Male,3,10-14,74,763005,69,859901,1.2086587462292733,0.8706665928976424,1.677859213564957,20.86587462292733,-18.779030599528433,60.51077984538309
2017,Male,4,15-19,233,760967,243,831131,1.0472570797278995,0.8749941074323594,1.2534340308400205,4.72570797278995,-14.0948179568535,23.5462339024334
2017,Male,5,20-24,392,863697,414,935419,1.0254878087585724,0.8931871327421652,1.177385127217265,2.5487808758572372,-11.616033574596418,16.713595326310895
2017,Male,6,25-29,541,839923,535,1011794,1.2181369273491813,1.0809252806683691,1.3727660924483054,21.813692734918135,7.256327030337162,36.3710584394991
2017,Male,7,30-34,758,817315,637,1039754,1.513808374976258,1.3624404378649486,1.6819933792771165,51.380837497625805,35.43270776763367,67.32896722761794
2017,Male,8,35-39,1074,791812,969,1031618,1.4440337254274278,1.3239227552939956,1.5750415889700156,44.40337254274278,31.863198565189666,56.9435465202959
2017,Male,9,40-44,1590,766159,1303,964923,1.5368322286081866,1.4282949891729955,1.653617296701681,53.68322286081866,42.42717379317924,64.93927192845807
2017,Male,10,45-49,2591,899714,2247,1023912,1.3122678684901063,1.2401795239964242,1.3885465171383786,31.226786849010637,23.81238269008876,38.641191007932505
2017,Male,11,50-54,3684,916385,3347,1021139,1.2265091734407434,1.1704270854872258,1.2852784861075515,22.65091734407434,16.91044334539096,28.39139134275772
2017,Male,12,55-59,5159,832108,4526,892728,1.2228985703848936,1.1750446975777362,1.2727012993907678,22.28985703848936,17.40832344426122,27.171390632717497
2017,Male,13,60-64,7074,715803,6277,742368,1.168795836333083,1.129740184100246,1.2092016609266096,16.879583633308304,12.907274552790726,20.851892713825883
2017,Male,14,65-69,10736,689262,9259,700830,1.1789808934605426,1.1466589122130062,1.212213965583176,17.898089346054256,14.620758775009456,21.17541991709906
2017,Male,15,70-74,14653,607428,13330,631782,1.143322739503699,1.1168127582201464,1.1704619928854447,14.332273950369888,11.650058256197248,17.01448964454253
2017,Male,16,75-79,17341,408750,15789,422401,1.1349760193437812,1.1107676369395987,1.1597120060453323,13.497601934378123,11.050573063558677,15.94463080519757
2017,Male,17,80-84,21164,284106,20107,308547,1.1431188792638314,1.1212657930467627,1.1653978746454998,14.311887926383138,12.10542086090307,16.518354991863205
2017,Male,18,85+,36613,218094,40939,260210,1.0670342268530608,1.0520964198876968,1.0821841228177946,6.703422685306082,5.199087373325262,8.207757997286901
2018,Male,0,<1,706,147557,663,176141,1.2711353991577108,1.1432925138657049,1.4132736665339773,27.113539915771078,13.639727584936523,40.58735224660563
2018,Male,1,01-04,120,624886,82,721824,1.690432822751748,1.2765493450322876,2.23850581206022,69.0432822751748,21.571873125027373,116.51469142532224
2018,Male,2,05-09,61,821778,63,936281,1.1031662975290086,0.775778922799102,1.5687148029400804,10.316629752900862,-28.522787675539917,49.156047181341656
2018,Male,3,10-14,88,785177,88,882964,1.1245413454545918,0.8368538310528841,1.511127978043407,12.454134545459183,-20.773938818468352,45.68220790938673
2018,Male,4,15-19,258,757341,262,830456,1.0798006214409996,0.9092528655271346,1.2823378691123557,7.980062144099964,-10.582623823952797,26.542748112152715
2018,Male,5,20-24,444,853948,475,925323,1.0128643652158777,0.8899409405004647,1.1527666338703824,1.2864365215877749,-11.818255809929434,14.391128853104984
2018,Male,6,25-29,580,838055,544,1009306,1.284042585299926,1.1422837589393098,1.4433938572274823,28.4042585299926,13.383038499534795,43.4254785604504
2018,Male,7,30-34,798,826857,729,1042423,1.3800313130811366,1.2481824636246952,1.5258077088776414,38.00313130811366,24.145170755469803,51.86109186075751
2018,Male,8,35-39,1127,809933,963,1041709,1.5052025693562778,1.3811499700390413,1.6403973673711172,50.520256935627785,37.57385566309013,63.46665820816544
2018,Male,9,40-44,1561,748148,1375,955504,1.4499238546383872,1.3485372782482368,1.5589329402746068,44.99238546383872,34.48181007906521,55.50296084861224
2018,Male,10,45-49,2666,883643,2231,1015333,1.3730685982927102,1.2979792238358543,1.4525019669004577,37.30685982927102,29.584793979390334,45.02892567915171
2018,Male,11,50-54,3847,917660,3499,1026093,1.2293715743206761,1.1743507733329668,1.2869702154308365,22.93715743206761,17.30815241091468,28.566162453220546
2018,Male,12,55-59,5304,851655,4690,918745,1.2200059838338846,1.1730061186518408,1.2688890338450656,22.000598383388457,17.207685606245814,26.793511160531104
2018,Male,13,60-64,7129,728652,6215,760109,1.1965840105037258,1.1565672259897728,1.2379853604859468,19.658401050372575,15.588279217217549,23.728522883527603
2018,Male,14,65-69,10543,673815,9186,682148,1.1619185917794619,1.1298648637908022,1.1948816687627648,16.19185917794619,12.941442895607835,19.44227546028454
2018,Male,15,70-74,15349,634138,13747,659827,1.1617654524709415,1.1353316949576744,1.1888146631943792,16.176545247094154,13.502632918320344,18.850457575867964
2018,Male,16,75-79,17382,419872,16106,435273,1.1188113556747405,1.0950830227045592,1.1430538357678983,11.881135567474054,9.48277860470883,14.27949253023928
2018,Male,17,80-84,21290,293069,20402,316426,1.1266919647018134,1.105263042467062,1.1485363524777974,12.669196470181344,10.505663934435304,14.83272900592738
2018,Male,18,85+,37505,222991,41934,264895,1.0624519665589052,1.04775481335794,1.0773552808859839,6.245196655890517,4.765221142270937,7.725172169510097
2019,Male,0,<1,725,144675,640,171103,1.339745064368412,1.204629399522601,1.4900157992249337,33.97450643684119,19.732027936519536,48.21698493716284
2019,Male,1,01-04,98,615837,74,712696,1.5326143908999437,1.133289967907545,2.072644193198427,53.26143908999437,6.99945059506657,99.52342758492216
2019,Male,2,05-09,70,819228,53,929957,1.4992713802990407,1.0492752478470568,2.142254547980564,49.92713802990407,-3.5787927118367535,103.43306877164488
2019,Male,3,10-14,88,799466,85,898583,1.1636488532566074,0.8637116789627531,1.5677438277916478,16.364885325660737,-18.320799206733863,51.05056985805534
2019,Male,4,15-19,214,761673,210,837725,1.1207981202782122,0.9265016408903546,1.3558404766687677,12.079812027821223,-9.257998750231511,33.41762280587395
2019,Male,5,20-24,430,843990,473,914731,0.9852884943703557,0.8646604619106937,1.1227452392045083,-1.4711505629644295,-14.338780419815434,11.396479293886564
2019,Male,6,25-29,607,836482,575,1010695,1.2755114562095102,1.138016012756977,1.4296191412810426,27.551145620951022,13.002555608156708,42.09973563374534
2019,Male,7,30-34,809,836936,718,1050468,1.4142124477764138,1.2790006611859208,1.563718384313664,41.42124477764138,27.20929177993794,55.63319777534481
2019,Male,8,35-39,1121,816641,961,1037487,1.4819505365982955,1.3596046290838393,1.6153059102217502,48.19505365982955,35.425796239856666,60.96431107980243
2019,Male,9,40-44,1457,751245,1248,962115,1.495169253014355,1.386306128085328,1.6125811246662152,49.5169253014355,38.213944366719275,60.81990623615172
2019,Male,10,45-49,2516,857007,2129,1000585,1.379763315939467,1.3023817508297755,1.4617425396197048,37.97633159394671,30.01271440175135,45.93994878614207
2019,Male,11,50-54,3817,916726,3446,1024723,1.238151596651552,1.1824193642823082,1.2965107157402505,23.815159665155193,18.112608390467734,29.517710939842658
2019,Male,12,55-59,5321,870788,4750,943413,1.2136377318740703,1.1670716256567866,1.2620618236687338,21.36377318740703,16.615474771315775,26.112071603498286
2019,Male,13,60-64,7174,743069,6117,781063,1.2327636317813502,1.1914228301336318,1.275538904749955,23.276363178135018,19.07137491874913,27.481351437520907
2019,Male,14,65-69,10177,666995,8777,675613,1.1744893834499965,1.1414305430091667,1.208505695143007,17.448938344999654,14.095636340982676,20.802240349016632
2019,Male,15,70-74,15271,645702,13413,670144,1.1816192418507045,1.1545279345706227,1.2093462539138125,18.161924185070454,15.421253957805892,20.90259441233502
2019,Male,16,75-79,17765,438401,15797,455100,1.1674166769744283,1.1426601412414092,1.1927095804684111,16.74166769744283,14.239387344622202,19.24394805026346
2019,Male,17,80-84,21230,303041,20663,324315,1.0995684341816672,1.0787079289130634,1.120832348629343,9.956843418166716,7.85075121114025,12.062935625193184
2019,Male,18,85+,37469,230784,41406,272957,1.0702798882228184,1.0554265424975535,1.085342269698418,7.027988822281839,5.532251150532597,8.52372649403108
2020,Male,0,<1,653,140487,602,166686,1.287003346947816,1.1520832113139219,1.4377239411082323,28.700334694781592,14.44744991500344,42.953219474559745
2020,Male,1,01-04,86,604317,90,698660,1.1047321926148765,0.822049625936418,1.4846223134150152,10.473219261487653,-22.17796477000129,43.124403292976595
2020,Male,2,05-09,59,811741,74,918237,0.9018983621356792,0.6406044034655773,1.2697706278984853,-9.81016378643208,-40.66317978689088,21.04285221402673
2020,Male,3,10-14,83,810772,62,912028,1.505898957632256,1.083702047234123,2.0925785610405825,50.58989576322559,1.044760979324244,100.13503054712692
2020,Male,4,15-19,196,773558,212,849916,1.015788597915625,0.8364796699449002,1.2335344333274216,1.5788597915624925,-18.149615415276,21.307334998400982
2020,Male,5,20-24,388,828271,401,894817,1.0453196720334443,0.9091438945313557,1.2018924873310266,4.531967203344434,-10.058044739201877,19.121979145890755
2020,Male,6,25-29,560,826239,538,1000496,1.2604203817980406,1.1197679840391344,1.418739918890552,26.04203817980406,11.128265901945333,40.95581045766279
2020,Male,7,30-34,798,841419,744,1050824,1.339515133210645,1.2121799998449945,1.480226362693474,33.951513321064496,20.571456147591505,47.33157049453749
2020,Male,8,35-39,1239,819206,1052,1028508,1.4786660994724288,1.3620190078837082,1.6053031720359736,47.86660994724288,35.7160803118252,60.01713958266055
2020,Male,9,40-44,1752,761921,1435,973277,1.5595838077115616,1.4544608442790523,1.672304663850705,55.95838077115616,45.0750251783576,66.84173636395472
2020,Male,10,45-49,2828,831083,2344,985469,1.4306070672972258,1.3543898500019766,1.5111133481971841,43.060706729722575,35.22844504362759,50.89296841581756
2020,Male,11,50-54,4320,907550,3928,1016304,1.2315876959307532,1.179501986676036,1.2859734615984422,23.158769593075323,17.836852238449307,28.48068694770134
2020,Male,12,55-59,6303,886619,5659,964036,1.2110549005333537,1.1683569073317133,1.2553133061500763,21.105490053335373,16.758603547170626,25.452376559500124
2020,Male,13,60-64,8416,762096,7358,804478,1.2073979471924496,1.1702127936181643,1.2457647112002252,20.739794719244962,16.96281487194753,24.5167745665424
2020,Male,14,65-69,11549,662020,9894,673702,1.1878707871609204,1.1564010879084485,1.2201968864820156,18.787078716092044,15.597672014067765,21.97648541811632
2020,Male,15,70-74,17825,651859,15337,674426,1.2024575663217254,1.1767783305776855,1.2286971651615695,20.24575663217254,17.65001650875897,22.84149675558611
2020,Male,16,75-79,21437,453100,18667,471803,1.1957933016621614,1.1725588197318821,1.21948817938793,19.579330166216135,17.23301274187743,21.925647590554842
2020,Male,17,80-84,25845,304757,23288,326351,1.1884354613451498,1.167574985306067,1.2096686410358641,18.843546134514977,16.73897334891685,20.948118920113103
2020,Male,18,85+,44759,233760,47961,275850,1.1012728562567968,1.0871780442693773,1.115550401629983,10.127285625679683,8.708706988048753,11.545864263310612
2021,Male,0,<1,731,136453,606,160043,1.4148107404527326,1.270382226441934,1.5756591910977134,41.48107404527326,26.246682180001812,56.71546591054471
2021,Male,1,01-04,82,589789,76,679487,1.2430389690657435,0.9098055369877552,1.698325428675449,24.30389690657435,-14.489305858806334,63.09709967195505
2021,Male,2,05-09,58,803591,53,905483,1.233097339975562,0.849660162367995,1.7895731931424281,23.309733997556204,-22.616727976608907,69.23619597172133
2021,Male,3,10-14,74,824435,60,927833,1.3880140540693526,0.9874534623702751,1.9510620882015908,38.80140540693526,-8.460458903449874,86.0632697173204
2021,Male,4,15-19,290,791552,252,864614,1.257014449571603,1.0617788291945143,1.48814921053802,25.70144495716029,4.48382260252056,46.91906731180002
2021,Male,5,20-24,469,818862,421,893205,1.2151535909133289,1.0653253690845104,1.386053775081387,21.515359091332886,5.525126534904734,37.50559164776104
2021,Male,6,25-29,617,813165,539,996327,1.4025540962409337,1.2494924879859015,1.5743656018718049,40.255409624093375,24.047849375223862,56.46296987296289
2021,Male,7,30-34,914,853402,750,1054768,1.5062193464119684,1.3675703641825645,1.6589250388310086,50.621934641196844,36.07681746472697,65.1670518176667
2021,Male,8,35-39,1350,825665,1074,1017566,1.5491311946385387,1.4298270788894216,1.6783899910933353,54.91311946385387,42.49826726593731,67.32797166177042
2021,Male,9,40-44,1844,776737,1621,982773,1.439319220691839,1.3464048889451996,1.5386454966573442,43.931922069183905,34.327022015532435,53.53682212283537
2021,Male,10,45-49,2933,798773,2375,963001,1.4888529666586652,1.4104396507451644,1.5716256666190496,48.88529666586652,40.82992652960462,56.94066680212841
2021,Male,11,50-54,4610,907990,3958,1013653,1.3002695134449558,1.2462002209289569,1.3566847278634573,30.02695134449558,24.5043865159281,35.549516173063054
2021,Male,12,55-59,6478,896529,5750,979858,1.231322738365795,1.188362893554364,1.2758356005898634,23.132273836579497,18.759557634421785,27.50499003873721
2021,Male,13,60-64,8693,784396,7885,829558,1.165948498578276,1.1309448225701204,1.2020355672592054,16.594849857827597,13.040862997036818,20.14883671861838
2021,Male,14,65-69,11320,665240,10014,681789,1.1585385114798754,1.127802322179673,1.1901123593964142,15.853851147987541,12.738724666652047,18.968977629323035
2021,Male,15,70-74,16890,655558,15354,673471,1.1300974402589934,1.105666866241757,1.155067826913322,13.009744025899339,10.539892617810631,15.479595433988047
2021,Male,16,75-79,20612,471547,18863,497812,1.153585382009683,1.131026374563523,1.1765943425501308,15.358538200968308,13.080287904017851,17.636788497918765
2021,Male,17,80-84,23283,303361,22007,322885,1.126072149021913,1.1055119030735951,1.1470147732262044,12.607214902191298,10.532188828698485,14.682240975684113
2021,Male,18,85+,40218,240139,46049,282377,1.02699159291508,1.0133450251984173,1.0408219369426877,2.699159291507991,1.3253546769177893,4.072963906098193
2022,Male,0,<1,704,140153,612,164763,1.3523170686153492,1.2134847086313458,1.5070329614050249,35.23170686153492,20.58295896246458,49.880454760605254
2022,Male,1,01-04,98,587564,98,676751,1.151791124030744,0.8705050050954513,1.5239691737907237,15.179112403074392,-17.071039069786444,47.42926387593522
2022,Male,2,05-09,75,806947,66,904259,1.273400911651627,0.9147477707686678,1.7726743192088865,27.340091165162693,-14.783771158653302,69.46395348897869
2022,Male,3,10-14,102,844098,86,947904,1.3319048647883773,0.9996737740040699,1.7745494730161078,33.190486478837734,-5.026715682624072,71.40768864029954
2022,Male,4,15-19,302,817412,233,885335,1.403840108871611,1.1833006454496746,1.665482951315159,40.384010887161104,16.39186040142868,64.37616137289352
2022,Male,5,20-24,443,835928,434,902586,1.1021322664130841,0.9654806315625256,1.258125220702759,10.213226641308415,-4.376355628254602,24.802808910871434
2022,Male,6,25-29,631,825831,509,1006561,1.5109861893733525,1.344458813410281,1.69813998145906,51.098618937335246,33.45468507878508,68.74255279588542
2022,Male,7,30-34,903,873464,767,1058481,1.426692712691577,1.2957830445378244,1.5708278519520595,42.66927126915769,28.938238843051955,56.40030369526343
2022,Male,8,35-39,1239,843532,1023,1020350,1.4650190736192714,1.34860204747746,1.5914857092815888,46.50190736192714,34.37158951850465,58.63222520534963
2022,Male,9,40-44,1762,800864,1448,995404,1.5124392934636117,1.4108634855918991,1.6213281013882406,51.24392934636117,40.72917074715596,61.75868794556638
2022,Male,10,45-49,2594,769831,2107,941421,1.5055456291053622,1.4214437811817173,1.5946234886854733,50.55456291053622,41.900344218136375,59.20878160293606
2022,Male,11,50-54,4283,896878,3571,1002031,1.3400037405588932,1.2817894503969638,1.400861915469607,34.00037405588932,28.048707822283347,39.95204028949529
2022,Male,12,55-59,5971,902093,5456,988314,1.1989921622089714,1.1557774981359996,1.243822627934036,19.89921622089714,15.49794823574362,24.300484206050665
2022,Male,13,60-64,8092,806652,7111,853271,1.203721357154328,1.1659768502474621,1.242687713192538,20.372135715432794,16.537241320737795,24.207030110127793
2022,Male,14,65-69,10929,675565,9335,695596,1.2054689772239326,1.1726259736938762,1.2392318502648763,20.546897722393265,17.21702737609514,23.87676806869139
2022,Male,15,70-74,15888,625150,13834,638520,1.1730370496826026,1.1466033198192147,1.2000801813002089,17.30370496826026,14.630093383826527,19.977316552693992
2022,Male,16,75-79,21229,516523,19195,547550,1.1723992693632719,1.1497340333114516,1.1955113156428498,17.239926936327187,14.951208192580845,19.52864568007353
2022,Male,17,80-84,22659,306692,21317,327533,1.135186635804697,1.1141540290278213,1.15661628871371,13.518663580469692,11.395674351865615,15.641652809073769
2022,Male,18,85+,42149,247943,46324,290797,1.067134823894165,1.0531478983487963,1.0813075107048964,6.713482389416492,5.305542619176684,8.1214221596563
2023,Male,0,<1,784,137266,600,158602,1.5097689643951646,1.3574970980080974,1.6791213249704133,50.97689643951646,34.92593862126871,67.0278542577642
2023,Male,1,01-04,113,596080,97,684193,1.3371520220768818,1.0194341516554493,1.7538901627347068,33.71520220768818,-2.5609666910073936,69.99137110638375
2023,Male,2,05-09,70,813480,66,910942,1.1876759183515342,0.8485007404734364,1.662431179783184,18.767591835153418,-21.171895729843882,58.70707940015072
2023,Male,3,10-14,115,856993,96,958925,1.3403986258736458,1.0222461594319154,1.7575693091793132,34.03986258736458,-2.280212378609159,70.35993755333831
2023,Male,4,15-19,312,845854,283,913728,1.1909394583387198,1.0139432163483373,1.3988325682933096,19.093945833871985,-0.06774038137221661,38.25563204911617
2023,Male,5,20-24,434,851661,419,919416,1.1182039026536936,0.97773631581844,1.278851923244037,11.820390265369362,-3.190267187709961,26.831047718448687
2023,Male,6,25-29,626,845633,514,1040343,1.498324362095411,1.333334050795057,1.6837310145270483,49.8324362095411,32.35226782075622,67.31260459832598
2023,Male,7,30-34,943,893669,719,1072273,1.5736620792372198,1.4281291852365259,1.7340254405759994,57.36620792372198,42.09537346717991,72.63704238026405
2023,Male,8,35-39,1322,873976,1108,1044101,1.425393256096153,1.3160257130724562,1.5438497244715554,42.53932560961531,31.16021549447772,53.9184357247529
2023,Male,9,40-44,1908,831009,1529,1015222,1.5244956098784215,1.4253091408996839,1.6305844099698747,52.44956098784215,42.193535591512934,62.70558638417136
2023,Male,10,45-49,2482,756068,2117,934302,1.4487963407049866,1.367175127346912,1.5352903917389285,44.87963407049867,36.47857963175882,53.2806885092385
2023,Male,11,50-54,4326,879932,3534,992032,1.3800554599114068,1.3200663114259628,1.4427707577613635,38.00554599114068,31.872342787346874,44.138749194934476
2023,Male,12,55-59,6132,903064,5380,990983,1.2507414567512691,1.2057758384515895,1.2973839263898086,25.074145675126914,20.494764484401106,29.65352686585272
2023,Male,13,60-64,8368,824916,7393,876570,1.2027568562302264,1.165711906146473,1.2409790511542118,20.275685623022643,16.512942174416743,24.038429071628542
2023,Male,14,65-69,10882,687956,9435,712042,1.1937455502655465,1.1612817772564072,1.2271168519887579,19.374555026554653,16.083218311650693,22.66589174145861
2023,Male,15,70-74,15482,610774,13333,621240,1.1810765688642717,1.1540402769991551,1.2087462537680753,18.107656886427172,15.372602504816202,20.842711268038137
2023,Male,16,75-79,21613,539810,19834,572180,1.1550385847632698,1.1329911449372083,1.1775150567181842,15.503858476326982,13.277800694865615,17.729916257788346
2023,Male,17,80-84,23079,315146,21576,338309,1.1482800140545413,1.1271635709305594,1.169792055636199,14.828001405454128,12.69669954596262,16.959303264945635
2023,Male,18,85+,42486,254306,46742,297191,1.0622276454021167,1.0483633462571125,1.0762752958551083,6.222764540211667,4.8272072079819095,7.618321872441425
2024,Male,0,<1,764,136107,605,157825,1.4643109847885234,1.3161581388321244,1.62914060013713,46.43109847885234,30.811612084919716,62.05058487278497
2024,Male,1,01-04,114,597483,86,680934,1.5107265677190231,1.1418478042829212,1.998773176119893,51.07265677190232,8.780942957241944,93.36437058656269
2024,Male,2,05-09,83,822238,87,918790,1.0660499534309962,0.7891701332263293,1.4400728757487056,6.604995343099618,-25.454701775451117,38.66469246165036
2024,Male,3,10-14,83,867595,76,966435,1.2165223981235485,0.8912042529648868,1.6605921035641398,21.652239812354846,-16.2032526751106,59.50773229982029
2024,Male,4,15-19,296,868279,273,938781,1.1722872942457891,0.9945025903605649,1.3818541184009037,17.228729424578916,-2.0518057008048096,36.50926454996264
2024,Male,5,20-24,425,873609,447,933442,1.0159016024305643,0.8895729858607683,1.1601701965155231,1.5901602430564266,-11.90001938640851,15.080339872521353
2024,Male,6,25-29,600,862664,496,1064914,1.493284082046821,1.3258226491158795,1.6818971611183564,49.32840820468209,31.566594089782996,67.09022231958119
2024,Male,7,30-34,841,909848,738,1084322,1.3580915859342801,1.2302536758449039,1.4992133671283665,35.809158593428016,22.383054310658945,49.23526287619708
2024,Male,8,35-39,1260,897953,1077,1064284,1.3866241803506247,1.278304215730826,1.5041228792582757,38.66241803506247,27.383925079494233,49.94091099063071
2024,Male,9,40-44,1810,848510,1479,1020241,1.4714862498218948,1.3737877352713073,1.576132708003313,47.14862498218948,37.039330634273625,57.25791933010533
2024,Male,10,45-49,2441,763787,2102,941919,1.4321099525387255,1.3509763433181061,1.5181160841967078,43.210995253872554,34.8587438703829,51.563246637362205
2024,Male,11,50-54,4027,853560,3372,976313,1.3659949099791497,1.3049063239166734,1.429943329945957,36.59949099791498,30.349821252458796,42.84916074337115
2024,Male,12,55-59,6174,901329,5214,988825,1.2990674219860388,1.2520496348801131,1.3478508517971355,29.906742198603876,25.117766135765063,34.695718261442686
2024,Male,13,60-64,8051,843005,7188,899125,1.1946252255422067,1.157227187553572,1.2332318535643647,19.462522554220673,15.662929900202439,23.26211520823891
2024,Male,14,65-69,10751,702380,9189,731378,1.218289121187084,1.1848328261950265,1.2526901263946666,21.82891211870841,18.43648553465258,25.22133870276424
2024,Male,15,70-74,14809,604951,13022,615672,1.1573833917273917,1.1304498742469848,1.1849586133473569,15.738339172739169,13.013154040103657,18.46352430537468
2024,Male,16,75-79,21333,550481,19399,581989,1.1626393903174708,1.1402502331993845,1.1854681652859758,16.26393903174708,14.003184898556098,18.524693164938057
2024,Male,17,80-84,22662,330501,21321,355243,1.1424663470191743,1.1213005490530585,1.1640316730189835,14.246634701917426,12.110203022883193,16.38306638095166
2024,Male,18,85+,42379,263089,45785,306538,1.07847259917943,1.0643176569033577,1.092815795769935,7.847259917942995,6.422394427609079,9.27212540827691
1981,Persons,0,<1,3464,305131,3039,293089,1.0948644890663153,1.0428069373236548,1.1495207852135678,9.486448906631528,4.152866289462942,14.820031523800115
1981,Persons,1,01-04,592,1148113,479,1087069,1.1701961635962208,1.03739952686356,1.319991985571257,17.01961635962208,2.924104001425265,31.115128717818898
1981,Persons,2,05-09,397,1569297,283,1441908,1.288951208737204,1.1066590928877105,1.5012710139758243,28.895120873720394,9.240777703555203,48.54946404388558
1981,Persons,3,10-14,438,1933148,422,1733241,0.9305838448883371,0.8141284453889499,1.0636973775722032,-6.9416155111662885,-19.382966005268564,5.499734982935989
1981,Persons,4,15-19,1107,1973112,1109,1923678,0.9731879326147655,0.8954306329062984,1.057697511545944,-2.681206738523445,-10.785181521681842,5.422768044634951
1981,Persons,5,20-24,1011,1767376,1031,1775382,0.9850433637211323,0.9031907373307849,1.0743139719065522,-1.4956636278867674,-10.0411026454592,7.049775389685675
1981,Persons,6,25-29,938,1571769,1057,1619261,0.91423109420992,0.8372838909195262,0.9982498202638902,-8.576890579008001,-16.614827555267386,-0.5389536027486153
1981,Persons,7,30-34,1316,1735928,1311,1776455,1.0272489358395778,0.9516125796547391,1.1088970435493861,2.724893583957777,-5.131667967642173,10.581455135557727
1981,Persons,8,35-39,1704,1491925,1614,1517507,1.0738652073277002,1.0031914215466644,1.1495178873549836,7.386520732770019,0.07584580101571703,14.69719566452432
1981,Persons,9,40-44,2897,1341476,2383,1312080,1.189054774844202,1.1263181146484116,1.2552859082987755,18.905477484420196,12.46024443934175,25.35071052949864
1981,Persons,10,45-49,5009,1297632,4050,1272033,1.2123913799221282,1.16320179389975,1.2636610997490982,21.239137992212818,16.21760854739587,26.260667437029774
1981,Persons,11,50-54,9154,1345015,7307,1304152,1.214710777374982,1.177929870046029,1.2526401700071288,21.47107773749819,17.736151270894783,25.206004204101596
1981,Persons,12,55-59,16140,1390997,12647,1337715,1.227307576929914,1.1990706359561873,1.256209470252272,22.7307576929914,19.87407393094882,25.587441455033975
1981,Persons,13,60-64,22074,1235354,18089,1213327,1.198541056810264,1.1752111636641054,1.2223340870768307,19.85410568102639,17.498111241310575,22.210100120742204
1981,Persons,14,65-69,32729,1154810,28333,1187604,1.1879585571186024,1.169213744064074,1.2070038866682824,18.79585571186024,16.906428242023196,20.68528318169729
1981,Persons,15,70-74,43840,973253,39861,1031274,1.1653883528169355,1.1496868767905466,1.1813042666649471,16.538835281693554,14.958014267626218,18.11965629576089
1981,Persons,16,75-79,48022,688976,46025,745747,1.129363811371716,1.1150164494692114,1.1438957865089934,12.936381137171594,11.492453623949128,14.380308650394058
1981,Persons,17,80-84,42150,384627,42368,430031,1.1122940449075325,1.097396735633821,1.1273935871717298,11.229404490753247,9.729607361465508,12.729201620040985
1981,Persons,18,85+,43966,226435,52690,284878,1.04979406266865,1.0365870150960488,1.0631693798636221,4.979406266864994,3.650323534347666,6.308488999382322
1982,Persons,0,<1,3399,296876,2943,288034,1.1205456867675092,1.0665877144135432,1.1772333575243414,12.054568676750922,6.524531574404957,17.584605779096883
1982,Persons,1,01-04,554,1176320,479,1126806,1.1078932621120807,0.9803675957147809,1.2520073955916877,10.789326211208072,-2.7588711386146825,24.337523561030828
1982,Persons,2,05-09,308,1485326,273,1369399,1.040150764451019,0.8837692951107355,1.224203668053976,4.015076445101906,-12.93156919735845,20.96172208756226
1982,Persons,3,10-14,433,1877886,396,1691278,0.9847783355831768,0.8593132650128767,1.1285620852360982,-1.5221664416823155,-14.943024442906317,11.898691559541685
1982,Persons,4,15-19,1133,1979636,955,1935717,1.1600669646614077,1.0643639907701243,1.2643751331017932,16.006696466140767,6.018484796520518,25.99490813576102
1982,Persons,5,20-24,1093,1800180,1072,1812315,1.0264625978322566,0.9435244865588397,1.1166911720449972,2.6462597832256574,-6.001839707600065,11.29435927405138
1982,Persons,6,25-29,964,1573325,986,1626348,1.0106369100027142,0.9247836751612794,1.1044604173854036,1.0636910002714162,-7.908356370344693,10.035738370887515
1982,Persons,7,30-34,1284,1637443,1289,1682744,1.023679405324891,0.9475490440092532,1.1059264230296548,2.367940532489099,-5.543051735283355,10.278932800261554
1982,Persons,8,35-39,1883,1610639,1681,1645020,1.1440778516481063,1.0712548848734527,1.221851259783397,14.407785164810626,6.883391996674004,21.93217833294725
1982,Persons,9,40-44,2746,1337052,2293,1317671,1.180198798207708,1.1165417274219036,1.2474851311710984,18.0198798207708,11.476063135128477,24.563696506413123
1982,Persons,10,45-49,4748,1296405,3916,1271627,1.1892880917619209,1.1400194428099528,1.2406860024425916,18.928809176192086,13.89698257405707,23.9606357783271
1982,Persons,11,50-54,8784,1330534,6913,1294392,1.236134175316874,1.1977876819046334,1.2757083099707383,23.613417531687396,19.718030877567895,27.508804185806902
1982,Persons,12,55-59,15792,1355418,11843,1305769,1.284601755431194,1.2543575915885752,1.315575144697785,28.46017554311939,25.39958744775188,31.520763638486905
1982,Persons,13,60-64,23134,1284788,18436,1259761,1.230384126079269,1.2068047123782664,1.2544242512315777,23.038412607926894,20.657584245039118,25.41924097081467
1982,Persons,14,65-69,32098,1119859,27352,1149761,1.2048503649012507,1.1855736068748044,1.2244405521385493,20.485036490125076,18.54177347946251,22.42829950078764
1982,Persons,15,70-74,44250,973603,39491,1033780,1.1897654859430122,1.1737316343706403,1.206018369182178,18.976548594301224,17.362261384192436,20.590835804410013
1982,Persons,16,75-79,49097,699386,46488,760563,1.148503579249846,1.1340280642634837,1.1631638696758322,14.850357924984593,13.39360671539791,16.307109134571274
1982,Persons,17,80-84,43344,398414,43715,447758,1.114313182111347,1.0996067036628971,1.1292163495283474,11.4313182111347,9.95087946998925,12.91175695228015
1982,Persons,18,85+,45987,233795,53466,291709,1.0731785763827384,1.059883936041344,1.0866399778720255,7.317857638273839,5.980090192492771,8.655625084054908
1983,Persons,0,<1,3235,299175,2698,288069,1.1545255940121473,1.097009503136497,1.2150572473785124,15.452559401214728,9.552740303779284,21.35237849865017
1983,Persons,1,01-04,569,1196478,436,1155698,1.2605655128382842,1.1127235718975204,1.4280504631060271,26.056551283828423,10.331026561075785,41.78207600658106
1983,Persons,2,05-09,321,1426741,276,1325525,1.0805347337195321,0.9199494112106673,1.2691516474126765,8.053473371953213,-9.331535293785942,25.438482037692367
1983,Persons,3,10-14,412,1817278,367,1641958,1.0143126148008175,0.8811985211143033,1.167534960502525,1.431261480081747,-12.83844325170016,15.700966211863655
1983,Persons,4,15-19,1047,1963577,1012,1926079,1.0148277374150325,0.9308263932808073,1.1064096850509333,1.4827737415032516,-7.285477320071266,10.251024803077758
1983,Persons,5,20-24,1005,1841297,1068,1863866,0.9525453244721556,0.8739308220279495,1.0382315994626246,-4.745467552784444,-12.950356642725236,3.4594215371563486
1983,Persons,6,25-29,947,1586375,1026,1649574,0.9597730785872568,0.8786393021964031,1.048398768502791,-4.0226921412743195,-12.499639925013783,4.454255642465155
1983,Persons,7,30-34,1210,1581958,1183,1636295,1.0579552058942692,0.9764802844630696,1.1462281783745694,5.795520589426917,-2.682796265086851,14.273837443940685
1983,Persons,8,35-39,1877,1670665,1771,1715347,1.0881990048279597,1.0197877719691506,1.1611995227418594,8.819900482795973,1.754278579545998,15.885522386045947
1983,Persons,9,40-44,2628,1354186,2317,1346880,1.1281060063977928,1.0668228554904906,1.1929095398745144,12.81060063977928,6.5095432736776315,19.111658005880926
1983,Persons,10,45-49,4770,1307908,3875,1286011,1.2103588759868382,1.1601262653630464,1.2627665215576165,21.03588759868382,15.905411288749583,26.166363908618063
1983,Persons,11,50-54,8364,1312353,6635,1280550,1.2300392478708395,1.1910360271801959,1.2703197189464648,23.003924787083953,19.04042611252157,26.967423461646334
1983,Persons,12,55-59,15128,1333192,11323,1285513,1.2882607716622856,1.257262941769132,1.3200228533488891,28.826077166228558,25.688391816128696,31.96376251632842
1983,Persons,13,60-64,24095,1342543,19281,1313579,1.222715361085021,1.1997764959349755,1.2460928008663872,22.271536108502097,19.955859294935465,24.587212922068737
1983,Persons,14,65-69,30439,1059725,25848,1085706,1.2064865747019695,1.1866503479093482,1.226654386863492,20.64865747019695,18.648547138545357,22.648767801848546
1983,Persons,15,70-74,43158,975501,39251,1035518,1.1671872060283441,1.1513396336563426,1.1832529117319397,16.718720602834413,15.123106398947339,18.31433480672149
1983,Persons,16,75-79,48625,711856,46800,776472,1.133306581308003,1.119013407089157,1.1477823224451327,13.330658130800298,11.892250982170506,14.769065279430095
1983,Persons,17,80-84,44068,412573,44741,467581,1.1162814463572912,1.101693624537269,1.1310624294525655,11.628144635729122,10.159746738300889,13.09654253315735
1983,Persons,18,85+,45958,236267,54766,303824,1.079118427974793,1.065821051474956,1.092581704952514,7.911842797479296,6.573844406745422,9.249841188213171
1984,Persons,0,<1,3020,298430,2652,289003,1.1027912086323655,1.0467444925653784,1.1618388809061484,10.279120863236546,4.5270100190822005,16.03123170739089
1984,Persons,1,01-04,513,1200016,450,1163246,1.1050689657471233,0.9736691880322871,1.2542015646251736,10.506896574712332,-3.482328511936794,24.496121661361457
1984,Persons,2,05-09,295,1414475,257,1332121,1.0810288675254043,0.9145439142226963,1.277820992791268,8.102886752540428,-9.97656813557496,26.182341640655828
1984,Persons,3,10-14,397,1739156,336,1575532,1.0703847632606467,0.925635903614058,1.237769123850081,7.038476326064669,-8.513410421559442,22.590363073688778
1984,Persons,4,15-19,949,1922853,971,1892371,0.9618496301911249,0.8795328413346196,1.0518705699436495,-3.8150369808875095,-12.420438658932254,4.7903646971572345
1984,Persons,5,20-24,1050,1880553,1109,1942480,0.9779772025186438,0.8988267832521203,1.064097584170355,-2.202279748135616,-10.456018169644278,6.051458673373045
1984,Persons,6,25-29,946,1615380,1082,1693542,0.9166111707770974,0.8400322698323341,1.0001711464739989,-8.338882922290258,-16.335678491309856,-0.3420873532706592
1984,Persons,7,30-34,1163,1554766,1178,1620599,1.0290700911287647,0.9489826056582632,1.1159163994593952,2.9070091128764686,-5.4305558671225995,11.244574092875537
1984,Persons,8,35-39,1841,1695106,1786,1751154,1.0648778984285447,0.9977654557188016,1.136504508210973,6.4877898428544745,-0.4442658137704836,13.419845499479433
1984,Persons,9,40-44,2665,1385920,2206,1392558,1.2138550676897015,1.1472683965109438,1.2843063836125768,21.385506768970153,14.537240921111728,28.233772616828578
1984,Persons,10,45-49,4641,1322149,3800,1303479,1.2040696502038488,1.1535303722823973,1.2568231902498146,20.40696502038488,15.243906486776183,25.570023553993583
1984,Persons,11,50-54,8003,1291022,6331,1264516,1.2381440906107533,1.197991885121663,1.2796420477912036,23.814409061075324,19.732640320296223,27.896177801854428
1984,Persons,12,55-59,14210,1314772,11173,1272245,1.230678420129276,1.2005539199840023,1.2615588092803633,23.0678420129276,20.017909755727125,26.11777427012807
1984,Persons,13,60-64,24653,1387881,19660,1355961,1.2251273364563844,1.2023809186578953,1.2483040667412368,22.512733645638438,20.216710648696925,24.808756642579954
1984,Persons,14,65-69,28391,1008701,23878,1029065,1.2130064157896658,1.1923088089381104,1.2340633179229217,21.300641578966584,19.213019188464987,23.38826396946818
1984,Persons,15,70-74,41925,978277,37955,1038151,1.172202812546641,1.156037101146135,1.1885945809005316,17.220281254664105,15.592459586963404,18.848102922364806
1984,Persons,16,75-79,47936,723249,45740,791702,1.1472010389197067,1.1325977109174143,1.1619926572449328,14.72010389197067,13.250396779259077,16.189811004682262
1984,Persons,17,80-84,43865,427429,44505,485394,1.119282586984649,1.1046195338203784,1.1341402819432347,11.9282586984649,10.45226407100024,13.40425332592956
1984,Persons,18,85+,45915,245867,53875,313323,1.0860738061304662,1.0726372626806928,1.0996786643555685,8.607380613046622,7.255345451165063,9.959415774928182
1985,Persons,0,<1,2993,309990,2724,302075,1.0706973151376822,1.0165435868441532,1.1277359431305871,7.069731513768218,1.51260900498551,12.626854022550926
1985,Persons,1,01-04,555,1194004,467,1161799,1.1563819900330392,1.0224679318641563,1.3078349600996906,15.63819900330392,1.4058066869431007,29.87059131966474
1985,Persons,2,05-09,290,1424012,238,1361906,1.165345021051541,0.9817561707224776,1.383265069869883,16.534502105154104,-3.4429491712316906,36.5119533815399
1985,Persons,3,10-14,419,1669758,324,1513581,1.172252445053803,1.0140234961906318,1.3551715518397422,17.2252445053803,0.2274682244521209,34.22302078630848
1985,Persons,4,15-19,921,1875627,863,1857113,1.0566731903159812,0.9629706896085053,1.1594934749119823,5.667319031598117,-4.144713335667804,15.47935139886405
1985,Persons,5,20-24,1007,1908235,1169,2006188,0.9056381951296082,0.8324488015155688,0.9852624437495511,-9.43618048703918,-17.067827180593852,-1.8045337934845085
1985,Persons,6,25-29,899,1657510,1007,1751499,0.9433741194579824,0.862236106329184,1.0321473697638885,-5.6625880542017555,-14.146709879097497,2.8215337706939847
1985,Persons,7,30-34,1133,1536299,1146,1613439,1.0382981850217863,0.9564452812737566,1.1271560873653044,3.829818502178628,-4.696137066018413,12.35577407037567
1985,Persons,8,35-39,1894,1710361,1825,1775426,1.0772881838059132,1.010208054344377,1.1488225875619626,7.728818380591318,0.8028638645362518,14.654772896646385
1985,Persons,9,40-44,2732,1419290,2401,1440650,1.154983754526042,1.0933626156414955,1.2200778169430988,15.498375452604197,9.165788648059614,21.830962257148776
1985,Persons,10,45-49,4550,1327468,3711,1312226,1.2120066983065945,1.1605850245911327,1.2657066958601833,21.200669830659447,15.946232374743019,26.455107286575874
1985,Persons,11,50-54,7821,1275133,6154,1254045,1.2498630515577096,1.2088093430981242,1.2923110303279175,24.98630515577096,20.811996865670213,29.160613445871707
1985,Persons,12,55-59,14031,1303272,10781,1265430,1.2636669875856228,1.2323408915906677,1.2957893927000605,26.36669875856228,23.19460684896699,29.538790668157567
1985,Persons,13,60-64,24298,1334269,19173,1301477,1.23615678554248,1.2129724676178024,1.2597842401516102,23.615678554248,21.275229759648305,25.95612734884769
1985,Persons,14,65-69,29218,1056505,24473,1068413,1.2073435922246674,1.187011313253054,1.2280241421550862,20.734359222466736,18.683816359860185,22.784902085073288
1985,Persons,15,70-74,43280,978422,38437,1036867,1.1932587058583546,1.176978909369458,1.2097636820608466,19.32587058583546,17.68668350607605,20.965057665594866
1985,Persons,16,75-79,49933,730867,48286,801734,1.134379521810552,1.1202770861179192,1.1486594838445954,13.437952181055191,12.018869308094704,14.857035054015677
1985,Persons,17,80-84,46503,439056,48202,499018,1.0965090170575889,1.0826280987287715,1.110567909608466,9.650901705758885,8.25394895143674,11.04785446008103
1985,Persons,18,85+,50152,258232,59140,326163,1.07110382651142,1.058435593741926,1.0839236831704082,7.110382651142011,5.836008246005209,8.384757056278813
1986,Persons,0,<1,3188,311165,2729,306451,1.1504959084807218,1.0931663141216095,1.210832074069594,15.049590848072182,9.168863961415097,20.930317734729265
1986,Persons,1,01-04,525,1204239,419,1175479,1.223059167595481,1.0756854413747745,1.3906237547731022,22.305916759548094,6.6021848454072,38.009648673688986
1986,Persons,2,05-09,307,1440740,219,1404410,1.3664777353444004,1.1489780789176065,1.6251497182183081,36.64777353444004,12.958035502183375,60.33751156669671
1986,Persons,3,10-14,326,1587427,268,1436845,1.1010295229558988,0.9367244293362579,1.2941543664869282,10.102952295589883,-7.690985215645996,27.896889806825765
1986,Persons,4,15-19,943,1842552,913,1830198,1.0259335643468006,0.9366930748090315,1.1236761611245152,2.593356434680061,-6.74290620804573,11.929619077405839
1986,Persons,5,20-24,1076,1905750,1166,2044297,0.9899010474079863,0.911188722079317,1.0754128754176238,-1.0098952592013655,-9.21171553319221,7.191925014789469
1986,Persons,6,25-29,960,1702242,1079,1818712,0.950588199844719,0.8714174930582422,1.0369517858917128,-4.941180015528102,-13.207472433036383,3.325112401980168
1986,Persons,7,30-34,1164,1536037,1219,1625243,1.0103361718577175,0.9323566652562807,1.0948376497995234,1.0336171857717513,-7.081702850362104,9.148937221905618
1986,Persons,8,35-39,1914,1710739,1778,1785052,1.123252238110944,1.053028460454655,1.1981590600851337,12.3252238110944,5.073731929304093,19.576715692884704
1986,Persons,9,40-44,2722,1472243,2483,1509629,1.1240927150554776,1.0645842648214967,1.1869275864721385,12.409271505547759,6.295120630339723,18.523422380755793
1986,Persons,10,45-49,4464,1311244,3698,1299922,1.1967158937806799,1.1456806137331286,1.2500245821222278,19.67158937806799,14.456042188399309,24.88713656773667
1986,Persons,11,50-54,7414,1263551,5917,1247854,1.2374339073824323,1.195868296555051,1.2804442425230431,23.74339073824323,19.515416112744568,27.971365363741896
1986,Persons,12,55-59,13323,1290834,10386,1258342,1.250495133743631,1.2188205933181981,1.2829928277296965,25.049513374363098,21.84125362536895,28.257773123357243
1986,Persons,13,60-64,22665,1296499,18194,1262566,1.2131358495004263,1.1896969208921229,1.2370365624208999,21.31358495004263,18.946753028810193,23.680416871275067
1986,Persons,14,65-69,29737,1102082,24776,1107458,1.206088887364418,1.185925410139174,1.226595190378145,20.6088887364418,18.5754960541602,22.6422814187234
1986,Persons,15,70-74,41543,966873,37265,1022737,1.179210303535776,1.1628346033416106,1.195816615681184,17.921030353577592,16.271983485484355,19.570077221670836
1986,Persons,16,75-79,49037,735245,47765,807495,1.1275138178371946,1.113395920440968,1.1418107306431522,12.751381783719463,11.330678867586874,14.17208469985205
1986,Persons,17,80-84,45862,448762,47604,509514,1.0938293952099083,1.0798913303859714,1.1079473574416396,9.38293952099083,7.980176619058388,10.785702422923272
1986,Persons,18,85+,50423,270064,59074,337151,1.0655898100965477,1.0530018083344737,1.07832829383036,6.558981009654774,5.292686538947988,7.82527548036156
1987,Persons,0,<1,2995,313128,2850,313161,1.050987943050698,0.9984424498760569,1.1062987722277389,5.098794305069809,-0.29165814675872204,10.489246756898329
1987,Persons,1,01-04,531,1219087,449,1191172,1.1555479094588337,1.0190941479180697,1.3102724353609299,15.554790945883369,1.0341216579377477,30.075460233828988
1987,Persons,2,05-09,273,1473930,220,1440680,1.212915748435074,1.0155700780422805,1.4486096475368666,21.291574843507412,-0.24702669843605918,42.83017638545088
1987,Persons,3,10-14,317,1502980,280,1374850,1.0356269592029548,0.88184680197479,1.2162239475452785,3.5626959202954778,-13.084379131140233,20.2097709717312
1987,Persons,4,15-19,923,1796494,840,1789175,1.0943329227717458,0.9966870406194765,1.2015452163578073,9.433292277174576,-0.7947190197719944,19.66130357412115
1987,Persons,5,20-24,1060,1905059,1218,2048599,0.9358518494732956,0.8618898836355655,1.0161607657677438,-6.414815052670441,-14.119652087977252,1.290021982636369
1987,Persons,6,25-29,981,1747779,1089,1880266,0.9691118492915725,0.8890055485036764,1.0564363496022067,-3.088815070842754,-11.449978343837685,5.272348202152166
1987,Persons,7,30-34,1241,1551571,1283,1649738,1.02846247265198,0.9512558396173704,1.1119354159012407,2.8462472651979986,-5.1795831174850315,10.872077647881028
1987,Persons,8,35-39,1749,1621298,1770,1699413,1.0357444916858938,0.9695127370862128,1.1065008338949507,3.5744491685893776,-3.2699731557907175,10.418871492969473
1987,Persons,9,40-44,2869,1593380,2618,1643379,1.1302623924190693,1.0719447344306943,1.1917527412412263,13.026239241906934,7.038639877043185,19.013838606770683
1987,Persons,10,45-49,4203,1308712,3629,1306671,1.156364071956328,1.1061292169396784,1.2088803427604797,15.636407195632795,10.500539571017908,20.77227482024768
1987,Persons,11,50-54,7183,1261633,5805,1248658,1.2246559763845104,1.1830172524945224,1.2677602607500797,22.46559763845104,18.229292131563255,26.701903145338825
1987,Persons,12,55-59,12771,1277207,10307,1248970,1.2116671830780332,1.1806261176554127,1.2435243813374277,21.166718307803322,18.02215812509358,24.311278490513068
1987,Persons,13,60-64,21606,1264169,17148,1231691,1.2276018340863455,1.203238744895392,1.2524582253068792,22.76018340863455,20.299374195286536,25.220992621982564
1987,Persons,14,65-69,30706,1150541,24504,1149806,1.2523010157066785,1.2314511676251163,1.273503875078053,25.230101570667852,23.12756497781001,27.33263816352569
1987,Persons,15,70-74,39125,938819,35283,989717,1.169009405971127,1.1523080013402034,1.185952878622338,16.90094059711269,15.218754787939194,18.583126406286187
1987,Persons,16,75-79,47326,740712,46175,812536,1.1243101374423203,1.1099877316453832,1.1388173482618393,12.431013744232033,10.989572401941118,13.872455086522951
1987,Persons,17,80-84,45167,459741,46805,521697,1.0950503774552816,1.0809848180184276,1.1092989551537928,9.505037745528156,8.089370322493238,10.920705168563071
1987,Persons,18,85+,49787,283219,58075,350781,1.0617943651517636,1.0491591915343734,1.0745817059651617,6.179436515176362,4.9083411538930255,7.450531876459698
1988,Persons,0,<1,3080,321594,2843,324760,1.0940280372782805,1.0396567780801176,1.1512427674075452,9.402803727828047,3.825919850641024,14.97968760501507
1988,Persons,1,01-04,551,1234959,451,1210645,1.1976759539773334,1.0575174168021784,1.3564104646834794,19.767595397733338,4.861455531059389,34.67373526440729
1988,Persons,2,05-09,296,1503181,264,1468145,1.095079015565637,0.9276555159044861,1.2927191503442501,9.507901556563692,-8.661797022912388,27.67760013603977
1988,Persons,3,10-14,294,1442918,281,1337330,0.969701230028737,0.8234237203032974,1.1419642795484333,-3.0298769971263018,-18.886150015950577,12.826396021697972
1988,Persons,4,15-19,879,1744044,810,1736334,1.080387841896955,0.9820209250328015,1.1886079605480624,8.038784189695502,-2.27489545076347,18.352463830154477
1988,Persons,5,20-24,1082,1887335,1200,2025361,0.967608030194251,0.8912792303199107,1.0504735982239155,-3.239196980574899,-11.189965361259091,4.711571400109293
1988,Persons,6,25-29,1035,1787847,1111,1935805,1.008689611454211,0.9267970329949167,1.0978182881830911,0.8689611454210988,-7.671892380015999,9.409814670858196
1988,Persons,7,30-34,1189,1571855,1332,1677429,0.9525971895660894,0.8809434648180756,1.0300790479859097,-4.740281043391059,-12.189465876514493,2.7089037897323642
1988,Persons,8,35-39,1769,1571204,1703,1651220,1.0916553540818288,1.0213818443784977,1.1667638490487067,9.16553540818288,1.901796282048429,16.42927453431733
1988,Persons,9,40-44,3012,1656387,2708,1714894,1.151547283200384,1.0933018407820763,1.2128957402080365,15.15472832003839,9.177717431118747,21.131739208958034
1988,Persons,10,45-49,4297,1327013,3619,1335793,1.1952004732627814,1.1434986815261678,1.249239893640303,19.520047326278146,14.234709493175423,24.805385159380865
1988,Persons,11,50-54,6929,1274327,5708,1262214,1.2023715867942792,1.160976005380762,1.245243162675056,20.237158679427925,16.024662634600716,24.449654724255133
1988,Persons,12,55-59,12246,1260420,9619,1235681,1.2481173303620057,1.2152292563739258,1.2818954630817794,24.811733036200568,21.478818819935785,28.144647252465347
1988,Persons,13,60-64,21371,1244078,16350,1212516,1.2739340780883512,1.2482532686843788,1.3001432289661163,27.393407808835125,24.799089116849338,29.987726500820912
1988,Persons,14,65-69,31955,1204369,25704,1197394,1.2359918826656986,1.2158604624406129,1.256456625745502,23.59918826656986,21.569471329670243,25.628905203469476
1988,Persons,15,70-74,37515,892042,33000,933555,1.1897223423642302,1.1722530690874633,1.2074519480870072,18.972234236423024,17.21235446815261,20.732114004693436
1988,Persons,16,75-79,47555,745918,45574,817055,1.1429816094108123,1.1283903037428167,1.157761596424607,14.298160941081228,12.829636710325287,15.76668517183717
1988,Persons,17,80-84,45924,471140,48111,534347,1.0826017435817339,1.0688469565055696,1.0965335383823054,8.260174358173389,6.875882986569426,9.644465729777352
1988,Persons,18,85+,52781,296720,61408,364513,1.0558904512618317,1.043677742129802,1.0682460687441335,5.5890451261831675,4.3606565044963075,6.8174337478700275
1989,Persons,0,<1,2850,316757,2601,324040,1.120925915873956,1.0629045092618024,1.1821145718447477,12.092591587395596,6.134893838079258,18.050289336711934
1989,Persons,1,01-04,519,1263555,461,1240608,1.1053679272897456,0.9750549571323652,1.2530968082806864,10.536792728974564,-3.328908141414666,24.402493599363794
1989,Persons,2,05-09,309,1512420,243,1468452,1.234637742700318,1.043651661366692,1.4605738793190648,23.46377427003179,2.7154616562419243,44.212086883821655
1989,Persons,3,10-14,283,1429715,219,1343752,1.2145404142796479,1.0181305508432406,1.4488401479523993,21.45404142796479,0.02984086025632493,42.87824199567325
1989,Persons,4,15-19,887,1679736,828,1663003,1.0605845240196359,0.9647433738739382,1.1659468860336935,6.058452401963588,-3.98669793573172,16.103602739658896
1989,Persons,5,20-24,1092,1867650,1130,1984984,1.02708340731064,0.9451147437558539,1.1161611143433188,2.7083407310640073,-5.834125504640896,11.2508069667689
1989,Persons,6,25-29,1074,1832879,1185,1992406,0.9852126433643257,0.907126293962164,1.0700207447469352,-1.478735663567432,-9.61420940243779,6.656738075302915
1989,Persons,7,30-34,1177,1603015,1301,1710479,0.9653378318958115,0.8921480488068402,1.0445319371998847,-3.466216810418854,-11.077522581719546,4.1450889608818375
1989,Persons,8,35-39,1767,1548109,1735,1626407,1.0699531699566842,1.0013718854481337,1.1432314033742186,6.995316995668421,-0.0924739193591706,14.083107910696025
1989,Persons,9,40-44,2910,1683065,2750,1745053,1.0971551047426191,1.0414301531750767,1.1558617927403367,9.715510474261912,3.9965186770080097,15.434502271515814
1989,Persons,10,45-49,4208,1360736,3690,1380640,1.157060164539044,1.1070272195654418,1.2093543868674288,15.706016453904393,10.59132394644311,20.820708961365675
1989,Persons,11,50-54,6734,1290380,5688,1277564,1.1721375166385968,1.131486445867344,1.2142490640782932,17.21375166385968,13.076479887144332,21.351023440575023
1989,Persons,12,55-59,11551,1242893,9323,1220306,1.2164630006593093,1.1837170089507254,1.2501148676445604,21.646300065930934,18.326819112681747,24.96578101918012
1989,Persons,13,60-64,20432,1230238,15504,1198722,1.2840929412752207,1.2575643104553238,1.3111812001374588,28.409294127522067,25.72864435219193,31.089943902852202
1989,Persons,14,65-69,32900,1248047,26284,1233459,1.237081228433874,1.217183820597416,1.2573039008950424,23.708122843387393,21.702206730014172,25.71403895676061
1989,Persons,15,70-74,35565,852306,30793,884460,1.1985425641413707,1.180395348676087,1.2169687720895652,19.854256414137073,18.025656185424243,21.682856642849902
1989,Persons,16,75-79,48357,753246,45300,822790,1.166039650590918,1.1511912122163395,1.181079608949166,16.603965059091806,15.109586130416307,18.098343987767308
1989,Persons,17,80-84,48007,482561,48826,546852,1.114220143320575,1.1002716198399665,1.1283454970527147,11.422014332057495,10.018357598682236,12.825671065432754
1989,Persons,18,85+,56581,311582,64731,379784,1.0654243203501395,1.053473659233428,1.0775105504009905,6.542432035013945,5.340612963920766,7.744251106107125
1990,Persons,0,<1,2860,320292,2378,325880,1.2236741878838757,1.1588916828760614,1.2920780606321782,22.36741878838757,15.711382579649102,29.02345499712604
1990,Persons,1,01-04,497,1269932,443,1259529,1.1127058391260336,0.9789516198113616,1.2647349055551367,11.27058391260336,-2.979594697359844,25.520762522566564
1990,Persons,2,05-09,265,1522811,235,1472872,1.0906791537268625,0.9150070041879694,1.300078590578712,9.067915372686253,-10.087043238129645,28.22287398350216
1990,Persons,3,10-14,280,1434347,233,1375620,1.1525144050910565,0.9686448859899791,1.3712862919674087,15.251440509105652,-4.779629092922255,35.28251011113355
1990,Persons,4,15-19,827,1623264,816,1593570,0.9949410253226905,0.9032254674980343,1.0959695884265142,-0.5058974677309536,-10.128096985485136,9.11630205002323
1990,Persons,5,20-24,1113,1833994,1200,1936995,0.9795903707972873,0.9028614867500913,1.062839991118571,-2.040962920271272,-10.031025668868942,5.94909982832641
1990,Persons,6,25-29,1173,1860792,1339,2050703,0.9654335157603324,0.8926489486694793,1.0441527710782865,-3.456648423966757,-11.02408806997095,4.110791222037435
1990,Persons,7,30-34,1178,1640298,1331,1764818,0.9522355789633832,0.8804272367584122,1.0299006663881083,-4.776442103661682,-12.242461834154227,2.6895776268308635
1990,Persons,8,35-39,1749,1531969,1765,1614733,1.0444696947312286,0.9776345322862721,1.1158739868371408,4.446969473122864,-2.4599681483717495,11.353907094617476
1990,Persons,9,40-44,2950,1698718,2822,1766846,1.087282543697778,1.03259184516663,1.1448699070823485,8.7282543697778,3.116842643602058,14.33966609595354
1990,Persons,10,45-49,4224,1393533,3717,1428840,1.1651925266844312,1.114947096509667,1.2177022824593517,16.51925266844312,11.38315676420465,21.65534857268159
1990,Persons,11,50-54,6614,1296544,5586,1284501,1.1730335840584294,1.131989292575637,1.2155660820767193,17.30335840584294,13.125402309683555,21.481314502002324
1990,Persons,12,55-59,11153,1227898,8986,1210064,1.2231263901829288,1.189610710272284,1.257586329245053,22.312639018292877,18.914295314542983,25.710982722042775
1990,Persons,13,60-64,19477,1221519,15202,1192356,1.2506248415200354,1.2243761860570435,1.2774362259232508,25.062484152003538,22.409681097470703,27.715287206536377
1990,Persons,14,65-69,31316,1202634,25098,1182176,1.2265233765877577,1.2063247499063816,1.2470602078196458,22.652337658775767,20.615658362072597,24.689016955478937
1990,Persons,15,70-74,35262,899476,30624,923053,1.1816315634556636,1.1636788513081717,1.1998612419440735,18.163156345566357,16.35410748466175,19.97220520647096
1990,Persons,16,75-79,46850,756105,44213,824725,1.1558105667249825,1.1408872618844694,1.1709290749259005,15.58105667249825,14.079008300025041,17.083105044971457
1990,Persons,17,80-84,46644,488948,48208,554826,1.09792026932788,1.0840325362857381,1.1119859205805864,9.792026932788001,8.394395465587223,11.189658399988778
1990,Persons,18,85+,55814,323048,64472,390887,1.0475051713157142,1.0357018493194037,1.0594430092542721,4.750517131571419,3.5634845402911175,5.9375497228517204
1991,Persons,0,<1,2693,328055,2162,331532,1.2588078889718226,1.1895400102811884,1.3321092923668225,25.88078889718226,18.756129241902954,33.00544855246157
1991,Persons,1,01-04,501,1281119,394,1278435,1.2689096020803798,1.1120222810306015,1.4479310403381018,26.890960208037985,10.144180830493843,43.637739585582125
1991,Persons,2,05-09,277,1539105,257,1480028,1.0364499343869271,0.8746313956301753,1.2282070731255648,3.644993438692712,-13.94916838280752,21.23915526019293
1991,Persons,3,10-14,284,1447212,246,1418228,1.1313503964303082,0.9537999646467973,1.3419519468917118,13.135039643030822,-6.178612982967713,32.44869226902936
1991,Persons,4,15-19,800,1556106,727,1510873,1.0684257813499483,0.9663360275540196,1.1813009322882086,6.842578134994826,-3.8876202147732464,17.572776484762898
1991,Persons,5,20-24,1154,1813009,1063,1892205,1.1330283327000934,1.0424462643730659,1.231481416908536,13.30283327000934,3.862003837951522,22.74366270206716
1991,Persons,6,25-29,1119,1863506,1255,2082185,0.9962650126617564,0.9191297637749931,1.079873609333914,-0.3734987338243623,-8.401998541531464,7.65500107388275
1991,Persons,7,30-34,1240,1684846,1427,1829531,0.9435768419396302,0.874440975805394,1.018178792256082,-5.642315806036979,-12.822275786485527,1.5376441744115565
1991,Persons,8,35-39,1714,1533566,1760,1621405,1.0296442209322467,0.9633869917059134,1.100458310965863,2.9644220932246723,-3.8840930751526836,9.812937261602016
1991,Persons,9,40-44,2900,1702349,2790,1775254,1.0839411267548336,1.0290402822191957,1.1417710138000865,8.394112675483356,2.7601132480537194,14.028112102912992
1991,Persons,10,45-49,4196,1446376,3927,1498567,1.1070558625855451,1.059912542976765,1.1562960463162402,10.705586258554511,5.887931841253113,15.52324067585591
1991,Persons,11,50-54,6654,1282527,5432,1271671,1.2145944323469289,1.1718334261507934,1.2589158170150387,21.459443234692888,17.10625573500093,25.812630734384847
1991,Persons,12,55-59,10484,1217035,8630,1204268,1.2020880916727121,1.1683261174441657,1.2368257103611313,20.208809167271212,16.784292745945216,23.63332558859721
1991,Persons,13,60-64,18556,1212723,14657,1186192,1.2383193304291875,1.2117865189124224,1.265433094181348,23.831933042918752,21.149813993646237,26.514052092191264
1991,Persons,14,65-69,30061,1173090,23839,1145807,1.2316733041388095,1.2109139252794212,1.252788572712265,23.167330413880947,21.07369886642565,25.26096196133625
1991,Persons,15,70-74,37048,944189,31343,959091,1.2006739395524573,1.1827486676012569,1.2188708798498806,20.067393955245727,18.26135144913166,21.873436461359795
1991,Persons,16,75-79,46259,751666,43935,817020,1.144440954797179,1.1295951872220735,1.1594818336983483,14.4440954797179,12.949805614949184,15.938385344486615
1991,Persons,17,80-84,47348,495221,49468,562266,1.0867259975136034,1.0731177177793019,1.1005068447810458,8.672599751360345,7.303179644110114,10.042019858610573
1991,Persons,18,85+,59342,335535,68024,403242,1.0484022508574193,1.036923091306381,1.0600084893645567,4.840225085741934,3.685978500832565,5.994471670651302
1992,Persons,0,<1,2303,324950,1956,330132,1.1961789874232658,1.1262183739753195,1.270485549709479,19.617898742326577,12.408904704676239,26.82689277997692
1992,Persons,1,01-04,400,1293836,383,1295560,1.045778038446477,0.9090444755406948,1.2030783257842945,4.577803844647699,-10.075889100571667,19.231496789867066
1992,Persons,2,05-09,250,1556106,216,1497539,1.1138461849523627,0.9284333248664138,1.3362869368260153,11.384618495236264,-8.895821427757378,31.665058418229908
1992,Persons,3,10-14,263,1479679,210,1448987,1.2264036450119378,1.0229616107268389,1.4703053220441888,22.640364501193776,0.39535719448533513,44.88537180790222
1992,Persons,4,15-19,709,1470585,573,1437210,1.2092656363006302,1.0831897232281995,1.3500159277540478,20.926563630063022,7.612170776276472,34.24095648384957
1992,Persons,5,20-24,998,1784341,1050,1836006,0.9779969123454703,0.8968225328437811,1.066518653946314,-2.200308765452974,-10.67450684167982,6.273889310773861
1992,Persons,6,25-29,1135,1858048,1216,2087270,1.0485375514136057,0.9670569733539602,1.1368833760759496,4.853755141360572,-3.6283110300361576,13.3358213127573
1992,Persons,7,30-34,1292,1728645,1470,1879840,0.9557850892729615,0.8869501695188204,1.029962187585036,-4.421491072703853,-11.565438259914963,2.7224561145072546
1992,Persons,8,35-39,1765,1550240,1784,1644263,1.0493544421387437,0.9825275727038052,1.1207265585494846,4.935444213874374,-1.9695210231291838,11.840409450877921
1992,Persons,9,40-44,2809,1620239,2659,1681457,1.0963269390548531,1.0397016304949553,1.1560362339002945,9.632693905485311,3.818689295318234,15.44669851565239
1992,Persons,10,45-49,4343,1565139,3984,1632935,1.1373299714765959,1.0894637805024594,1.1872991899027472,13.732997147659587,8.84273367573658,18.623260619582595
1992,Persons,11,50-54,6387,1283278,5300,1280772,1.2027410175715392,1.159727083871926,1.247350325319103,20.274101757153918,15.893907992245593,24.65429552206224
1992,Persons,12,55-59,10342,1220452,8258,1207158,1.2387197680911612,1.2034030719175537,1.275072915855865,23.871976809116124,20.2889842536943,27.454969364537952
1992,Persons,13,60-64,17803,1200445,14085,1182000,1.2445477099012063,1.2173416564258175,1.2723617844213024,24.454770990120632,21.703988568148812,27.205553412092453
1992,Persons,14,65-69,28321,1148666,22828,1121745,1.2115493144764882,1.1906107277733735,1.232856136071912,21.154931447648817,19.042768025806623,23.26709486949101
1992,Persons,15,70-74,37574,987592,32031,996207,1.1832839106558974,1.1657772379798301,1.2010534839773042,18.328391065589745,16.564644076442047,20.09213805473744
1992,Persons,16,75-79,44133,732860,41426,794141,1.1544285256148423,1.139053018680914,1.1700115788258958,15.442852561484234,13.894970934346862,16.9907341886216
1992,Persons,17,80-84,46957,500950,47990,569834,1.1130215432104298,1.0989508659896126,1.1272723776735583,11.302154321042979,9.886116937366186,12.718191704719771
1992,Persons,18,85+,58978,349410,68475,419456,1.0339727209897738,1.0226502722006714,1.0454205282225852,3.3972720989773775,2.2587823027974796,4.535761895157275
1993,Persons,0,<1,2125,310863,1883,321009,1.1653510966931488,1.095258579625033,1.2399292768186827,16.535109669314885,9.306211787228747,23.764007551401022
1993,Persons,1,01-04,418,1295534,380,1298597,1.102600703648071,0.9595868707244704,1.2669288719710898,10.260070364807095,-5.057710178694396,25.577850908308577
1993,Persons,2,05-09,239,1578621,183,1527861,1.2640166093916314,1.0426537431026541,1.5323763995355564,26.40166093916314,2.066143655364061,50.73717822296222
1993,Persons,3,10-14,300,1511461,236,1471821,1.2378479486437854,1.0437667894108003,1.468017146652638,23.784794864378544,2.674750857884556,44.89483887087253
1993,Persons,4,15-19,649,1411898,576,1390448,1.10961838052198,0.9918501487614831,1.2413699306590609,10.961838052197992,-1.4880133453480604,23.41168944974403
1993,Persons,5,20-24,1055,1743164,950,1774670,1.130598002736464,1.0357045321510865,1.234185816621697,13.059800273646394,3.1484359273947327,22.971164619898055
1993,Persons,6,25-29,1154,1840152,1282,2067843,1.0115367080609952,0.934202166883138,1.09527310899812,1.153670806099516,-6.89139209487708,9.198733707076112
1993,Persons,7,30-34,1296,1767169,1525,1927857,0.9271113333636186,0.8609397193503149,0.9983688812730027,-7.288866663638139,-14.154049087117372,-0.4236842401589058
1993,Persons,8,35-39,1672,1572495,1771,1672488,1.0041334834054019,0.939216753954252,1.0735371236201123,0.4133483405401872,-6.297672920217979,7.124369601298364
1993,Persons,9,40-44,2697,1573755,2598,1629488,1.0748697564612515,1.0184881494271196,1.134372544250937,7.486975646125149,1.6955584632174503,13.278392829032848
1993,Persons,10,45-49,4508,1631293,4101,1702198,1.147023303647209,1.099520874569705,1.1965779727689474,14.702330364720906,9.850922048552935,19.553738680888877
1993,Persons,11,50-54,6417,1301865,5520,1312202,1.1717304213570532,1.1303203328336533,1.2146575978967475,17.17304213570532,12.957088604967272,21.388995666443368
1993,Persons,12,55-59,10262,1236926,8371,1221399,1.2105103583524561,1.1760667918854446,1.2459626764304756,21.051035835245614,17.55672691182044,24.545344758670783
1993,Persons,13,60-64,17431,1186355,13795,1173193,1.2495550561027855,1.2219552129042348,1.2777782865879899,24.95550561027855,22.164583981509512,27.746427239047588
1993,Persons,14,65-69,28240,1133055,22256,1105334,1.2378274724154859,1.216270912211059,1.2597660900079353,23.782747241548584,21.60810021858879,25.95739426450838
1993,Persons,15,70-74,40394,1030922,33829,1043906,1.209102968004161,1.1917628260073367,1.2266954089634199,20.910296800416095,19.163728393831335,22.656865207000855
1993,Persons,16,75-79,43186,698409,40296,748768,1.1489959319840213,1.1335033423451848,1.1647002725059392,14.899593198402128,13.339794599832233,16.45939179697202
1993,Persons,17,80-84,48675,506879,50065,577822,1.1083106693611144,1.094569056805397,1.122224799049906,10.831066936111444,9.44831569635516,12.213818175867729
1993,Persons,18,85+,65498,365837,75065,438762,1.0464824041703769,1.0355725977696522,1.0575071458986272,4.648240417037686,3.551533085771963,5.744947748303408
1994,Persons,0,<1,2071,308309,1763,323359,1.2320449049974571,1.1562266692581191,1.3128348344569496,23.20449049974571,15.379344358532187,31.029636640959236
1994,Persons,1,01-04,388,1285730,348,1298394,1.1259243306566484,0.97423507044866,1.3012317425411621,12.592433065664842,-3.700478410325514,28.88534454165521
1994,Persons,2,05-09,233,1595227,189,1558595,1.20449472910596,0.9942086109017818,1.459258687297133,20.449472910596,-2.6609736877923007,43.5599195089843
1994,Persons,3,10-14,267,1516840,221,1477088,1.1764828070168738,0.9844084315734045,1.4060340716444721,17.64828070168738,-3.321785410377398,38.618346813752154
1994,Persons,4,15-19,591,1396137,493,1391982,1.1952153006901436,1.0605368633151082,1.3469966621795593,19.52153006901436,5.232601783670621,33.8104583543581
1994,Persons,5,20-24,985,1676855,908,1706478,1.1039656627494279,1.0087754080039746,1.208138278213243,10.396566274942787,0.44191835495162035,20.351214194933952
1994,Persons,6,25-29,1071,1814517,1261,2046444,0.9578846366150572,0.8829615610058821,1.0391652565462561,-4.211536338494282,-12.01309311433495,3.5900204373463973
1994,Persons,7,30-34,1373,1805314,1620,1982351,0.9306434538107164,0.8660808448347269,1.000018928124447,-6.935654618928355,-13.626792522525067,-0.2445167153316441
1994,Persons,8,35-39,1739,1598697,1780,1710418,1.045239173815097,0.9783970344932741,1.1166478351434304,4.523917381509701,-2.3835937046836286,11.43142846770302
1994,Persons,9,40-44,2640,1549807,2606,1610333,1.0526102390861363,0.997154180034524,1.111150449562987,5.261023908613627,-0.43600778586224687,10.958055603089512
1994,Persons,10,45-49,4442,1658461,4067,1733646,1.1417198203242893,1.0941726785384012,1.1913331174221775,14.171982032428932,9.31542480783174,19.02853925702612
1994,Persons,11,50-54,6174,1336956,5358,1354642,1.1675388423181652,1.1255849022973026,1.2110565320656648,16.753884231816517,12.481256462170375,21.02651200146266
1994,Persons,12,55-59,9730,1253085,7997,1240688,1.2046691663561302,1.1695524968548232,1.240840239554732,20.466916635613018,16.903049372974866,24.030783898251173
1994,Persons,13,60-64,15988,1172193,13004,1162590,1.219395641126108,1.1914966794586523,1.2479478585478943,21.9395641126108,19.117257148462773,24.761871076758823
1994,Persons,14,65-69,26295,1120231,21049,1097930,1.2243589840562923,1.2023644573509433,1.2467558506695076,22.435898405629228,20.21645029484116,24.655346516417296
1994,Persons,15,70-74,39876,1062063,33726,1077888,1.199969228806153,1.1826954248933845,1.2174953244715876,19.996922880615298,18.25698887103584,21.736856890194755
1994,Persons,16,75-79,39407,670204,36239,712890,1.1566785345804742,1.1402955507969423,1.1732968978298506,15.667853458047421,14.017842067811292,17.31786484828355
1994,Persons,17,80-84,46483,512569,48396,584173,1.0946463295793494,1.0808010403242312,1.1086689799096385,9.464632957934938,8.071273605182473,10.857992310687404
1994,Persons,18,85+,62803,375472,72714,450225,1.0356533270576715,1.024654364833939,1.0467703556012784,3.5653327057671547,2.4595541774399043,4.671111234094405
1995,Persons,0,<1,1951,295419,1766,317599,1.1877014119611757,1.1136503279190744,1.2666764500580987,18.770141196117574,11.124117487146258,26.41616490508889
1995,Persons,1,01-04,355,1269571,328,1300745,1.1088930995914867,0.95432627381321,1.288494239405477,10.889309959148674,-5.756502823825526,27.535122742122887
1995,Persons,2,05-09,228,1602818,199,1579535,1.129085456029513,0.9335757755890037,1.365538824326355,12.908545602951293,-8.560011687426595,34.37710289332918
1995,Persons,3,10-14,263,1523031,248,1486326,1.0349262424730685,0.8700929889471579,1.2309860451300252,3.4926242473068525,-14.461829899362833,21.447078393976525
1995,Persons,4,15-19,593,1405351,555,1416120,1.0766559867019467,0.9589669694972645,1.208788363491647,7.665598670194673,-4.797617757902717,20.12881509829205
1995,Persons,5,20-24,960,1613552,946,1649907,1.0376636317452488,0.9485506878020032,1.1351484179952385,3.7663631745248782,-5.5509979980039255,13.083724347053671
1995,Persons,6,25-29,1209,1781287,1261,2017406,1.0858519710748464,1.0034787812725838,1.1749869803842388,8.585197107484642,0.018676217012147944,17.15171799795714
1995,Persons,7,30-34,1434,1835882,1632,2033887,0.9734441814535434,0.9067781485439173,1.0450114792988585,-2.655581854645661,-9.56145421788641,4.250290508595089
1995,Persons,8,35-39,1667,1635039,1917,1758872,0.9354479036301245,0.8760179379362211,0.9989096598495728,-6.455209636987547,-12.595385661885306,-0.31503361208978786
1995,Persons,9,40-44,2699,1530502,2555,1602985,1.1063882047055658,1.048121982960233,1.1678935080193318,10.638820470556576,4.653164551277689,16.624476389835465
1995,Persons,10,45-49,4567,1674772,4273,1750373,1.1170510803780422,1.0714110095101017,1.16463533144419,11.705108037804223,7.045243578889626,16.36497249671882
1995,Persons,11,50-54,6382,1374115,5647,1403296,1.1541578744140746,1.1135606548141999,1.1962351519094174,15.415787441407458,11.282945854514903,19.548629028300013
1995,Persons,12,55-59,9652,1259513,8215,1250911,1.166899631258081,1.1330674693440856,1.2017419847191317,16.689963125808106,13.256732703897223,20.123193547718987
1995,Persons,13,60-64,15491,1162780,12765,1155111,1.2055488169292568,1.1776318405302868,1.234127594023858,20.554881692925676,17.73035244013692,23.37941094571443
1995,Persons,14,65-69,25823,1112040,20708,1097829,1.2310702284327428,1.208766701455639,1.2537852883508347,23.107022843274283,20.85621890019396,25.357826786354607
1995,Persons,15,70-74,38812,1030312,33096,1037901,1.181347555972555,1.1641498276052482,1.1987993425838974,18.134755597255502,16.402341942780872,19.867169251730132
1995,Persons,16,75-79,40734,706842,38101,752288,1.1378433403452477,1.1220591780061466,1.153849540688788,13.78433403452477,12.194867594629844,15.373800474419696
1995,Persons,17,80-84,47663,519308,49339,587307,1.0925245263843486,1.0788579055243563,1.1063642715499369,9.25245263843486,7.877170658763011,10.627734618106711
1995,Persons,18,85+,66828,387670,78165,465259,1.0260740882116495,1.015533071147605,1.0367245187885585,2.607408821164947,1.5478552696392534,3.666962372690641
1996,Persons,0,<1,1900,288697,1836,313966,1.125437218204131,1.0555152403305075,1.1999911358195516,12.5437218204131,5.324878109059994,19.762565531766207
1996,Persons,1,01-04,360,1234098,342,1288503,1.099036662702979,0.9478438638058287,1.2743465797366214,9.903666270297906,-6.36202422587957,26.16935676647538
1996,Persons,2,05-09,196,1616793,189,1607764,1.0312456912015422,0.8444690024887428,1.2593329920785614,3.124569120154219,-17.481238711981472,23.7303769522899
1996,Persons,3,10-14,253,1535039,203,1495094,1.213873884438494,1.0091742304076023,1.4600945633804583,21.387388443849396,-1.0309685752284636,43.80574546292726
1996,Persons,4,15-19,655,1422462,563,1448207,1.1844667507192699,1.0582848195398782,1.3256936673904531,18.44667507192699,5.104465986411055,31.788884157442922
1996,Persons,5,20-24,879,1528322,876,1585662,1.04107141643912,0.9480745986295434,1.1431903098060514,4.107141643911993,-5.634421811778189,13.848705099602189
1996,Persons,6,25-29,1167,1761933,1228,1988812,1.072696420067262,0.9900987016436451,1.1621847475558753,7.269642006726196,-1.3254602926623282,15.86474430611473
1996,Persons,7,30-34,1464,1845455,1664,2070441,0.9870681854985524,0.9201217101629633,1.0588855713999457,-1.2931814501447647,-8.225673791500544,5.6393108912110135
1996,Persons,8,35-39,1807,1675684,1932,1817025,1.0141911354978934,0.9511800603714554,1.081376389367144,1.4191135497893415,-5.086241086615029,7.924468186193723
1996,Persons,9,40-44,2567,1530753,2611,1614317,1.0368184047782454,0.9818456640176498,1.0948690246164607,3.6818404778245384,-1.966533219720512,9.330214175369589
1996,Persons,10,45-49,4583,1680060,4155,1748734,1.148094908879035,1.1008892292888541,1.1973247486901406,14.80949088790351,9.989131265161944,19.629850510645074
1996,Persons,11,50-54,6475,1424678,5663,1475623,1.1842732208318525,1.1427856670005716,1.2272669338429392,18.42732208318525,14.204153874307046,22.650490292063452
1996,Persons,12,55-59,9609,1250238,8044,1242403,1.1870689027174217,1.1524231476190097,1.2227562269207404,18.70689027174217,15.190750485663962,22.22303005782038
1996,Persons,13,60-64,15132,1158323,12260,1151618,1.227113197381478,1.1982331576998961,1.2566893091811195,22.711319738147793,19.78878845672769,25.6338510195679
1996,Persons,14,65-69,24485,1104394,20331,1098665,1.1980711738346363,1.1759965261960845,1.2205601850002152,19.807117383463634,17.579062873840922,22.035171893086346
1996,Persons,15,70-74,37408,1004348,31326,1009832,1.2006722007595734,1.1827836104315212,1.2188313407140345,20.067220075957337,18.26490124794711,21.869538903967566
1996,Persons,16,75-79,42308,747095,38314,786085,1.161873055011652,1.1459233213111786,1.1780447878637137,16.187305501165206,14.581283317004612,17.7933276853258
1996,Persons,17,80-84,46979,514045,48671,583559,1.0957642592880688,1.081961089361584,1.1097435238097222,9.576425928806875,8.1873414116296,10.965510445984151
1996,Persons,18,85+,68350,396049,79865,474353,1.0250256977149554,1.0146103552969115,1.0355479573915498,2.502569771495544,1.4557078658546496,3.5494316771364387
1997,Persons,0,<1,1874,292718,1716,321276,1.198619000687886,1.1226392010589354,1.279741084628849,19.861900068788607,12.012417695859966,27.711382441717248
1997,Persons,1,01-04,354,1196806,301,1274672,1.252597252166804,1.074169950111652,1.4606626036901724,25.25972521668041,6.010941301326067,44.508509132034746
1997,Persons,2,05-09,226,1620655,187,1626105,1.212620328114844,0.9990276437478784,1.471879251149575,21.2620328114844,-2.2332630789076102,44.75732870187641
1997,Persons,3,10-14,264,1552127,233,1515939,1.106630098526488,0.9278737215200623,1.319824181418275,10.663009852648809,-8.83349759221862,30.159517297516224
1997,Persons,4,15-19,680,1447740,613,1485351,1.1381171229113336,1.0204191379493752,1.269390721215809,13.811712291133361,1.3878222917191874,26.235602290547533
1997,Persons,5,20-24,968,1436786,837,1535626,1.2360705758873165,1.126850155831392,1.3558772305862947,23.60705758873165,12.17202161537676,35.04209356208654
1997,Persons,6,25-29,1101,1731096,1184,1949730,1.0473430082616617,0.964830190337892,1.1369123685593148,4.734300826166171,-3.86015929395227,13.328760946284612
1997,Persons,7,30-34,1446,1841766,1504,2099931,1.0962031106834766,1.0198601272911656,1.1782608494204436,9.620311068347664,1.7071492855748494,17.53347285112048
1997,Persons,8,35-39,1838,1713168,1838,1871090,1.0921812688539594,1.0238012607065448,1.1651283992483361,9.21812688539594,2.1566906844085354,16.27956308638334
1997,Persons,9,40-44,2624,1545153,2497,1641000,1.1160467316483584,1.056538045239971,1.1789071986897353,11.604673164835845,5.48927620914017,17.720070120531517
1997,Persons,10,45-49,4369,1603405,3906,1666274,1.1623930108045013,1.113291198539016,1.2136604630848533,16.23930108045013,11.222395578846722,21.256206582053537
1997,Persons,11,50-54,6756,1536871,6044,1605245,1.1675328137266718,1.1277120615403178,1.2087596804335368,16.753281372667182,12.701713644199586,20.80484910113478
1997,Persons,12,55-59,9335,1249037,7931,1250634,1.1785317855477802,1.1437790706028186,1.2143404309841164,17.853178554778015,14.325637282523807,21.380719827032223
1997,Persons,13,60-64,14652,1163431,11958,1157819,1.2193781299534605,1.1902773504427933,1.2491903868083059,21.93781299534605,18.99244759629046,24.88317839440164
1997,Persons,14,65-69,23663,1096209,19409,1097597,1.2207203700561706,1.1977684952336367,1.244112053205577,22.072037005617062,19.75499823807889,24.389075773155234
1997,Persons,15,70-74,35616,986021,29896,992143,1.1987266644794725,1.180438361667658,1.2172983044231507,19.872666447947253,18.029741910103624,21.71559098579088
1997,Persons,16,75-79,43378,783386,39349,820131,1.154099483494176,1.138458584637905,1.1699552673891593,15.4099483494176,13.835163080503566,16.98473361833164
1997,Persons,17,80-84,45024,501779,46862,567595,1.0867992635640147,1.072832622334045,1.1009477291188472,8.679926356401468,7.274210213599908,10.08564249920303
1997,Persons,18,85+,69436,404449,81729,484016,1.0167272456044316,1.0064940577688306,1.0270644759154655,1.6727245604431618,0.6442211943073817,2.701227926578942
1998,Persons,0,<1,1738,282177,1633,315532,1.190105290217305,1.1123701494746268,1.2732727523047604,19.010529021730505,10.97151372761962,27.049544315841388
1998,Persons,1,01-04,336,1180977,327,1272404,1.1070700729802372,0.9507185023324767,1.289134631840646,10.707007298023719,-6.148601040616663,27.56261563666409
1998,Persons,2,05-09,221,1604852,186,1625751,1.2036448763479588,0.990371343900332,1.4628462316499455,20.36448763479588,-3.1101576470660586,43.83913291665782
1998,Persons,3,10-14,253,1574695,222,1550707,1.1222790233452615,0.9371754718899749,1.3439427770135468,12.227902334526153,-8.000751097519576,32.45655576657187
1998,Persons,4,15-19,679,1478422,601,1505789,1.1506970665811598,1.031069457542633,1.2842042108339116,15.069706658115978,2.4383517164042967,27.70106159982766
1998,Persons,5,20-24,874,1376148,822,1508284,1.165353261139576,1.059496169353937,1.281786817668968,16.535326113957606,5.437575376166226,27.63307685174898
1998,Persons,6,25-29,1227,1690256,1167,1905729,1.1854476040610837,1.0941506284419638,1.2843624867037249,18.544760406108374,9.044340559556918,28.04518025265983
1998,Persons,7,30-34,1505,1828460,1597,2099880,1.0822824023509565,1.008696187560512,1.1612368648595581,8.228240235095651,0.6075052857435592,15.848975184447745
1998,Persons,8,35-39,1908,1748069,1908,1925154,1.1013032094270878,1.0335886483931123,1.1734540244612912,10.130320942708781,3.1417433911387294,17.118898494278834
1998,Persons,9,40-44,2680,1567489,2494,1674070,1.1476447037764137,1.0867368361367205,1.2119662482300837,14.76447037764137,8.506102058499643,21.022838696783097
1998,Persons,10,45-49,4186,1554839,3803,1617603,1.1451421933940455,1.0959496361648637,1.196542797057929,14.514219339404555,9.486177023867626,19.542261654941484
1998,Persons,11,50-54,6922,1602208,6281,1675465,1.1524424993159177,1.1137447447552788,1.1924848314515237,15.244249931591769,11.308010981722294,19.180488881461244
1998,Persons,12,55-59,9466,1267051,7832,1281716,1.222620099275845,1.186558826539679,1.259777327275472,22.262009927584494,18.60163173426317,25.922388120905815
1998,Persons,13,60-64,14477,1179942,11821,1173386,1.2178802821926589,1.1886461429734243,1.2478334199977565,21.788028219265886,18.828955519712842,24.74710091881893
1998,Persons,14,65-69,22670,1088613,18676,1094041,1.2199098456005657,1.1965088815736542,1.2437684787060956,21.99098456005657,19.628152444089064,24.353816676024074
1998,Persons,15,70-74,34816,975763,28725,981634,1.2193379268937405,1.200436279699885,1.2385371927723048,21.933792689374055,20.028824529926048,23.838760848822062
1998,Persons,16,75-79,45163,818997,40596,862044,1.1709724068157195,1.1553804008390902,1.1867748289030935,17.097240681571947,15.527566288133453,18.666915075010436
1998,Persons,17,80-84,43516,479908,43375,537276,1.1231788886337701,1.1083412884877908,1.1382151228831423,12.317888863377014,10.824241168597304,13.811536558156723
1998,Persons,18,85+,72015,415890,81367,499362,1.0627024306878141,1.052099068170866,1.0734126569974098,6.2702430687814115,5.204581487621085,7.335904649941738
1999,Persons,0,<1,1764,277994,1615,314204,1.2345319700977577,1.153949310113426,1.3207418834052984,23.45319700977577,15.119898201811544,31.78649581774
1999,Persons,1,01-04,330,1160394,321,1266362,1.1219184834078029,0.9621244740136001,1.3082518087927488,12.191848340780286,-5.046608366105176,29.43030504766575
1999,Persons,2,05-09,204,1590397,163,1629890,1.2826120341577254,1.0439246710947903,1.5758738879510978,28.261203415772542,1.8507700257238469,54.67163680582124
1999,Persons,3,10-14,266,1592257,197,1581622,1.3412351943835406,1.115559157201242,1.6125651741914195,34.12351943835405,9.413244569089386,58.833794307618724
1999,Persons,4,15-19,641,1495406,559,1501323,1.1512277266051252,1.0277821014006767,1.2895002517539778,15.122772660512517,2.064882339723928,28.180662981301108
1999,Persons,5,20-24,861,1368181,735,1516046,1.2980297197519919,1.1763513400901762,1.4322941590139864,29.80297197519919,17.026471783789688,42.57947216660869
1999,Persons,6,25-29,1172,1605610,1081,1898410,1.2818932664523552,1.1802010843688937,1.392347768816539,28.189326645235525,17.594060247844688,38.784593042626355
1999,Persons,7,30-34,1531,1806343,1477,2101973,1.2062063435573156,1.1229900497204661,1.295589167152523,20.62063435573156,11.998024176821565,29.243244534641555
1999,Persons,8,35-39,1946,1781362,1899,1989598,1.1445401263600172,1.074419603881561,1.2192369686067357,14.454012636001723,7.2179658489588405,21.690059423044605
1999,Persons,9,40-44,2726,1591603,2452,1716604,1.1990595620169282,1.1354001478176767,1.2662882209656903,19.90595620169282,13.364797404081251,26.44711499930439
1999,Persons,10,45-49,4161,1531268,3757,1603158,1.159529068231771,1.1094930562081775,1.2118216085727038,15.952906823177093,10.83813804967333,21.067675596680857
1999,Persons,11,50-54,7168,1629753,6052,1709731,1.2425248246058611,1.2007302614271098,1.2857741570757821,24.252482460586112,20.001117240951327,28.503847680220893
1999,Persons,12,55-59,9410,1299269,7825,1323569,1.2250471026105152,1.188857624594357,1.2623382081823944,22.50471026105152,18.831231629731505,26.178188892371534
1999,Persons,13,60-64,14205,1196146,11746,1194870,1.2080577798906522,1.1788863221081942,1.2379510833109764,20.80577798906522,17.852833999750708,23.75872197837974
1999,Persons,14,65-69,21742,1078913,18209,1087581,1.2036177433756141,1.1801513009012148,1.2275507988359786,20.36177433756141,17.991952559110903,22.73159611601192
1999,Persons,15,70-74,33282,968594,28104,978545,1.1964107516865983,1.1775638953988765,1.215559251047208,19.641075168659828,17.74138721151739,21.540763125802265
1999,Persons,16,75-79,46162,839379,42519,886837,1.14706302137723,1.1320500338249169,1.1622751077224507,14.706302137722993,13.19509216005219,16.217512115393795
1999,Persons,17,80-84,40956,467420,41539,519018,1.0948046311309172,1.0799637606801007,1.1098494449396101,9.48046311309172,7.986225291648563,10.974700934534876
1999,Persons,18,85+,73407,423867,84939,509375,1.0385761663862367,1.0283683557751306,1.0488853019718882,3.857616638623673,2.8317860089818403,4.883447268265506
2000,Persons,0,<1,1733,268435,1470,306608,1.3465595656557556,1.2561533869294426,1.44347233604272,34.655956565575565,25.29754455618707,44.01436857496406
2000,Persons,1,01-04,304,1145736,253,1260134,1.3215549714064738,1.1185270363061206,1.561435249895183,32.155497140647384,10.112438839372784,54.19855544192198
2000,Persons,2,05-09,193,1561463,164,1615462,1.2175267447353118,0.9887292194631149,1.4992693094988134,21.752674473531176,-3.590914165907122,47.09626311296948
2000,Persons,3,10-14,214,1600007,198,1597765,1.0792936051106796,0.8896175956709261,1.3094105733759571,7.929360511067962,-12.93018306193854,28.788904084074463
2000,Persons,4,15-19,662,1503332,525,1498995,1.2573146279635599,1.1212387300479434,1.4099049839489126,25.731462796355984,11.329663552795388,40.13326203991659
2000,Persons,5,20-24,863,1384126,815,1536191,1.175229749864345,1.0679375854938764,1.2933012038596616,17.52297498643449,6.271987955739067,28.773962017129918
2000,Persons,6,25-29,1128,1538405,1070,1891331,1.2960512646503313,1.192056936149081,1.4091179956790676,29.605126465033127,18.764717744353444,40.445535185712814
2000,Persons,7,30-34,1482,1779490,1484,2095055,1.1757478129920595,1.0940935872590531,1.2634960444460575,17.574781299205956,9.111967763742168,26.03759483466974
2000,Persons,8,35-39,2036,1812652,1999,2048818,1.1512083367612889,1.082310686602826,1.2244918682162373,15.120833676128886,8.016285182302285,22.225382169955488
2000,Persons,9,40-44,2656,1627358,2613,1768435,1.1045736007699354,1.0465029407019313,1.1658666135228464,10.457360076993538,4.4920765563774445,16.422643597609632
2000,Persons,10,45-49,4114,1515208,3694,1600371,1.1762938180534148,1.1251786550928584,1.2297310654870974,17.62938180534148,12.403480553617175,22.85528305706579
2000,Persons,11,50-54,6888,1645848,6329,1727165,1.1420947821545089,1.1037751913215763,1.1817447082342822,14.209478215450888,10.31175903087853,18.107197400023246
2000,Persons,12,55-59,9237,1337342,7980,1373005,1.1883864380724314,1.1533163227989716,1.224522967616617,18.838643807243137,15.278843956008403,22.398443658477873
2000,Persons,13,60-64,13800,1204442,11569,1206649,1.195028688420669,1.1658648549965567,1.224922048235721,19.50286884206689,16.550309580996526,22.455428103137255
2000,Persons,14,65-69,20442,1074702,17521,1084511,1.1773630409327478,1.1538433725282449,1.2013621286544893,17.73630409327478,15.36052751983128,20.112080666718278
2000,Persons,15,70-74,31294,966117,26847,981494,1.1841950472245633,1.1650433891131362,1.2036615313861139,18.419504722456324,16.488683161653395,20.350326283259257
2000,Persons,16,75-79,43282,819460,39716,859879,1.143540109504743,1.1280715152607161,1.1592208156624648,14.354010950474304,12.796594076873413,15.911427824075197
2000,Persons,17,80-84,40740,497292,41644,550144,1.0822647038340247,1.0675834946797684,1.0971478062390714,8.226470383402473,6.748300763173476,9.7046400036314715
2000,Persons,18,85+,72058,432540,84008,517344,1.0259228414513073,1.0157635306622692,1.0361837621058236,2.59228414513073,1.5712894265260902,3.6132788637353697
2001,Persons,0,<1,1522,259622,1541,297880,1.1332138341535636,1.0557243260976918,1.2163910238421358,13.321383415356358,5.294761770573775,21.34800506013894
2001,Persons,1,01-04,288,1123321,277,1243016,1.1504971830931552,0.975551115171801,1.3568164166079424,15.04971830931552,-3.9273764647321796,34.026813083363216
2001,Persons,2,05-09,189,1525596,179,1595192,1.1040333558218427,0.8999199602818796,1.3544422888291643,10.403335582184269,-12.165271621867769,32.9719427862363
2001,Persons,3,10-14,237,1617730,222,1620331,1.0692840117475255,0.8904053811835856,1.2840985936754354,6.928401174752552,-12.64673658430815,26.503538933813253
2001,Persons,4,15-19,598,1528791,620,1516209,0.9565781297010978,0.8549327095334959,1.070308467577236,-4.342187029890221,-15.088357511522798,6.403983451742357
2001,Persons,5,20-24,819,1414004,766,1572580,1.1890968869742877,1.0775353789355715,1.312208800056936,18.909688697428773,7.194976834623934,30.62440056023361
2001,Persons,6,25-29,1057,1461171,1006,1859297,1.3369794469144511,1.2263980302506576,1.4575317289985619,33.697944691445116,22.155602850727373,45.240286532162855
2001,Persons,7,30-34,1532,1763512,1485,2087050,1.2209187015142404,1.1368119257186973,1.311248098285764,22.091870151424043,13.377462677597185,30.8062776252509
2001,Persons,8,35-39,1994,1829786,2064,2089186,1.103042554508238,1.0372023619642825,1.1730621927545883,10.304255450823806,3.5155504552093486,17.092960446438266
2001,Persons,9,40-44,2695,1667383,2579,1820530,1.1409586311024926,1.080990607560097,1.2042533846113013,14.095863110249262,7.935717522782881,20.256008697715643
2001,Persons,10,45-49,4087,1518147,3701,1610820,1.1717062327169363,1.1207374472883198,1.2249929714666932,17.17062327169363,11.959565097684788,22.381681445702473
2001,Persons,11,50-54,7052,1646403,6113,1718420,1.2040681752363345,1.1635249979296132,1.2460240847396558,20.406817523633446,16.282669628148305,24.530965419118587
2001,Persons,12,55-59,9216,1389876,8362,1442908,1.1441814130020327,1.1108082525854412,1.178557237770099,14.418141300203269,11.03118670021046,17.80509590019608
2001,Persons,13,60-64,13224,1197962,11288,1197497,1.1710548354380892,1.1420085742693336,1.2008398697709808,17.10548354380892,14.164228016266556,20.046739071351283
2001,Persons,14,65-69,19328,1076328,16542,1083768,1.1764963543466749,1.152323684026221,1.20117610266832,17.649635434667488,15.207189951835609,20.092080917499366
2001,Persons,15,70-74,30104,966391,25560,986513,1.2023012309602314,1.1824243105139982,1.2225122886217712,20.230123096023146,18.225817027469304,22.234429164576987
2001,Persons,16,75-79,41661,803816,37557,840911,1.1604653647178444,1.1443935459316903,1.1767628955066687,16.046536471784446,14.428121456661614,17.664951486907277
2001,Persons,17,80-84,43211,534289,42129,584667,1.1223944624614575,1.107432816706633,1.1375582431361757,12.239446246145746,10.733220134422838,13.745672357868655
2001,Persons,18,85+,73214,435939,83860,522904,1.0472141872071103,1.0368837595717815,1.0576475364420337,4.721418720711035,3.683246882626978,5.759590558795091
2002,Persons,0,<1,1532,261149,1470,297923,1.1889322182506752,1.1068245047918288,1.2771309394350037,18.89322182506752,10.385163445713562,27.401280204421475
2002,Persons,1,01-04,277,1098381,251,1224068,1.229868222817233,1.0367633697286633,1.458940284407891,22.986822281723306,1.980265721484864,43.99337884196175
2002,Persons,2,05-09,161,1504477,174,1591862,0.9790311062310659,0.7901552875383364,1.2130551071222446,-2.096889376893407,-23.08084713607277,18.887068382285953
2002,Persons,3,10-14,244,1621121,215,1636863,1.1459040824793605,0.9539516386328525,1.3764808540239182,14.590408247936049,-6.4181639572237215,35.59898045309582
2002,Persons,4,15-19,628,1557256,585,1546743,1.0662570704577927,0.9526869002419467,1.193365984157548,6.625707045779272,-5.382844896224048,18.634258987782594
2002,Persons,5,20-24,833,1464949,803,1590550,1.1263004988837344,1.0222502306032952,1.2409415775206967,12.63004988837344,1.7125870035605617,23.54751277318632
2002,Persons,6,25-29,994,1395814,1002,1815089,1.2899980022102413,1.181634104330259,1.4082996078126993,28.99980022102413,17.681053949826175,40.31854649222208
2002,Persons,7,30-34,1467,1738202,1463,2059871,1.1882985462992426,1.1052852737689665,1.2775465924031204,18.82985462992426,10.22431265309811,27.435396606750405
2002,Persons,8,35-39,1915,1843360,2063,2121306,1.0682249353464133,1.0038107196730977,1.1367725908201722,6.822493534641327,0.17868406969903106,13.466302999583624
2002,Persons,9,40-44,2820,1712615,2581,1877514,1.1978006498471685,1.1355252035755448,1.2634914595084537,19.78006498471685,13.384791106244665,26.175338863189033
2002,Persons,10,45-49,4142,1533246,3818,1626355,1.1507412448401777,1.1012357309798242,1.2024722548714526,15.07412448401777,10.013929226511564,20.134319741523974
2002,Persons,11,50-54,6492,1579205,5793,1641677,1.1649953342081343,1.1244484755943347,1.2070042853758667,16.499533420813428,12.372606125077024,20.626460716549833
2002,Persons,12,55-59,9726,1498703,8533,1562267,1.188152543758404,1.1541077170535072,1.2232016529997052,18.815254375840397,15.361044175035698,22.269464576645092
2002,Persons,13,60-64,13074,1197735,11124,1200112,1.1776291252075581,1.148229535510638,1.207781470209595,17.762912520755812,14.785632964788388,20.74019207672324
2002,Persons,14,65-69,19079,1084934,16175,1089098,1.1840634072259995,1.1595166437798206,1.209129821337751,18.406340722599946,15.925863276836782,20.886818168363106
2002,Persons,15,70-74,29368,965182,24993,987416,1.2021175249177272,1.1820107353460125,1.2225663443668293,20.211752491772717,18.184068193565018,22.239436789980417
2002,Persons,16,75-79,40996,794170,36438,828665,1.1739577619235377,1.1575077693172156,1.1906415346079908,17.39577619235377,15.739142910668713,19.052409474038832
2002,Persons,17,80-84,45062,563644,44477,612804,1.1015182076023098,1.0871818357792216,1.1160436292699463,10.15182076023098,8.708772363044591,11.594869157417364
2002,Persons,18,85+,74762,434444,85267,520497,1.0504716948188355,1.0402062417891045,1.0608384542257754,5.047169481883551,4.015575440969421,6.078763522797681
2003,Persons,0,<1,1666,267465,1479,308433,1.2989747288881497,1.2111273530425979,1.393193987445757,29.897472888814967,20.80157632931825,38.99336944831169
2003,Persons,1,01-04,296,1082602,250,1208710,1.3219194496222988,1.1170884845022337,1.564308517662664,32.19194496222988,9.93623129033352,54.44765863412624
2003,Persons,2,05-09,174,1488810,165,1591991,1.1276300352142132,0.9113191355403016,1.3952845350529517,12.763003521421323,-11.253288701848641,36.7792957446913
2003,Persons,3,10-14,216,1610449,221,1640049,0.9953396965719034,0.8251397589623526,1.2006464369353578,-0.4660303428096646,-19.131765633463992,18.199704947844666
2003,Persons,4,15-19,608,1588434,523,1587238,1.1616485865315536,1.033497007695355,1.3056907069328725,16.164858653155356,2.5861175476531884,29.743599758657524
2003,Persons,5,20-24,856,1521607,810,1603735,1.1138298579343913,1.0117976110278128,1.2261512963703205,11.382985793439126,0.6817721701714463,22.084199416706806
2003,Persons,6,25-29,934,1361953,906,1782415,1.3491659941930323,1.231324679909666,1.4782850612727203,34.91659941930323,22.585754604296483,47.247444234309974
2003,Persons,7,30-34,1465,1702523,1419,2030128,1.23107826189309,1.1444073672363968,1.3243131163735755,23.107826189309,14.120523848061017,32.095128530556984
2003,Persons,8,35-39,1999,1843705,1985,2123646,1.159959893757079,1.0901115932878067,1.2342836856425385,15.995989375707897,8.79201669587928,23.199962055536517
2003,Persons,9,40-44,2919,1752845,2754,1926374,1.1648426211502743,1.1057445198990723,1.2270993051560317,16.484262115027427,10.41926357561669,22.549260654438164
2003,Persons,10,45-49,4037,1560323,3739,1661119,1.149448504928807,1.0994344201569901,1.2017377674008138,14.9448504928807,9.831369926499756,20.058331059261647
2003,Persons,11,50-54,6276,1532019,5743,1588179,1.1328682788323552,1.0930383120148233,1.1741496369133473,13.286827883235519,9.232127391444966,17.341528375026073
2003,Persons,12,55-59,10120,1562958,8836,1624710,1.19056565788146,1.1570704540122696,1.2250304904179008,19.056565788146006,15.659025130082238,22.454106446209778
2003,Persons,13,60-64,13114,1216537,10966,1227500,1.206654998826284,1.1764360081338041,1.2376502216233225,20.665499882628403,17.60511732130594,23.725882443950862
2003,Persons,14,65-69,19058,1101546,16065,1100921,1.185632542071989,1.1610020902870082,1.2107855244882304,18.56325420719891,16.074265318512857,21.05224309588496
2003,Persons,15,70-74,28239,963613,24314,986371,1.1888595365633294,1.1686473038720988,1.2094213480787364,18.885953656332944,16.847351352001994,20.924555960663895
2003,Persons,16,75-79,40032,789686,35268,821387,1.1806463865670567,1.1638670488766478,1.1976676300435263,18.064638656705668,16.37466730842352,19.754610004987818
2003,Persons,17,80-84,48335,588442,46702,643414,1.1316524994674833,1.1173517677324436,1.1461362630229965,13.165249946748325,11.726063977317214,14.604435916179437
2003,Persons,18,85+,75434,426473,86204,507207,1.0407188400999032,1.030598532246209,1.050938527709971,4.071884009990323,3.054900422291129,5.088867597689517
2004,Persons,0,<1,1597,278643,1471,318444,1.2407296951997766,1.1558874599293418,1.3317993575643021,24.07296951997766,15.284725017242295,32.86121402271303
2004,Persons,1,01-04,281,1073861,241,1205042,1.308408603119358,1.1015649949910609,1.5540917517360306,30.840860311935803,8.325804250322966,53.35591637354864
2004,Persons,2,05-09,147,1472200,142,1587666,1.1164038394201645,0.8864681412596936,1.4059811905941468,11.640383942016452,-14.106428811307381,37.38719669534029
2004,Persons,3,10-14,230,1600549,175,1638685,1.3456009692388584,1.1054284276333897,1.6379549531695656,34.560096923885844,8.10453857085398,61.0156552769177
2004,Persons,4,15-19,596,1604583,539,1613989,1.1122332609533423,0.9899182717547849,1.2496615751702596,11.22332609533423,-1.7345065926727354,24.181158783341196
2004,Persons,5,20-24,843,1573501,800,1633103,1.0936645647190564,0.9928177348724351,1.2047550503072022,9.366456471905638,-1.213897883260806,19.94681082707208
2004,Persons,6,25-29,917,1370558,901,1782771,1.3238619091797958,1.2075733467118461,1.4513489879098713,32.38619091797958,20.21456394140182,44.55781789455735
2004,Persons,7,30-34,1382,1647439,1269,1988180,1.3142947672434593,1.2178615773928543,1.418363767499275,31.42947672434593,21.414063293285434,41.44489015540642
2004,Persons,8,35-39,2059,1836331,1966,2111977,1.2045117797152345,1.132321519223841,1.2813044730151006,20.45117797152345,13.006770518320621,27.895585424726278
2004,Persons,9,40-44,2853,1793316,2666,1974868,1.1784817896356614,1.1178760149527411,1.2423733132529768,17.84817896356614,11.626205048507998,24.070152878624285
2004,Persons,10,45-49,3985,1587757,3641,1698276,1.1706629747975186,1.1192241562824734,1.2244658881503774,17.066297479751857,11.805981257757757,22.326613701745956
2004,Persons,11,50-54,6153,1509471,5337,1563893,1.1944609999281102,1.1514619235029584,1.23906579212699,19.446099992811018,15.066887681300223,23.825312304321812
2004,Persons,12,55-59,9730,1590175,8441,1651938,1.197478603204657,1.1630717753495643,1.232903278649331,19.747860320465694,16.256779706738357,23.23894093419303
2004,Persons,13,60-64,12689,1248705,10801,1262819,1.1880772727189197,1.1579793471816082,1.2189574964240306,18.80772727189197,15.759154361615813,21.85630018216813
2004,Persons,14,65-69,18791,1117376,15393,1115996,1.2192420211494785,1.1935379319387576,1.2454996748381038,21.924202114947853,19.32631155088158,24.52209267901413
2004,Persons,15,70-74,26454,959552,22989,979823,1.175033865851913,1.1544502711341653,1.1959844615415505,17.503386585191304,15.426785161962698,19.579988008419914
2004,Persons,16,75-79,37684,789407,33262,821021,1.1783164164322353,1.1610687155439654,1.1958203322903418,17.831641643223527,16.09412377355015,19.569159512896906
2004,Persons,17,80-84,47391,598851,45966,656892,1.1309264302881306,1.1165081215235215,1.1455309335135089,13.092643028813056,11.641542247029735,14.543743810596377
2004,Persons,18,85+,71186,429647,79749,507295,1.0539454721573547,1.0433476513113942,1.0646509405420257,5.394547215735468,4.329400886070189,6.4596935454007465
2005,Persons,0,<1,1626,283536,1452,323240,1.2766469580611508,1.1894219908883488,1.3702684732686952,27.66469580611508,18.629915114573215,36.699476497656946
2005,Persons,1,01-04,244,1081762,239,1219449,1.1508635775296678,0.9628447102619536,1.3755977053911872,15.086357752966784,-5.442255778929916,35.614971284863486
2005,Persons,2,05-09,148,1453568,135,1577157,1.189508421881727,0.9420226826542553,1.502012968244916,18.95084218817269,-8.796351670606084,46.698036046951465
2005,Persons,3,10-14,229,1582290,196,1634723,1.2070840203058832,0.9974869712743258,1.460722670108039,20.708402030588324,-2.3135561237042745,43.73036018488092
2005,Persons,4,15-19,597,1612956,534,1635333,1.1334875501525274,1.0085932605519758,1.2738475226848585,13.348755015252745,0.11611999379936844,26.58139003670612
2005,Persons,5,20-24,797,1619993,769,1673734,1.0707924048190813,0.9697906625370611,1.1823132749274263,7.079240481908133,-3.5295262873389355,17.688007251155202
2005,Persons,6,25-29,884,1419371,855,1828891,1.3322264300411366,1.2126846897194394,1.46355213020028,33.222643004113664,20.697730004415284,45.747556003812036
2005,Persons,7,30-34,1274,1599667,1308,1968552,1.1986130163799056,1.1096152682882137,1.2947489135145638,19.861301637990557,10.61379623032337,29.10880704565775
2005,Persons,8,35-39,1991,1819830,1859,2095166,1.233046594149977,1.157513682046688,1.3135083644596897,23.304659414997708,15.51011745763644,31.099201372358976
2005,Persons,9,40-44,3023,1832819,2660,2031018,1.2593623474799556,1.1954227000110162,1.3267219388050844,25.936234747995556,19.374242514124717,32.498226981866395
2005,Persons,10,45-49,4044,1625686,3765,1745589,1.1533244451782594,1.1032502319371018,1.205671421895132,15.332444517825937,10.213066300472118,20.45182273517976
2005,Persons,11,50-54,6035,1495027,5156,1558780,1.2203942552852582,1.1758646170197657,1.2666102175164138,22.039425528525825,17.50319014017583,26.57566091687582
2005,Persons,12,55-59,9700,1605172,8566,1664952,1.1745562122551856,1.1409142298604023,1.2091901911996037,17.45562122551856,14.042303610089535,20.868938840947582
2005,Persons,13,60-64,12964,1283539,10695,1306225,1.2335795349656284,1.2023968354259642,1.2655709198926228,23.357953496562843,20.199594348004958,26.51631264512073
2005,Persons,14,65-69,18201,1124778,15062,1123733,1.2072825625028594,1.18149697455799,1.2336309081694836,20.728256250285938,18.121762063309397,23.334750437262475
2005,Persons,15,70-74,25658,959080,22010,978556,1.1894155384446972,1.168189088818648,1.2110276809076679,18.941553844469716,16.79973999341535,21.083367695524082
2005,Persons,16,75-79,36636,792994,32524,827253,1.1750938339184787,1.1576773039902626,1.1927723846306342,17.509383391847866,15.754694569022298,19.264072214673433
2005,Persons,17,80-84,45992,590438,44569,644473,1.1263667784617422,1.1117879357833735,1.1411367930776717,12.636677846174216,11.169276490196168,14.104079202152263
2005,Persons,18,85+,74168,452849,83113,533855,1.0520042903402167,1.0416404459051245,1.062471250271541,5.20042903402167,4.158905830338533,6.2419522377048064
2006,Persons,0,<1,1696,290662,1496,332143,1.2954811581322179,1.2084787440882556,1.388747166042854,29.548115813221788,20.541950947717,38.55428067872657
2006,Persons,1,01-04,238,1099852,286,1240458,0.9385528641628553,0.7902664455542301,1.1146639007436523,-6.144713583714467,-22.284915336886645,9.995488169457722
2006,Persons,2,05-09,143,1426054,153,1561049,1.0231166937540734,0.8145479699395408,1.2850903908286238,2.3116693754073436,-21.012885458102204,25.636224208916893
2006,Persons,3,10-14,208,1554908,187,1627067,1.1639182215350974,0.955305734525448,1.418085935697203,16.39182215350974,-6.597417925888205,39.381062232907695
2006,Persons,4,15-19,610,1632448,520,1658581,1.1918560935195768,1.060273858601149,1.339767962905246,19.185609351957677,5.242728216343329,33.12849048757202
2006,Persons,5,20-24,812,1653840,713,1701507,1.17167387874869,1.059545758952662,1.2956681356537187,17.167387874869,5.381156524881181,28.95361922485682
2006,Persons,6,25-29,923,1470779,861,1873746,1.3657205616555712,1.2446039734128713,1.4986234114408297,36.57205616555712,23.889321166440382,49.25479116467386
2006,Persons,7,30-34,1273,1536748,1146,1934123,1.3980580963310791,1.2908130977547632,1.5142133621952307,39.80580963310791,28.64764631348924,50.963972952726586
2006,Persons,8,35-39,1982,1810333,1852,2079052,1.2290500009545038,1.1536108388672683,1.3094224273494952,22.90500009545038,15.119628238264958,30.690371952635797
2006,Persons,9,40-44,2949,1851830,2683,2065999,1.2262614946862336,1.1637849409308751,1.2920920356190029,22.626149468623357,16.213717609167677,29.03858132807904
2006,Persons,10,45-49,4164,1668545,3635,1799333,1.235321291446493,1.181565816423486,1.2915223780933165,23.532129144649303,18.036114385740486,29.028143903558124
2006,Persons,11,50-54,5944,1497336,5194,1569696,1.1997013310965652,1.1558600158496046,1.2452055301670228,19.97013310965652,15.503889109155633,24.4363771101574
2006,Persons,12,55-59,9777,1610318,8457,1661996,1.1931845227879192,1.1589559590753207,1.2284239916731028,19.31845227879192,15.845541029161225,22.791363528422615
2006,Persons,13,60-64,12870,1331242,11176,1371061,1.1860197478603456,1.1563410005108006,1.2164602324862208,18.60197478603456,15.596334915874532,21.607614656194585
2006,Persons,14,65-69,17399,1114616,14617,1110427,1.185852794375333,1.1600591593688674,1.2122199446214945,18.5852794375333,15.977450376034085,21.19310849903251
2006,Persons,15,70-74,24702,960908,21044,978302,1.1950744362523988,1.1733018061510734,1.2172510948986768,19.507443625239883,17.310102998603895,21.704784251875875
2006,Persons,16,75-79,35372,798347,31260,834854,1.1832853219016255,1.1654178559756627,1.2014267207667297,18.328532190162548,16.528158415100002,20.128905965225098
2006,Persons,17,80-84,43934,583639,42110,633443,1.1323449324373414,1.1173099539495266,1.147582227728412,13.234493243734136,11.720924626235796,14.748061861232475
2006,Persons,18,85+,75029,477961,82911,561983,1.064014930516416,1.053558428598313,1.074575212566114,6.4014930516415935,5.350670935421453,7.452315167861734
2007,Persons,0,<1,1625,297019,1502,345584,1.2587886783697981,1.1735049273463807,1.3502703737044264,25.878867836979815,17.047841272320575,34.709894401639055
2007,Persons,1,01-04,276,1129507,262,1276910,1.19091057608414,1.0056737890917882,1.4102664458520682,19.09105760841401,-1.0425302682579463,39.22464548508597
2007,Persons,2,05-09,157,1396923,125,1540574,1.3851593423545894,1.0951211493782749,1.7520129209462068,38.515934235458936,5.971589750146111,71.06027872077176
2007,Persons,3,10-14,193,1537122,185,1630346,1.1065142836083595,0.9044272351725403,1.3537560703772298,10.651428360835947,-11.66344759516006,32.966304316831966
2007,Persons,4,15-19,564,1648993,491,1683573,1.172764340038259,1.0391331653969995,1.3235803100749963,17.2764340038259,3.088709227326447,31.464158780325356
2007,Persons,5,20-24,799,1679376,762,1739740,1.086246060622792,0.9836188794581928,1.199580984932371,8.624606062279195,-2.155793605948708,19.405005730507096
2007,Persons,6,25-29,869,1531532,887,1927586,1.2330589634616909,1.122936841193176,1.3539803411896991,23.305896346169085,11.770554384981779,34.84123830735639
2007,Persons,7,30-34,1209,1474038,1186,1895583,1.310918636076998,1.2100047684176365,1.4202486760951583,31.0918636076998,20.590901949830265,41.59282526556933
2007,Persons,8,35-39,1928,1789792,1773,2062499,1.253110814677859,1.174845713624943,1.3365897288909074,25.31108146778589,17.229484105938898,33.392678829632885
2007,Persons,9,40-44,2906,1861562,2736,2096463,1.196159830509813,1.1353088326495266,1.2602723584790043,19.61598305098129,13.370644661813436,25.861321440149144
2007,Persons,10,45-49,4048,1710260,3659,1847757,1.195255668786259,1.1429936972538983,1.2499072542552594,19.5255668786259,14.181669540332798,24.869464216919003
2007,Persons,11,50-54,5795,1515040,5078,1593149,1.2000325879163911,1.155661986417755,1.2461067587116632,20.003258791639112,15.482089836813806,24.52442774646442
2007,Persons,12,55-59,9322,1537402,7987,1583681,1.202280155491453,1.1668822001915262,1.2387519254739674,20.228015549145304,16.635064108949415,23.820966989341198
2007,Persons,13,60-64,13573,1436547,11553,1487367,1.216408308471668,1.1866001284084535,1.2469652897337098,21.640830847166793,18.62288240789165,24.658779286441934
2007,Persons,14,65-69,17163,1114801,14348,1115620,1.1970733882184081,1.1708245508169122,1.2239107010361818,19.707338821840814,17.053248763593707,22.36142888008792
2007,Persons,15,70-74,24131,970421,20287,985825,1.2083622015054891,1.1860116447139877,1.2311339576934017,20.83622015054891,18.580235561661816,23.092204739436006
2007,Persons,16,75-79,34492,802872,30461,841805,1.1872424310045606,1.1690863667095088,1.205680461354536,18.72424310045606,16.894610789543883,20.55387541136824
2007,Persons,17,80-84,43616,581070,40879,629920,1.156651470641652,1.1411499452448504,1.1723635707229014,15.665147064165197,14.104513143622665,17.22578098470773
2007,Persons,18,85+,78338,497881,85556,584953,1.0757650418945641,1.0653887878164927,1.086242354525085,7.576504189456412,6.5338421787785705,8.619166200134254
2008,Persons,0,<1,1674,309098,1510,358742,1.2866621824947693,1.2002006059956842,1.3793523879191874,28.666218249476927,19.71584932563406,37.61658717331979
2008,Persons,1,01-04,252,1159737,263,1315128,1.0865589753434033,0.9141510532024819,1.291482849320532,8.65589753434033,-10.117152809851603,27.428947878532274
2008,Persons,2,05-09,141,1380069,150,1531985,1.0434738408007136,0.8291542506572542,1.3131907067620925,4.347384080071359,-19.642544003725014,28.337312163867743
2008,Persons,3,10-14,168,1520716,135,1630026,1.3338958753639734,1.0634923587515406,1.673052177264121,33.389587536397336,3.1707474720582773,63.60842760073639
2008,Persons,4,15-19,565,1648756,487,1688413,1.1880693306781984,1.0524673029813398,1.341142599394528,18.80693306781984,4.408440660584301,33.205425475055385
2008,Persons,5,20-24,824,1694726,757,1770679,1.137291194214799,1.0304272621501929,1.2552378105170858,13.729119421479897,2.5068126268801505,24.951426216079643
2008,Persons,6,25-29,952,1584755,868,1979291,1.369823909893063,1.2494431321594155,1.501803079962272,36.98239098930629,24.382169740979577,49.58261223763301
2008,Persons,7,30-34,1243,1444173,1147,1890732,1.4187911279199354,1.3093836603125493,1.5373402965665754,41.87911279199354,30.493505175097656,53.26472040888943
2008,Persons,8,35-39,1979,1754001,1829,2040531,1.2587672905465865,1.1812339305986437,1.3413897541420776,25.876729054658654,17.87432933682187,33.879128772495434
2008,Persons,9,40-44,2975,1857870,2795,2097602,1.2017466613742844,1.14127397751068,1.2654236113174888,20.174666137428442,13.969941520436159,26.37939075442073
2008,Persons,10,45-49,4207,1750055,3834,1900465,1.1915947512355327,1.140572549533461,1.24489937247119,19.15947512355327,13.944798597378472,24.37415164972807
2008,Persons,11,50-54,5944,1541909,5114,1631440,1.2297885349707187,1.1846640034365772,1.2766318857989967,22.97885349707187,18.381530240540854,27.576176753602887
2008,Persons,12,55-59,8833,1493583,7581,1536111,1.1983259691648644,1.162112138513058,1.2356682980803202,19.832596916486445,16.155366079133906,23.509827753838984
2008,Persons,13,60-64,13843,1501027,11856,1554252,1.2089962641745293,1.1797048709165516,1.2390149458756978,20.899626417452932,17.934419957035395,23.86483287787047
2008,Persons,14,65-69,17138,1135355,14136,1146510,1.224277229759457,1.1973148946396408,1.2518467297265228,22.427722975945706,19.701356569047345,25.15408938284407
2008,Persons,15,70-74,24438,989498,20257,1002485,1.2222315627955174,1.1996797820048992,1.2452072757257422,22.223156279551738,19.946913178156535,24.49939938094694
2008,Persons,16,75-79,34103,806084,30021,846118,1.1923892824085849,1.174036090157024,1.2110293820803237,19.23892824085849,17.389337817472537,21.08851866424444
2008,Persons,17,80-84,43035,582413,40156,629904,1.159083350945926,1.1434276275957331,1.1749534312590804,15.908335094592596,14.332093495259324,17.484576693925867
2008,Persons,18,85+,80965,510074,89588,601540,1.0658075774301823,1.055725992443965,1.0759854358401495,6.5807577430182285,5.567800823075131,7.593714662961326
2009,Persons,0,<1,1609,306101,1501,356705,1.249164980078325,1.164324271441408,1.3401877687582042,24.91649800783251,16.13056883056654,33.702427185098486
2009,Persons,1,01-04,229,1190737,221,1358362,1.1820691513853372,0.9825998031689785,1.422031099691314,18.20691513853372,-3.6400609764923986,40.053891253559826
2009,Persons,2,05-09,118,1375090,149,1536682,0.8850108993476009,0.6951073924762466,1.1267960899880871,-11.498910065239908,-32.874897399275504,9.877077268795675
2009,Persons,3,10-14,181,1503532,149,1625307,1.3131521121442777,1.0571956460405139,1.6310779145631258,31.315211214427773,2.8446743787880147,59.78574805006753
2009,Persons,4,15-19,534,1654855,487,1700160,1.12652839668571,0.9963373834441941,1.2737314183196642,12.652839668571003,-1.1820588176675195,26.487738154809513
2009,Persons,5,20-24,791,1692085,646,1773982,1.2837220436570775,1.1569929616959915,1.4243321609800015,28.372204365707752,15.029282172979874,41.715126558435635
2009,Persons,6,25-29,901,1602587,935,1993111,1.1984586399138621,1.0936662760768792,1.3132919456348122,19.845863991386214,8.879888787552414,30.811839195220013
2009,Persons,7,30-34,1127,1452050,1101,1916122,1.3507599744430976,1.2431069583966063,1.4677357376479299,35.075997444309756,23.857460298180477,46.29453459043904
2009,Persons,8,35-39,1946,1698297,1730,2011969,1.3326140115861254,1.2490410487488266,1.4217788163604053,33.261401158612536,24.630547986421103,41.892254330803965
2009,Persons,9,40-44,3067,1851729,2711,2096287,1.2807299668203922,1.2162374288294207,1.3486423037403608,28.072996682039218,21.45569758776915,34.690295776309284
2009,Persons,10,45-49,4150,1790109,3788,1956747,1.1975490952845724,1.1459494076251928,1.2514722081744456,19.754909528457244,14.48047492336293,25.029344133551557
2009,Persons,11,50-54,5641,1569621,5080,1672692,1.1833509580804717,1.1393288186085533,1.2290740540559324,18.335095808047175,13.848908730027865,22.821282886066484
2009,Persons,12,55-59,8651,1475654,7439,1522716,1.2000134812372132,1.1633935581171433,1.2377860828812128,20.001348123721318,16.282317255186097,23.720378992256542
2009,Persons,13,60-64,13437,1527504,11681,1585301,1.1938552418797899,1.1646180174722869,1.223826453979592,19.385524187978987,16.425405672143988,22.345642703813983
2009,Persons,14,65-69,16646,1171003,13921,1188255,1.2133639834712027,1.1863552379154847,1.2409876142764478,21.336398347120266,18.605010218560956,24.067786475679576
2009,Persons,15,70-74,23374,1007696,19912,1020821,1.1891543176880675,1.1668881220512846,1.2118453899336412,18.915431768806744,16.667702222796944,21.16316131481655
2009,Persons,16,75-79,32116,807643,28431,846943,1.1845790933585851,1.1658227361328573,1.2036372125293118,18.457909335858513,16.567265786380148,20.34855288533688
2009,Persons,17,80-84,40799,586821,38829,635368,1.1376613487267015,1.1219618726884644,1.1535805056238655,13.766134872670154,12.185254103226995,15.347015642113316
2009,Persons,18,85+,78231,521487,86982,614250,1.0593785399232616,1.049196618083856,1.069659272157742,5.937853992326159,4.914737193280505,6.960970791371812
2010,Persons,0,<1,1502,308611,1464,363440,1.2082315663167167,1.1243147600480428,1.2984117701894862,20.82315663167167,12.125819236652102,29.520494026691235
2010,Persons,1,01-04,243,1213328,237,1395115,1.1789346055548109,0.9857765940426134,1.409940966923176,17.893460555481088,-3.2020041167500013,38.98892522771218
2010,Persons,2,05-09,139,1382690,128,1551661,1.2186439962591036,0.9585196703598307,1.5493612030526722,21.86439962591036,-7.395724917562196,51.12452416938291
2010,Persons,3,10-14,141,1487188,161,1622051,0.9551946232530518,0.7619250395202471,1.197488887969922,-4.480537674694817,-26.074329868629142,17.113254519239508
2010,Persons,4,15-19,467,1643470,398,1699661,1.2134847893382101,1.061609477471033,1.3870875921935992,21.348478933821013,5.122964103196237,37.57399376444579
2010,Persons,5,20-24,653,1711495,717,1804043,0.9599868316778992,0.8634159388479039,1.067358935051247,-4.001316832210078,-14.179387507677433,6.1767538432572655
2010,Persons,6,25-29,811,1612432,846,2011172,1.1956891730216033,1.0858917840042295,1.3165884663103014,19.568917302160326,8.051900149075731,31.085934455244924
2010,Persons,7,30-34,1101,1484062,1074,1955011,1.350455251350045,1.2415761471963613,1.4688824282079909,35.045525135004496,23.69358480023265,46.39746546977634
2010,Persons,8,35-39,1804,1645593,1658,1986275,1.3133151438289359,1.2285965659108165,1.4038755396746088,31.331514382893587,22.57405714111165,40.08897162467553
2010,Persons,9,40-44,2842,1829532,2722,2074907,1.1841168972868281,1.1234818321189426,1.2480244774369804,18.411689728682813,12.187424173900062,24.63595528346556
2010,Persons,10,45-49,4163,1827908,3727,2008930,1.2276017216298944,1.1745246643982123,1.2830773440767385,22.760172162989445,17.334304963937065,28.186039362041825
2010,Persons,11,50-54,5730,1607033,5197,1719003,1.1793799621792604,1.1359210032364844,1.2245016081460538,17.937996217926045,13.510006351800241,22.365986084051848
2010,Persons,12,55-59,8368,1462461,7266,1520219,1.1971488170261564,1.1601085716230504,1.2353716929287535,19.71488170261564,15.952345101395116,23.47741830383616
2010,Persons,13,60-64,13617,1547149,11678,1604397,1.2091847653971386,1.1796601462632665,1.2394483288259088,20.918476539713858,17.929371850424893,23.90758122900283
2010,Persons,14,65-69,16794,1208433,14175,1234142,1.209967310282545,1.1832182002723255,1.237321139596587,20.9967310282545,18.291809369931954,23.701652686577045
2010,Persons,15,70-74,23102,1017178,19899,1030711,1.1764088418391545,1.154318451262735,1.198921980016364,17.64088418391545,15.410841307224876,19.870927060606025
2010,Persons,16,75-79,31523,813192,28052,851556,1.1767489719437358,1.1579693201930537,1.1958331873073973,17.674897194373585,15.78178549979472,19.56800888895245
2010,Persons,17,80-84,40466,596763,38409,646590,1.1415222266464005,1.125694443415121,1.157572555812309,14.152222664640046,12.558368832848865,15.746076496431227
2010,Persons,18,85+,80171,535996,89571,629054,1.0504521093285861,1.0404896395016419,1.0605099677123067,5.0452109328586126,4.044209671957244,6.046212193759981
2011,Persons,0,<1,1531,311600,1455,367502,1.2410076404236643,1.155073240420479,1.3333353329432784,24.10076404236643,15.195304472156446,33.00622361257641
2011,Persons,1,01-04,232,1227103,240,1422541,1.1206255437943407,0.9355960213090322,1.3422477017883383,12.062554379434065,-8.160091410072434,32.28520016894056
2011,Persons,2,05-09,120,1408065,119,1582070,1.1330192184894539,0.8792552854748027,1.460022556217254,13.301921848945387,-15.427586545886518,42.031430243777294
2011,Persons,3,10-14,132,1460493,128,1606918,1.1346402807134304,0.8897442761758284,1.4469422294581176,13.464028071343037,-14.123258879760868,41.05131502244694
2011,Persons,4,15-19,379,1625287,364,1698983,1.0884207132120578,0.9426008060996869,1.2567988922595492,8.842071321205779,-6.8137904958530555,24.497933138264607
2011,Persons,5,20-24,659,1748560,621,1847701,1.1213597642103037,1.0049385323597493,1.2512682918398088,12.135976421030371,-0.15588110694255697,24.427833949003297
2011,Persons,6,25-29,800,1621475,806,2035752,1.2461478090074911,1.1300248145958143,1.3742037713124062,24.61478090074911,12.425281070020722,36.804280731477505
2011,Persons,7,30-34,1108,1519644,1021,2009506,1.4350316044302873,1.3180574608604805,1.5623868965237384,43.50316044302873,31.301396559523774,55.704924326533686
2011,Persons,8,35-39,1674,1577345,1486,1945027,1.3891066332492963,1.2953791347205865,1.4896158096242715,38.91066332492963,29.206724136415964,48.614602513443295
2011,Persons,9,40-44,2872,1820551,2450,2060932,1.3270251819590972,1.25738739561069,1.4005197123025808,32.702518195909725,25.549366902652572,39.85566948916688
2011,Persons,10,45-49,4082,1847169,3706,2044907,1.219367219262145,1.166328464727928,1.2748179096854488,21.936721926214496,16.514037259278915,27.359406593150084
2011,Persons,11,50-54,5726,1649720,5089,1772859,1.2091574324429561,1.1643513790610054,1.2556876924997729,20.915743244295616,16.35001261015625,25.48147387843498
2011,Persons,12,55-59,8086,1467560,7030,1535941,1.2038075960612689,1.165940225458788,1.242904821955672,20.380759606126887,16.533184896907382,24.228334315346387
2011,Persons,13,60-64,13214,1556475,11436,1605816,1.192103017103837,1.1626316948870354,1.2223214020723476,19.210301710383693,16.226128029779407,22.19447539098798
2011,Persons,14,65-69,16973,1256278,14284,1301342,1.2308764480316345,1.2037859912952014,1.2585765586862023,23.087644803163453,20.348342559582132,25.826947046744774
2011,Persons,15,70-74,22743,1012174,19100,1022377,1.2027359093226289,1.1798205468195087,1.2260963512406355,20.273590932262884,17.959943405899214,22.587238458626558
2011,Persons,16,75-79,30089,820376,27065,857955,1.1626561302127334,1.143721269520098,1.1819044667136833,16.26561302127334,14.356538948374919,18.17468709417176
2011,Persons,17,80-84,39542,606683,37401,659164,1.1487011938316545,1.1325757938210614,1.1650561842386875,14.870119383165449,13.246153958798201,16.494084807532694
2011,Persons,18,85+,80137,550171,88963,643147,1.053019016180252,1.0430150625227854,1.0631189215572832,5.301901618025195,4.296723931652124,6.3070793043982665
2012,Persons,0,<1,1453,315986,1417,375575,1.2187779787872919,1.13277560700451,1.3113098061008321,21.87779787872919,12.959050021423412,30.796545736034965
2012,Persons,1,01-04,210,1243726,230,1449869,1.0643770692118752,0.8827773100846242,1.283334463314944,6.437706921187525,-13.473810304223077,26.349224146598125
2012,Persons,2,05-09,134,1445870,127,1638394,1.1956117639223183,0.9379381858432857,1.5240743063938775,19.56117639223183,-9.45981503370107,48.582167818164734
2012,Persons,3,10-14,134,1423768,146,1576132,1.0160271224733166,0.8036590223987324,1.284513810994373,1.6027122473316613,-22.221116653879257,25.42654114854257
2012,Persons,4,15-19,378,1601061,374,1689047,1.0662377472168714,0.9242123796361819,1.2300884067768465,6.623774721687137,-8.618063374520258,21.86561281789452
2012,Persons,5,20-24,612,1760670,579,1857574,1.115169846288202,0.9953863633475417,1.2493679156786326,11.516984628820204,-1.1548056590996114,24.18877491674001
2012,Persons,6,25-29,758,1620566,721,2025869,1.3142517887061471,1.18685342081836,1.4553252607439315,31.42517887061471,18.02481781761207,44.825539923617356
2012,Persons,7,30-34,1047,1559342,984,2059204,1.4051075905656392,1.2879987485297666,1.5328643318317228,40.51075905656391,28.28291974610635,52.73859836702148
2012,Persons,8,35-39,1532,1513943,1347,1925412,1.4464563070676166,1.3443461562404955,1.5563222601139335,44.645630706761665,34.056287048501545,55.234974365021785
2012,Persons,9,40-44,2696,1801520,2327,2055187,1.3217087368880478,1.2504024263322322,1.3970814102547522,32.17087368880478,24.84068277910183,39.50106459850773
2012,Persons,10,45-49,4062,1853750,3711,2075188,1.2253361550005424,1.1719951318212307,1.281104888565813,22.53361550005424,17.079928406585122,27.987302593523356
2012,Persons,11,50-54,5678,1696219,5017,1831300,1.2218808517320523,1.1763469398194244,1.2691772854517123,22.18808517320523,17.547683441720775,26.828486904689687
2012,Persons,12,55-59,7904,1488022,7068,1565410,1.1764382660373143,1.1392894915233747,1.2147983494048467,17.643826603731426,13.869031467950421,21.41862173951243
2012,Persons,13,60-64,12506,1482574,10814,1528697,1.1924415291626194,1.1621425370735252,1.2235304664540694,19.244152916261935,16.17509529457073,22.313210537953143
2012,Persons,14,65-69,17734,1366337,15469,1423525,1.1944053341505467,1.1689260012732297,1.2204400455575277,19.440533415054674,16.865030792029657,22.01603603807969
2012,Persons,15,70-74,22438,1017533,19101,1033503,1.1931396487702457,1.1703377013396383,1.216385851569225,19.31396487702457,17.01170023520482,21.61622951884432
2012,Persons,16,75-79,30604,833633,27422,868368,1.1625402003579692,1.1437469242583524,1.1816422748631297,16.254020035796923,14.3593363836769,18.148703687916946
2012,Persons,17,80-84,40513,615679,38650,669677,1.1401341352702976,1.1243551710343134,1.156134538175107,14.013413527029762,12.424496603319968,15.602330450739554
2012,Persons,18,85+,86247,562630,94637,656052,1.0626699778859219,1.0529099730535016,1.072520453600722,6.266997788592188,5.286487673885998,7.247507903298378
2013,Persons,0,<1,1315,308260,1296,365662,1.2036034045735002,1.11471910513387,1.2995750667850505,20.360340457350024,11.12660267003276,29.594078244667287
2013,Persons,1,01-04,239,1255056,222,1468798,1.2599226827508276,1.049541592911181,1.5124747577720619,25.992268275082765,2.9738757811131222,49.01066076905241
2013,Persons,2,05-09,119,1490487,130,1695371,1.041214402251902,0.8119837583717463,1.3351590106072606,4.121440225190209,-21.769674837553833,30.01255528793425
2013,Persons,3,10-14,137,1404604,129,1565216,1.1834535989607953,0.9305100029300482,1.5051556850362493,18.34535989607953,-10.111893802159045,46.802613594318096
2013,Persons,4,15-19,379,1578261,343,1683278,1.178479717397487,1.0183220766314804,1.3638263140786817,17.8479717397487,0.6340383741973099,35.0619051053001
2013,Persons,5,20-24,604,1755873,577,1872011,1.11603141856425,0.9956912159354223,1.2509160543837852,11.603141856424992,-1.1304540990330736,24.336737811883058
2013,Persons,6,25-29,811,1630243,760,2028482,1.3277798576169644,1.2026840035432573,1.4658874193880602,32.777985761696435,19.63926699310974,45.916704530283134
2013,Persons,7,30-34,1130,1600564,1047,2099915,1.4159908047408514,1.3018070912883195,1.5401897658480161,41.599080474085135,29.693977494867553,53.50418345330272
2013,Persons,8,35-39,1594,1478022,1451,1920965,1.427773964201589,1.3297617895529972,1.5330102796360094,42.777396420158894,32.623533095385525,52.93125974493227
2013,Persons,9,40-44,2705,1768705,2423,2045165,1.2908827683819581,1.2220165753182444,1.3636298847022599,29.088276838195814,22.011157134685998,36.16539654170563
2013,Persons,10,45-49,4018,1853318,3748,2088605,1.2081384874206456,1.1555443277921944,1.2631264501776258,20.813848742064557,15.436518277468082,26.19117920666103
2013,Persons,11,50-54,5730,1736867,5222,1889539,1.193732590574486,1.1497989723751134,1.239344904662846,19.3732590574486,14.897011520304249,23.849506594592953
2013,Persons,12,55-59,7894,1512637,7208,1602154,1.1599836909169017,1.123528961245039,1.1976212537522068,15.998369091690169,12.294383936041097,19.702354247339237
2013,Persons,13,60-64,12203,1445137,10568,1491090,1.1914303085201026,1.1608006028188596,1.2228682312993402,19.143030852010256,16.04000024800556,22.246061456014953
2013,Persons,14,65-69,18225,1425859,15892,1486956,1.1959430987271207,1.1707710893829555,1.2216563155371762,19.594309872712067,17.050240442663988,22.138379302760146
2013,Persons,15,70-74,22408,1038448,19440,1064544,1.1816413972380055,1.1591578636983952,1.2045610312400792,18.164139723800552,15.894120975096904,20.434158472504205
2013,Persons,16,75-79,31088,853774,27586,885278,1.168532506014517,1.1497409253586068,1.1876312197782077,16.85325060145171,14.958818867409773,18.747682335493643
2013,Persons,17,80-84,41152,620530,38653,675414,1.1588174222588423,1.1428406925097392,1.1750175041296793,15.881742225884231,14.272953324599523,17.49053112716894
2013,Persons,18,85+,88638,568405,96468,665193,1.0752920979993208,1.0655306909827043,1.0851429300017688,7.5292097999320795,6.548611440596019,8.50980815926814
2014,Persons,0,<1,1368,302331,1180,358252,1.3737573629172515,1.2708415355164868,1.4850075634350228,37.37573629172515,26.67824937594363,48.073223207506665
2014,Persons,1,01-04,227,1260781,219,1478729,1.2157119259545432,1.0097296329947478,1.4637140860416764,21.571192595454324,-0.998164693274961,44.14054988418361
2014,Persons,2,05-09,131,1522074,141,1738093,1.0609365858084439,0.8363621058715683,1.3458123355958482,6.0936585808443855,-19.140262780170524,31.327579941859305
2014,Persons,3,10-14,150,1401823,129,1571252,1.303329456930244,1.0300117625850536,1.6491730822945982,30.332945693024406,-0.3411592670210961,61.0070506530699
2014,Persons,4,15-19,389,1559406,385,1669095,1.08146066306866,0.9393277879323891,1.245100145859933,8.146066306866008,-7.0920790979293375,23.38421171166134
2014,Persons,5,20-24,631,1752448,654,1891239,1.0412448966801,0.9333691803037449,1.1615885308207043,4.124489668010001,-7.263759672924341,15.512739008944344
2014,Persons,6,25-29,847,1640846,781,2042894,1.3502381878478937,1.2251306398258472,1.4881214334676378,35.02381878478937,21.894976349643702,48.15266121993504
2014,Persons,7,30-34,1155,1616262,1092,2114240,1.383572332094292,1.2737181151406798,1.5029011328188657,38.35723320942921,26.91114298545221,49.80332343340621
2014,Persons,8,35-39,1663,1484302,1379,1953198,1.5869088469492412,1.4775760304545262,1.7043317139836835,58.690884694924115,47.36272403153308,70.01904535831515
2014,Persons,9,40-44,2706,1715783,2350,2025205,1.3591474054504311,1.2860700800850475,1.4363771448757119,35.91474054504311,28.40321173770075,43.426269352385475
2014,Persons,10,45-49,4181,1849933,3691,2094080,1.282252019459702,1.2267277618512844,1.3402894207979994,28.225201945970202,22.54897306048138,33.901430831459024
2014,Persons,11,50-54,5874,1778251,5274,1950091,1.2213935805949,1.1768151802455045,1.267660635043146,22.13935805949001,17.598131693641594,26.680584425338427
2014,Persons,12,55-59,8083,1542553,6973,1645028,1.2361925254706267,1.1972195752206838,1.2764341576588052,23.619252547062676,19.65920075685974,27.579304337265608
2014,Persons,13,60-64,12043,1428894,10221,1478770,1.2193880001212818,1.1876650080089302,1.251958325633013,21.93880001212818,18.724506382587315,25.153093641669045
2014,Persons,14,65-69,18359,1450099,15856,1516044,1.2105132224560757,1.185062125078901,1.2365109227024116,21.051322245607572,18.479075942938227,23.623568548276918
2014,Persons,15,70-74,22742,1076366,19617,1106997,1.1922917424211452,1.16973687616282,1.2152815116070415,19.22917424211452,16.952080901139777,21.50626758308927
2014,Persons,16,75-79,30953,873471,27323,904915,1.1736366476023112,1.1546961729576481,1.1928878027429928,17.363664760231124,15.454167515992312,19.273162004469935
2014,Persons,17,80-84,39698,627525,37919,680624,1.1355021959391867,1.1196329186345795,1.1515963987153295,13.550219593918666,11.95209835006108,15.148340837776253
2014,Persons,18,85+,86918,584369,95575,684056,1.0645594151621507,1.054824576443758,1.0743840954399735,6.455941516215069,5.4779793219229544,7.433903710507184
2015,Persons,0,<1,1410,300309,1165,358315,1.4440752634228806,1.3362501475239663,1.560601037383579,44.407526342288065,33.20123271270303,55.61381997187309
2015,Persons,1,01-04,214,1257029,223,1471605,1.1234528956413552,0.9313203896111247,1.3552225665884523,12.34528956413552,-8.726059402412666,33.416638530683706
2015,Persons,2,05-09,134,1549947,123,1779464,1.250754417351412,0.9792187036199536,1.5975865317327795,25.0754417351412,-5.536418619686345,55.687302089968746
2015,Persons,3,10-14,157,1417374,119,1592582,1.4824157890850653,1.1681812632331003,1.8811777254898443,48.24157890850653,12.926731223208243,83.55642659380482
2015,Persons,4,15-19,376,1541124,388,1658782,1.0430565379018988,0.9051245339584939,1.2020080115404164,4.305653790189878,-10.488864019107414,19.100171599487158
2015,Persons,5,20-24,618,1737780,639,1901253,1.0581146675886783,0.9473450255542465,1.1818362049362858,5.811466758867834,-5.889231457491817,17.512164975227495
2015,Persons,6,25-29,794,1653152,790,2059655,1.2522040519633961,1.1347487040093451,1.3818169452085443,25.220405196339613,12.886944110139531,37.553866282539694
2015,Persons,7,30-34,1099,1629072,1084,2124642,1.322250967222613,1.2158386860825456,1.4379766331949375,32.225096722261306,21.13121975257406,43.31897369194855
2015,Persons,8,35-39,1635,1516239,1449,2001022,1.4891332876107963,1.38746432951369,1.5982522224897737,48.91332876107963,38.38271324200051,59.44394428015875
2015,Persons,9,40-44,2703,1666536,2194,2010172,1.4860312494260717,1.4046480204576064,1.572129702323145,48.60312494260717,40.23346657959619,56.972783305618144
2015,Persons,10,45-49,4162,1834349,3691,2087920,1.283482400172732,1.2278467225450973,1.341639018377274,28.348240017273206,22.66048702872421,34.035993005822206
2015,Persons,11,50-54,5955,1818170,5646,2005807,1.1635781223704416,1.1219768915143267,1.2067218648610054,16.357812237044158,12.121499515025036,20.594124959063276
2015,Persons,12,55-59,8117,1583900,7409,1696540,1.173470823477479,1.1370910486212298,1.211014522735557,17.34708234774791,13.651519538279256,21.042645157216565
2015,Persons,13,60-64,11993,1417651,10355,1476950,1.2066302117487235,1.1753180007231898,1.238776626418466,20.663021174872355,17.490455440504782,23.835586909239925
2015,Persons,14,65-69,18815,1468676,16447,1533751,1.1946656896912002,1.1699299371022154,1.2199244286888065,19.466568969120026,16.96702675706159,21.966111181178462
2015,Persons,15,70-74,23476,1111442,20459,1149713,1.1869770890816622,1.164933353036143,1.2094379531092916,18.69770890816622,16.472609227224734,20.92280858910771
2015,Persons,16,75-79,32174,882356,28286,913185,1.1771951017622058,1.1585383559203981,1.1961522901086807,17.719510176220577,15.838893460964986,19.600126891476165
2015,Persons,17,80-84,41847,633574,39840,684424,1.1346786480490616,1.1192176389526542,1.1503532374125767,13.46786480490616,11.911133718784939,15.024595891027381
2015,Persons,18,85+,94965,591064,104358,693150,1.0671624717608874,1.0578231931475668,1.076584204725353,6.716247176088741,5.778208676765351,7.654285675412131
2016,Persons,0,<1,1407,303119,1180,361290,1.4211989294801208,1.315388376764778,1.5355209403044845,42.11989294801208,31.124237945978738,53.115547950045425
2016,Persons,1,01-04,206,1245312,203,1454542,1.185275412572336,0.9764208601445454,1.4388035538697408,18.527541257233594,-4.447450893361216,41.50253340782841
2016,Persons,2,05-09,107,1576626,114,1813259,1.0794687738802475,0.8291525997813248,1.405353892745245,7.946877388024753,-20.531679456040663,36.42543423209017
2016,Persons,3,10-14,146,1449504,122,1629825,1.345595673744543,1.0580406082334672,1.7113026693966902,34.55956737445429,2.2090144940909218,66.91012025481766
2016,Persons,4,15-19,376,1520328,319,1646262,1.276317786498439,1.0994197114104118,1.4816789941327295,27.631778649843895,8.589538796118944,46.674018503568846
2016,Persons,5,20-24,663,1724752,617,1897856,1.1824014791954907,1.0596189574556079,1.319411330050931,18.240147919549067,5.276516512143448,31.203779326954685
2016,Persons,6,25-29,849,1681205,831,2084912,1.2669915618478782,1.1514264261437088,1.3941556154569041,26.69915618478782,14.581180472951182,38.81713189662446
2016,Persons,7,30-34,1220,1650426,1151,2132150,1.369323952749148,1.263364647051276,1.4841701419688758,36.93239527491481,25.904046908385258,47.96074364144436
2016,Persons,8,35-39,1604,1556411,1442,2052801,1.4671065722435817,1.366379938112973,1.575258560435882,46.710657224358165,36.27552704485228,57.14578740386405
2016,Persons,9,40-44,2550,1603342,2341,1976536,1.3428185325146864,1.2695570284181619,1.420307690716023,34.28185325146864,26.748272771834202,41.81543373110308
2016,Persons,10,45-49,4206,1835263,3749,2089863,1.2775365555885443,1.2225150272245642,1.3350344286322142,27.75365555885443,22.129502323928605,33.37780879378025
2016,Persons,11,50-54,6104,1840692,5749,2047742,1.1811806654001635,1.1393894937655458,1.2245046772410062,18.118066540016354,13.86322759043428,22.372905489598427
2016,Persons,12,55-59,8523,1629180,7683,1751804,1.1928287522455259,1.1566101175546621,1.2301815543441965,19.282875224552587,15.60488621853704,22.960864230568134
2016,Persons,13,60-64,11976,1425604,10419,1491813,1.2028216359135218,1.1716489277255044,1.23482372030185,20.282163591352177,17.123786917740212,23.440540264964138
2016,Persons,14,65-69,19289,1479328,16511,1534525,1.2118415152246287,1.1869186911810292,1.2372876667403823,21.18415152246287,18.66588399201461,23.70241905291113
2016,Persons,15,70-74,24225,1156625,21319,1212896,1.1915930040136373,1.1698613070545578,1.2137283955387934,19.159300401363733,16.966069814914885,21.352530987812578
2016,Persons,16,75-79,31763,879087,28035,906552,1.1683738192397666,1.1497577871163875,1.1872912684580348,16.837381923976658,14.960788543465075,18.71397530448824
2016,Persons,17,80-84,40675,643071,38402,692639,1.1408321057000441,1.1250328203086395,1.1568532667686495,14.083210570004411,12.492239816880414,15.674181323128412
2016,Persons,18,85+,92616,604440,102099,707452,1.061715881250332,1.0523147430457713,1.0712010070642324,6.1715881250332005,5.227287373980971,7.11588887608543
2017,Persons,0,<1,1338,297285,1234,350491,1.2783354348752483,1.183174012352943,1.3811505890058566,27.833543487524825,17.944580658577934,37.722506316471716
2017,Persons,1,01-04,194,1232447,174,1430869,1.2944464964005962,1.0548901177440866,1.5884040468850733,29.444649640059616,2.954244769938441,55.93505451018079
2017,Persons,2,05-09,125,1600639,133,1833906,1.0768173614797927,0.8435330922056951,1.3746178314739435,7.681736147979268,-18.610477121050096,33.97394941700864
2017,Persons,3,10-14,125,1487120,125,1675506,1.1266784119640647,0.8792827831515327,1.4436814507342648,12.66784119640647,-15.265059386801438,40.60074177961437
2017,Persons,4,15-19,359,1492014,353,1625069,1.1076910601409231,0.9563458106514399,1.2829872531990631,10.769106014092312,-5.504363019669379,27.04257504785399
2017,Persons,5,20-24,533,1712464,580,1876024,1.006737289377903,0.8950368603943979,1.1323779105336065,0.6737289377902966,-11.166012205087195,12.513470080667787
2017,Persons,6,25-29,786,1699392,763,2092732,1.2685805655683366,1.1483055204872517,1.4014533785876258,26.858056556833667,14.221571386369348,39.494541727297985
2017,Persons,7,30-34,1147,1669388,1031,2131183,1.4202611533598901,1.305682203065072,1.5448948748845248,42.02611533598901,30.079574389578845,53.97265628239918
2017,Persons,8,35-39,1726,1603171,1534,2090051,1.466872838947721,1.3693793730895802,1.5713073878043498,46.6872838947721,36.59883814311773,56.77572964642648
2017,Persons,9,40-44,2546,1543601,2162,1947493,1.4857425587003712,1.402972535568375,1.5733956971860799,48.57425587003712,40.05776240006711,57.09074934000713
2017,Persons,10,45-49,4216,1818961,3706,2078263,1.2997873486088178,1.2436703391782546,1.3584364749904942,29.978734860881783,24.242290478130446,35.71517924363312
2017,Persons,11,50-54,6198,1851373,5690,2075735,1.2212857449185364,1.1781184234974351,1.2660347559232203,22.128574491853637,17.733706463330677,26.523442520376594
2017,Persons,12,55-59,8515,1677878,7560,1808251,1.213839290700585,1.1768197297900664,1.252023386718152,21.383929070058507,17.62434735003331,25.143510790083702
2017,Persons,13,60-64,11897,1448260,10456,1519361,1.1936756248093443,1.1627216801479314,1.2254536245360932,19.36756248093443,16.23132610383442,22.50379885803444
2017,Persons,14,65-69,18211,1411045,15647,1458767,1.2032275792328164,1.1777932109508462,1.2292112010542773,20.322757923281642,17.75205399578965,22.893461850773633
2017,Persons,15,70-74,25501,1261065,22697,1327479,1.1827118298943322,1.1617461655469696,1.204055854932319,18.27118298943322,16.155811306861544,20.3865546720049
2017,Persons,16,75-79,31702,885189,28311,917262,1.160349569656402,1.1419006459609644,1.179096560251726,16.03495696564019,14.175240870077799,17.89467306120258
2017,Persons,17,80-84,41540,655294,38616,702628,1.1534226287936398,1.137552130521075,1.1695145434819112,15.342262879363977,13.744193359814606,16.94033239891335
2017,Persons,18,85+,96027,614148,105425,717744,1.0645015062724674,1.0552348625367562,1.0738495259076803,6.450150627246742,5.519429316847346,7.3808719376461385
2018,Persons,0,<1,1277,288429,1172,342356,1.2933090151772761,1.194728579462874,1.4000236015872367,29.330901517727614,19.076896766508323,39.58490626894691
2018,Persons,1,01-04,195,1217741,153,1408618,1.4742851320439998,1.193024678734681,1.8218538889499085,47.42851320439998,16.22064106325358,78.63638534554637
2018,Persons,2,05-09,130,1602417,117,1827143,1.2669354412046858,0.9869174675249075,1.6264028806846529,26.69354412046858,-4.950678139491949,58.337766380429116
2018,Persons,3,10-14,139,1530172,148,1721542,1.0566482951819371,0.8382807362242685,1.3318994120511332,5.664829518193715,-18.79701596573612,30.12667500212356
2018,Persons,4,15-19,378,1483294,391,1623543,1.058160627268037,0.9186529422924203,1.2188541086105484,5.816062726803706,-9.144108374107883,20.776233827715295
2018,Persons,5,20-24,621,1699130,656,1861119,1.0368962306463005,0.9291311992674275,1.157160360104375,3.6896230646300543,-7.688983886400025,15.068230015660134
2018,Persons,6,25-29,877,1695852,792,2089353,1.3642635780859667,1.2392882771559035,1.5018419400878282,36.42635780859666,23.318849638393857,49.533865978799476
2018,Persons,7,30-34,1224,1694564,1115,2146340,1.3904234826629955,1.28205833819979,1.5079481202511553,39.042348266299555,27.76024336295626,50.324453169642844
2018,Persons,8,35-39,1781,1646945,1569,2120079,1.461214334690848,1.3653414110178037,1.563819360253899,46.12143346908479,36.205149217269515,56.03771772090007
2018,Persons,9,40-44,2452,1508913,2193,1932384,1.4318946514294506,1.3517394951915451,1.5168028307863652,43.18946514294506,34.940861253436736,51.438069032453384
2018,Persons,10,45-49,4406,1786634,3730,2060592,1.362360602481625,1.3042250767571035,1.4230875055776582,36.2360602481625,30.29482218195585,42.17729831436916
2018,Persons,11,50-54,6307,1854566,5799,2088308,1.2246781822137693,1.1817769085304362,1.2691368727584125,22.467818221376934,18.100745568003518,26.83489087475035
2018,Persons,12,55-59,9035,1719327,7859,1863665,1.2461497479082424,1.2090392778997938,1.284399293387126,24.614974790824242,20.847547951327282,28.382401630321198
2018,Persons,13,60-64,12131,1475114,10442,1553627,1.2235848445348858,1.1919856859323197,1.2560216867071243,22.35848445348858,19.157049697699712,25.55991920927745
2018,Persons,14,65-69,17896,1377006,15356,1420999,1.202640451063787,1.1769890876693287,1.228850861649836,20.264045106378692,17.671157288144723,22.85693292461266
2018,Persons,15,70-74,26779,1317892,23547,1386222,1.1962218661865427,1.1754582814293895,1.2173522240217187,19.62218661865427,17.527596524840305,21.71677671246823
2018,Persons,16,75-79,31933,905285,28724,944851,1.160306714762509,1.141959482337679,1.178948722039562,16.0306714762509,14.181287796197095,17.880055156304707
2018,Persons,17,80-84,41798,672670,39118,717412,1.1395816219703572,1.1239766852396762,1.1554032127060245,13.958162197035717,12.386885611172648,15.529438782898787
2018,Persons,18,85+,96968,617920,106651,722504,1.0630936156578137,1.053887998921709,1.0723796426268644,6.309361565781368,5.3847910359324125,7.233932095630324
2019,Persons,0,<1,1274,281958,1139,332807,1.3202425786103138,1.2188276780198382,1.4300959010115621,32.02425786103138,21.47208514208454,42.57643057997822
2019,Persons,1,01-04,189,1201104,160,1389665,1.366694125779283,1.1071994374069387,1.6870066677545559,36.669412577928306,7.89216725042885,65.44665790542777
2019,Persons,2,05-09,121,1598132,117,1814281,1.1740630316236085,0.9105910868415485,1.5137683886258784,17.40630316236085,-12.430366584858954,47.24297290958064
2019,Persons,3,10-14,157,1558398,127,1753162,1.3907196723208781,1.100652746909537,1.7572310725712066,39.071967232087815,6.540537346141617,71.60339711803401
2019,Persons,4,15-19,342,1489134,325,1637041,1.1568272814421516,0.9938677060930615,1.3465065328961712,15.682728144215163,-1.8816499333781045,33.24710622180842
2019,Persons,5,20-24,612,1682337,652,1840826,1.027078337794718,0.9198030956797574,1.1468649289417434,2.707833779471791,-8.622264289388081,14.037931848331663
2019,Persons,6,25-29,894,1695619,814,2088604,1.3528228961743212,1.2302755640592657,1.48757712652197,35.28228961743211,22.436524177270513,48.12805505759372
2019,Persons,7,30-34,1206,1719943,1130,2169436,1.346175408087073,1.2412503340372278,1.459969983205697,34.61754080870729,23.693551471923,45.541530145491585
2019,Persons,8,35-39,1776,1666116,1543,2122455,1.4662576517873855,1.3695773766802366,1.5697627151496172,46.625765178738554,36.624255827632226,56.62727452984488
2019,Persons,9,40-44,2363,1516881,2081,1950965,1.460459803091846,1.3768931626027756,1.549098284731924,46.04598030918461,37.4407043172811,54.65125630108811
2019,Persons,10,45-49,4113,1733223,3542,2029978,1.3600254657612014,1.300273467553249,1.4225232719694982,36.00254657612014,29.89211231563602,42.112980836604265
2019,Persons,11,50-54,6263,1853148,5825,2086862,1.2107935750502214,1.1683570316555305,1.2547714796611305,21.079357505022145,16.75955159716038,25.399163412883908
2019,Persons,12,55-59,8881,1760093,7936,1916881,1.2187643659501324,1.1824180370065285,1.256227944112144,21.87643659501324,18.186504986556894,25.56636820346958
2019,Persons,13,60-64,12081,1505161,10356,1592625,1.234358791079939,1.202381234862972,1.2671867964489387,23.435879107993895,20.195973058840178,26.675785157147615
2019,Persons,14,65-69,17161,1363068,14674,1407697,1.2077741757387168,1.181448951218864,1.2346859828995764,20.77741757387168,18.115781433571843,23.43905371417152
2019,Persons,15,70-74,26607,1341588,23279,1411690,1.2026846348788778,1.181714412118433,1.2240269866733031,20.26846348788778,18.152943854711467,22.383983121064087
2019,Persons,16,75-79,32235,940894,28067,985080,1.2024374184775253,1.1833497653544682,1.221832959016808,20.243741847752528,18.319664274829318,22.167819420675738
2019,Persons,17,80-84,41632,690707,38920,734476,1.1374654003589284,1.1218542483009895,1.1532937892539565,13.74654003589284,12.174613023213809,15.318467048571872
2019,Persons,18,85+,94722,632068,103054,735953,1.0702180767823677,1.0608177500675846,1.0797017035195524,7.021807678236769,6.077622253992954,7.965993102480584
2020,Persons,0,<1,1182,274362,1067,324999,1.312233503309001,1.207996433584904,1.4254651084494165,31.22335033090009,20.362321342334667,42.08437931946551
2020,Persons,1,01-04,156,1179475,150,1362312,1.2012162021238262,0.9600210865147768,1.5030090323152283,20.121620212382616,-6.801788077374815,47.04502850214005
2020,Persons,2,05-09,94,1584894,112,1791971,0.948944005538721,0.7213913704720626,1.2482748789448486,-5.105599446127895,-31.12260622541522,20.911407333159417
2020,Persons,3,10-14,136,1580484,127,1781733,1.2072235741121622,0.9478717655068597,1.5375378937601618,20.72235741121622,-8.475456646322844,49.92017146875529
2020,Persons,4,15-19,305,1511433,322,1658249,1.0392135758228012,0.888568938840075,1.2153979381545603,3.921357582280116,-12.353485045580392,20.196200210140614
2020,Persons,5,20-24,543,1647888,557,1790418,1.0591839192815409,0.941102426541541,1.192081268972358,5.9183919281540875,-6.601376042831186,18.43815989913935
2020,Persons,6,25-29,800,1677183,795,2063644,1.2381611863951407,1.1224046556192335,1.3658559912597998,23.816118639514073,11.663075403873169,35.969161875154974
2020,Persons,7,30-34,1271,1734953,1136,2179668,1.4056262314789498,1.2975225603427185,1.5227366082173126,40.56262314789498,29.31393106351503,51.811315232274936
2020,Persons,8,35-39,1969,1676905,1696,2115877,1.4648792466697829,1.372784334079948,1.5631524588762242,46.48792466697829,36.97620362038525,55.999645713571326
2020,Persons,9,40-44,2819,1544846,2345,1981453,1.5418808389197864,1.4596869005189184,1.628703059938964,54.18808389197864,45.74150120012017,62.63466658383712
2020,Persons,10,45-49,4679,1679949,3815,2001519,1.4612419190435593,1.4000830501905202,1.5250723488721236,46.124191904355925,39.876630570662556,52.3717532380493
2020,Persons,11,50-54,7139,1835179,6381,2071453,1.2628311623795576,1.2209021094801622,1.3062001714092515,26.28311623795576,22.01902347325875,30.547209002652775
2020,Persons,12,55-59,10313,1795852,9203,1963801,1.225413131454618,1.1914515420431486,1.2603427749703904,22.541313145461793,19.097204950973822,25.985421339949767
2020,Persons,13,60-64,14061,1544197,12105,1639054,1.2329400838665616,1.2033388455225207,1.263269490602042,23.294008386656163,20.297771054063407,26.290245719248915
2020,Persons,14,65-69,19146,1352317,16460,1403169,1.2069233719313932,1.182038963466912,1.2323316495776575,20.69233719313932,18.177884786069143,23.206789600209497
2020,Persons,15,70-74,30664,1356531,26052,1424669,1.2361523199469269,1.2159051323983192,1.2567366625849452,23.615231994692685,21.573748285462948,25.65671570392243
2020,Persons,16,75-79,38274,970379,32923,1020736,1.2228593068097,1.2049752300458703,1.2410088165830384,22.28593068097,20.484316529830448,24.087544832109554
2020,Persons,17,80-84,49094,694011,43939,739482,1.1905276948806274,1.17530180300541,1.2059508363327645,19.052769488062737,17.52036013702405,20.585178839101424
2020,Persons,18,85+,110819,633073,117051,737843,1.1034413850445532,1.0944137996443588,1.1125434370662253,10.344138504455325,9.437666828999669,11.25061017991098
2021,Persons,0,<1,1301,266549,1073,312812,1.4229312654385822,1.3124449131885996,1.542718757805638,42.293126543858214,30.791961348042697,53.79429173967374
2021,Persons,1,01-04,158,1153330,141,1326405,1.2887258375423911,1.0269438401398394,1.6172396380732794,28.872583754239113,-0.39009646892788075,58.13526397740611
2021,Persons,2,05-09,105,1569387,105,1769375,1.1274306464880872,0.8602223130153057,1.477641120683102,12.743064648808723,-17.75457689098102,43.24070618859848
2021,Persons,3,10-14,147,1607758,105,1812500,1.5782847916166487,1.228629190926666,2.0274488851836905,57.82847916166487,18.30197584428501,97.35498247904472
2021,Persons,4,15-19,402,1544845,375,1684024,1.168579195971117,1.015188642867496,1.3451463891472426,16.857919597111692,0.414351138900515,33.30148805532287
2021,Persons,5,20-24,675,1628947,603,1781010,1.2238998018031042,1.0966004072934579,1.3659768087728066,22.38998018031042,8.948199030164261,35.83176133045658
2021,Persons,6,25-29,918,1653278,792,2042979,1.4323050245413271,1.302429147768861,1.575131888625704,43.23050245413271,29.615876610210236,56.845128298055194
2021,Persons,7,30-34,1419,1762041,1162,2190635,1.5182045197330285,1.4049237634971148,1.6406192447057495,51.82045197330285,40.047480495268964,63.59342345133674
2021,Persons,8,35-39,2170,1696325,1702,2106895,1.5835581214197008,1.4861847121381806,1.6873113438951444,58.35581214197008,48.3062275821508,68.40539670178936
2021,Persons,9,40-44,2952,1580753,2587,2014629,1.454289909933861,1.3795152359670484,1.5331176394386385,45.42899099338611,37.75243620398931,53.105545782782904
2021,Persons,10,45-49,4749,1614644,3897,1957987,1.4777629868303943,1.4164665224523438,1.5417120070477064,47.77629868303943,41.51589722439226,54.0367001416866
2021,Persons,11,50-54,7449,1836851,6486,2068807,1.2935019206700689,1.251154097709498,1.337283090740147,29.350192067006887,25.04453757851075,33.65584655550302
2021,Persons,12,55-59,10731,1818884,9497,2002271,1.24386031352872,1.2099830383295533,1.2786860894411731,24.386031352872006,20.951315307696404,27.820747398047608
2021,Persons,13,60-64,14519,1589925,12882,1692001,1.199436850352008,1.1713168481210108,1.228231934245785,19.943685035200808,17.098197645935297,22.78917242446632
2021,Persons,14,65-69,19030,1360041,16718,1417201,1.1861344415837733,1.161745071696907,1.211035835474847,18.613444158377334,16.149083267226082,21.077805049528585
2021,Persons,15,70-74,29590,1365240,26116,1425131,1.1827258479250744,1.16320688302356,1.2025723469878689,18.27258479250744,16.304402435434962,20.24076714957992
2021,Persons,16,75-79,36964,1008398,33380,1076575,1.1822380804779176,1.164870782096324,1.1998643114876715,18.223808047791756,16.47419544416502,19.973420651418493
2021,Persons,17,80-84,44694,689582,41808,733101,1.1364955184618222,1.1214401988741045,1.151752955512527,13.649551846182217,12.133958936857624,15.165144755506809
2021,Persons,18,85+,99391,645047,112556,748728,1.0249699294804369,1.0162628650107883,1.0337515937158435,2.496992948043686,1.622567119899454,3.3714187761879177
2022,Persons,0,<1,1277,274195,1018,321883,1.4725892594113057,1.3561767227106332,1.598994504638931,47.25892594113057,35.13174919445752,59.38610268780362
2022,Persons,1,01-04,184,1149556,177,1321295,1.1948522773312251,0.972065561409913,1.468699253754939,19.485227733122514,-5.171097116106882,44.141552582351906
2022,Persons,2,05-09,138,1574766,121,1768406,1.2807361446317675,1.0033372400135139,1.6348292545626544,28.073614463176753,-3.1895828268561965,59.33681175320971
2022,Persons,3,10-14,161,1646842,154,1852140,1.1757826080572282,0.9427184978805905,1.4664661237876417,17.578260805722824,-8.397308916773305,43.55383052821895
2022,Persons,4,15-19,436,1587824,356,1721043,1.327473470583047,1.1540416668320936,1.526968969793868,32.74734705830471,14.16176062302954,51.33293349357988
2022,Persons,5,20-24,615,1647676,631,1791286,1.059592492006289,0.9482122271676416,1.1840558652884787,5.959249200628891,-5.808725535092196,17.72722393634998
2022,Persons,6,25-29,897,1670497,784,2055915,1.4081075772170601,1.2794370138640674,1.5497182960401334,40.81075772170601,27.317354121524207,54.304161321887825
2022,Persons,7,30-34,1375,1797685,1183,2199312,1.4219725171053386,1.315635299077746,1.5369045211999928,42.197251710533855,31.14492224038208,53.24958118068564
2022,Persons,8,35-39,2000,1739285,1650,2124296,1.4804383654342115,1.3870144471786834,1.5801549567905635,48.04383654342115,38.39364652600521,57.69402656083709
2022,Persons,9,40-44,2845,1635747,2422,2052299,1.4737799130480274,1.3960428111654721,1.5558457195811612,47.377991304802734,39.39175495650178,55.36422765310369
2022,Persons,10,45-49,4199,1557324,3491,1922744,1.4850412391042622,1.4198486644644452,1.5532271410574314,48.50412391042622,41.8374395503393,55.17080827051315
2022,Persons,11,50-54,7116,1817930,5939,2048919,1.3504243097729651,1.3046964148619893,1.3977549073120543,35.04243097729651,30.390426495823753,39.69443545876927
2022,Persons,12,55-59,10025,1830070,9040,2023771,1.226336394973721,1.1919648364632052,1.261699093489631,22.633639497372094,19.147396237442127,26.119882757302058
2022,Persons,13,60-64,13609,1637412,11755,1743425,1.2326758315188096,1.2026260522669872,1.2634764586600329,23.267583151880956,20.22537167142695,26.30979463233496
2022,Persons,14,65-69,18512,1382161,15683,1443929,1.233137212192638,1.2071836664979287,1.259648739703057,23.313721219263805,20.690665373623986,25.936777064903627
2022,Persons,15,70-74,27606,1303147,23642,1354884,1.2140259676045415,1.1931227713727255,1.2352953823204815,21.402596760454152,19.294072220257476,23.511121300650828
2022,Persons,16,75-79,38244,1101905,34440,1182120,1.191290224703822,1.1740706667219605,1.2087623340741944,19.129022470382196,17.394500388265243,20.863544552499146
2022,Persons,17,80-84,43891,694316,40746,743464,1.153435371766839,1.1379872884960467,1.1690931614896753,15.343537176683908,13.788290653361113,16.898783700006703
2022,Persons,18,85+,102569,660151,111402,764775,1.0666293523631054,1.057620861416608,1.0757145748795762,6.662935236310541,5.758260409940519,7.567610062680563
2023,Persons,0,<1,1342,267207,1039,309632,1.496700746109346,1.380256553374969,1.6229686560276086,49.6700746109346,37.547727581167244,61.79242164070195
2023,Persons,1,01-04,207,1165791,171,1336500,1.3877859934178867,1.133336531513095,1.699362819405083,38.77859934178866,10.669868085596113,66.88733059798122
2023,Persons,2,05-09,124,1589002,110,1781259,1.263664042530526,0.977552948924661,1.6335143934056697,26.36640425305261,-6.074163232054031,58.806971738159255
2023,Persons,3,10-14,199,1672075,164,1873453,1.3595534210997509,1.1056645402159317,1.6717416880015472,35.955342109975085,7.8520499253023734,64.0586342946478
2023,Persons,4,15-19,458,1639770,388,1776178,1.2786076611574078,1.1168761281877289,1.4637590596757983,27.860766115740777,10.569374238319718,45.152157993161836
2023,Persons,5,20-24,618,1665594,608,1813600,1.10676968539057,0.9895426038720704,1.2378841817485842,10.676968539056997,-1.7142077151064528,23.068144793220434
2023,Persons,6,25-29,912,1704231,759,2115893,1.4918264515640742,1.3548642187585949,1.6426340962974368,49.182645156407425,34.816366283357446,63.548924029457396
2023,Persons,7,30-34,1392,1832391,1138,2222796,1.4838104651264468,1.3720196843253307,1.60470984605546,48.38104651264467,36.758427202544894,60.00366582274446
2023,Persons,8,35-39,2134,1803694,1755,2177930,1.468244392418892,1.3783785025047992,1.5639692522424662,46.824439241889195,37.55106843692608,56.0978100468523
2023,Persons,9,40-44,3084,1700497,2513,2101047,1.5162882804880302,1.4384891605793868,1.5982950810830694,51.62882804880302,43.64222546881547,59.61543062879058
2023,Persons,10,45-49,4067,1530715,3511,1912761,1.447470472406524,1.3835672504090841,1.5143252110580667,44.74704724065239,38.21137019177407,51.28272428953071
2023,Persons,11,50-54,6961,1784843,5835,2028786,1.3560228018125553,1.3096597960516208,1.4040270951121843,35.60228018125553,30.88486682474061,40.31969353777045
2023,Persons,12,55-59,10147,1833455,8964,2032962,1.2551476527240468,1.2199901355171452,1.2913183346936534,25.51476527240468,21.94883504168752,29.080695503121845
2023,Persons,13,60-64,13968,1677728,12271,1795201,1.2179958235239614,1.1888139542007234,1.2478940214991214,21.79958235239614,18.845868505215346,24.753296199576937
2023,Persons,14,65-69,18596,1408518,15909,1476090,1.2249746245498894,1.1993176967214396,1.2511804294168367,22.497462454988938,19.90451945492666,25.09040545505121
2023,Persons,15,70-74,26879,1270754,22635,1320273,1.2337718724067053,1.2121484580245736,1.255781025059134,23.377187240670526,21.195672562702896,25.55870191863816
2023,Persons,16,75-79,39037,1152513,35422,1235347,1.1812626927091447,1.164394560912699,1.1983751865799712,18.126269270914474,16.427296563518624,19.825241978310327
2023,Persons,17,80-84,44181,710128,41310,766926,1.1550403892940815,1.1396496872295179,1.170638939184775,15.504038929408148,13.954622800560346,17.05345505825595
2023,Persons,18,85+,103350,670913,111896,776017,1.0683189876024037,1.0593234493381607,1.0773909139695572,6.831898760240374,5.928536294178688,7.735261226302059
2024,Persons,0,<1,1372,265857,1069,307955,1.4866733835294037,1.3724270778375847,1.6104300075288402,48.66733835294037,36.77986328905178,60.55481341682896
2024,Persons,1,01-04,198,1167639,139,1330792,1.6234988269170436,1.3069521664880495,2.01671377773803,62.34988269170436,27.138505977611914,97.5612594057968
2024,Persons,2,05-09,146,1606340,139,1795384,1.1739725223693203,0.9306448790529633,1.4809209337515192,17.397252236932026,-9.870705073409258,44.66520954727331
2024,Persons,3,10-14,151,1694090,145,1887642,1.1603582596780166,0.92388895477763755,1.4573518644641181,16.035825967801664,-10.407833152436218,42.47948508803954
2024,Persons,4,15-19,427,1682552,421,1826603,1.1010865321210572,0.9624056211696295,1.2597511117453095,10.108653212105722,-4.713812782734372,24.931119206945816
2024,Persons,5,20-24,616,1696838,620,1829180,1.0710385073352187,0.9580336821449328,1.1973728122236464,7.103850733521866,-4.838345173117875,19.046046640161606
2024,Persons,6,25-29,889,1728412,720,2157159,1.541005358772484,1.3967749008902737,1.700129000207501,54.10053587724839,38.95721539063932,69.24385636385746
2024,Persons,7,30-34,1296,1861048,1148,2240096,1.3588520361170149,1.2550825548763558,1.4712011165203889,35.885203611701485,25.09063237275275,46.679774850650226
2024,Persons,8,35-39,2047,1853909,1738,2219549,1.4100820850642375,1.3227565376220614,1.503172677712529,41.00820850642375,31.993543327935605,50.02287368491189
2024,Persons,9,40-44,2938,1736938,2474,2118342,1.448317761033628,1.3728934544970246,1.5278857438314106,44.8317761033628,37.085854832872165,52.577697373853425
2024,Persons,10,45-49,3918,1546190,3442,1933577,1.4234826462282413,1.3597730903141687,1.4901771909935275,42.348264622824125,35.830337403824885,48.86619184182337
2024,Persons,11,50-54,6687,1731957,5611,1996841,1.3740338575569881,1.326131995225828,1.4236660064833395,37.403385755698814,32.52770845302948,42.27906305836815
2024,Persons,12,55-59,10088,1831280,8743,2030060,1.279082970439708,1.2429707131999943,1.3162444037453562,27.908297043970798,24.245113294698896,31.5714807932427
2024,Persons,13,60-64,13517,1717512,11998,1845267,1.2104055076455795,1.1810112382918219,1.2405313729764347,21.040550764557953,18.064843788188245,24.01625774092766
2024,Persons,14,65-69,18280,1438532,15532,1513110,1.2379405355091089,1.2117434351981118,1.2647039999899208,23.79405355091089,21.146227207272837,26.441879894548936
2024,Persons,15,70-74,25543,1259016,22044,1309292,1.20499922056223,1.1834813618658162,1.2269083133395495,20.499922056222996,18.32869197224074,22.67115214020525
2024,Persons,16,75-79,38575,1174702,34622,1259293,1.1944084406321747,1.1772024575822186,1.2118659062124368,19.440844063217465,17.707732449014447,21.173955677420487
2024,Persons,17,80-84,43760,740820,40286,802315,1.176400981571167,1.1605878140672095,1.1924296056424581,17.64009815711669,16.04805717482156,19.23213913941182
2024,Persons,18,85+,101400,687790,109214,796222,1.0748254900732188,1.065677519514157,1.0840519884831707,7.482549007321881,6.563836745853724,8.401261268790039
